<restaurantConfig><name>FL9IA4Cjzf</name><location><city>Sacramento</city><zipcode>92839</zipcode></location><currency>USD</currency><timezone>EST</timezone><menu /><employees><employee><name>UxVANIR9</name><position>Cashier</position><hourlyWage>18.22</hourlyWage></employee><employee><name>R91zKSyo</name><position>Manager</position><hourlyWage>18.51</hourlyWage></employee><employee><name>0jA0VV4O</name><position>Cashier</position><hourlyWage>12.64</hourlyWage></employee><employee><name>wwMYhhjK</name><position>Cook</position><hourlyWage>16.34</hourlyWage></employee><employee><name>LMnh4M7f</name><position>Cook</position><hourlyWage>8.94</hourlyWage></employee><employee><name>VAREY151</name><position>Waiter</position><hourlyWage>15.65</hourlyWage></employee><employee><name>RjfuFRwA</name><position>Manager</position><hourlyWage>18.76</hourlyWage></employee><employee><name>bmF2OeKf</name><position>Manager</position><hourlyWage>11.18</hourlyWage></employee><employee><name>IZbSmZkB</name><position>Waiter</position><hourlyWage>8.02</hourlyWage></employee><employee><name>hixiRunB</name><position>Waiter</position><hourlyWage>19.65</hourlyWage></employee></employees><operatingHours><day><name>Monday</name><openingTime>09:00</openingTime><closingTime>22:00</closingTime></day><day><name>Tuesday</name><openingTime>09:00</openingTime><closingTime>22:00</closingTime></day><day><name>Wednesday</name><openingTime>09:00</openingTime><closingTime>22:00</closingTime></day><day><name>Thursday</name><openingTime>09:00</openingTime><closingTime>22:00</closingTime></day><day><name>Friday</name><openingTime>09:00</openingTime><closingTime>22:00</closingTime></day><day><name>Saturday</name><openingTime>09:00</openingTime><closingTime>22:00</closingTime></day><day><name>Sunday</name><openingTime>09:00</openingTime><closingTime>22:00</closingTime></day></operatingHours><onlineOrdering>true</onlineOrdering><loyaltyProgramEnabled>false</loyaltyProgramEnabled><driveThruAvailable>true</driveThruAvailable><language>German</language><taxReference>sHygzxZF</taxReference><operations /></restaurantConfig>