<restaurantConfig><name>t8dSo2cySd</name><location><city>Colorado Springs</city><zipcode>47846</zipcode></location><currency>USD</currency><timezone>EST</timezone><menu><category><name>Chicken &amp; Sandwiches</name><item><name>Spicy McChicken</name><price>1.03</price></item><item><name>Buttermilk Crispy Chicken Sandwich</name><price>1.82</price></item><item><name>Artisan Grilled Chicken Sandwich</name><price>3.13</price></item><item><name>McChicken Deluxe</name><price>3.91</price></item></category><category><name>Snacks &amp; Sides</name><item><name>French Fries</name><price>3.35</price></item></category></menu><employees><employee><name>v1nTziSP</name><position>Cook</position><hourlyWage>10.55</hourlyWage></employee><employee><name>t0O6wHcP</name><position>Waiter</position><hourlyWage>19.28</hourlyWage></employee></employees><operatingHours><day><name>Monday</name><openingTime>09:00</openingTime><closingTime>22:00</closingTime></day><day><name>Tuesday</name><openingTime>09:00</openingTime><closingTime>22:00</closingTime></day><day><name>Wednesday</name><openingTime>09:00</openingTime><closingTime>22:00</closingTime></day><day><name>Thursday</name><openingTime>09:00</openingTime><closingTime>22:00</closingTime></day><day><name>Friday</name><openingTime>09:00</openingTime><closingTime>22:00</closingTime></day><day><name>Saturday</name><openingTime>09:00</openingTime><closingTime>22:00</closingTime></day><day><name>Sunday</name><openingTime>09:00</openingTime><closingTime>22:00</closingTime></day></operatingHours><onlineOrdering>true</onlineOrdering><loyaltyProgramEnabled>true</loyaltyProgramEnabled><driveThruAvailable>false</driveThruAvailable><language>French</language><taxReference>pQ4q1K7B</taxReference><operations /></restaurantConfig>