<restaurantConfig><name>6GE2xRB2OW</name><location><city>Virginia Beach</city><zipcode>72278</zipcode></location><currency>USD</currency><timezone>EST</timezone><menu><category><name>Salads</name><item><name>Bacon Ranch Salad</name><price>4.57</price></item></category></menu><employees><employee><name>vQOiXIMQ</name><position>Cook</position><hourlyWage>9.72</hourlyWage></employee><employee><name>fwd4xt1n</name><position>Cook</position><hourlyWage>8.37</hourlyWage></employee><employee><name>tP3kWswx</name><position>Cashier</position><hourlyWage>17.21</hourlyWage></employee><employee><name>pfXxciTj</name><position>Cashier</position><hourlyWage>12.06</hourlyWage></employee><employee><name>ypfKQkx9</name><position>Cook</position><hourlyWage>8.12</hourlyWage></employee><employee><name>yzzGd9Eg</name><position>Manager</position><hourlyWage>8.57</hourlyWage></employee></employees><operatingHours><day><name>Monday</name><openingTime>09:00</openingTime><closingTime>22:00</closingTime></day><day><name>Tuesday</name><openingTime>09:00</openingTime><closingTime>22:00</closingTime></day><day><name>Wednesday</name><openingTime>09:00</openingTime><closingTime>22:00</closingTime></day><day><name>Thursday</name><openingTime>09:00</openingTime><closingTime>22:00</closingTime></day><day><name>Friday</name><openingTime>09:00</openingTime><closingTime>22:00</closingTime></day><day><name>Saturday</name><openingTime>09:00</openingTime><closingTime>22:00</closingTime></day><day><name>Sunday</name><openingTime>09:00</openingTime><closingTime>22:00</closingTime></day></operatingHours><onlineOrdering>true</onlineOrdering><loyaltyProgramEnabled>false</loyaltyProgramEnabled><driveThruAvailable>false</driveThruAvailable><language>Spanish</language><taxReference>NtnuwvNs</taxReference><operations /></restaurantConfig>