<restaurantConfig><name>8amTSV15cU</name><location><city>New York</city><zipcode>82619</zipcode></location><currency>USD</currency><timezone>EST</timezone><menu><category><name>Salads</name><item><name>Bacon Ranch Salad</name><price>4.77</price></item><item><name>Side Salad</name><price>1.42</price></item><item><name>Southwest Grilled Chicken Salad</name><price>5.15</price></item></category><category><name>Breakfast</name><item><name>Sausage McMuffin</name><price>4.76</price></item><item><name>Egg McMuffin</name><price>2.75</price></item><item><name>Hotcakes</name><price>5.35</price></item><item><name>Hash Browns</name><price>1.1</price></item><item><name>Big Breakfast</name><price>3.11</price></item></category><category><name>Snacks &amp; Sides</name><item><name>McNuggets</name><price>1.86</price></item><item><name>Apple Slices</name><price>5.75</price></item><item><name>French Fries</name><price>2.97</price></item></category></menu><employees><employee><name>DhYILt6r</name><position>Waiter</position><hourlyWage>13.09</hourlyWage></employee><employee><name>UzHdXCF7</name><position>Cook</position><hourlyWage>17.27</hourlyWage></employee></employees><operatingHours><day><name>Monday</name><openingTime>09:00</openingTime><closingTime>22:00</closingTime></day><day><name>Tuesday</name><openingTime>09:00</openingTime><closingTime>22:00</closingTime></day><day><name>Wednesday</name><openingTime>09:00</openingTime><closingTime>22:00</closingTime></day><day><name>Thursday</name><openingTime>09:00</openingTime><closingTime>22:00</closingTime></day><day><name>Friday</name><openingTime>09:00</openingTime><closingTime>22:00</closingTime></day><day><name>Saturday</name><openingTime>09:00</openingTime><closingTime>22:00</closingTime></day><day><name>Sunday</name><openingTime>09:00</openingTime><closingTime>22:00</closingTime></day></operatingHours><onlineOrdering>true</onlineOrdering><loyaltyProgramEnabled>true</loyaltyProgramEnabled><driveThruAvailable>false</driveThruAvailable><language>French</language><taxReference>ZOmp3yhJ</taxReference><operations /></restaurantConfig>