<restaurantConfig><name>QZWyVLl62u</name><location><city>Tucson</city><zipcode>97232</zipcode></location><currency>USD</currency><timezone>EST</timezone><menu /><employees><employee><name>ThTZWnIR</name><position>Manager</position><hourlyWage>18.76</hourlyWage></employee><employee><name>ZloAKZw0</name><position>Manager</position><hourlyWage>10.85</hourlyWage></employee><employee><name>GY1sSBLK</name><position>Cook</position><hourlyWage>13.93</hourlyWage></employee><employee><name>s3gSvePb</name><position>Waiter</position><hourlyWage>18.18</hourlyWage></employee><employee><name>0LBXcxRE</name><position>Waiter</position><hourlyWage>18.79</hourlyWage></employee></employees><operatingHours><day><name>Monday</name><openingTime>09:00</openingTime><closingTime>22:00</closingTime></day><day><name>Tuesday</name><openingTime>09:00</openingTime><closingTime>22:00</closingTime></day><day><name>Wednesday</name><openingTime>09:00</openingTime><closingTime>22:00</closingTime></day><day><name>Thursday</name><openingTime>09:00</openingTime><closingTime>22:00</closingTime></day><day><name>Friday</name><openingTime>09:00</openingTime><closingTime>22:00</closingTime></day><day><name>Saturday</name><openingTime>09:00</openingTime><closingTime>22:00</closingTime></day><day><name>Sunday</name><openingTime>09:00</openingTime><closingTime>22:00</closingTime></day></operatingHours><onlineOrdering>true</onlineOrdering><loyaltyProgramEnabled>true</loyaltyProgramEnabled><driveThruAvailable>true</driveThruAvailable><language>English</language><taxReference>G8USau22</taxReference><operations /></restaurantConfig>