<restaurantConfig><name>qlqX0Z4gMg</name><location><city>Baltimore</city><zipcode>84979</zipcode></location><currency>USD</currency><timezone>EST</timezone><menu><category><name>Burgers</name><item><name>Filet-O-Fish</name><price>8.14</price></item><item><name>Quarter Pounder with Cheese</name><price>3.28</price></item></category><category><name>Chicken &amp; Sandwiches</name><item><name>McChicken Deluxe</name><price>7.11</price></item></category><category><name>Salads</name><item><name>Side Salad</name><price>1.35</price></item><item><name>Bacon Ranch Salad</name><price>8.58</price></item></category><category><name>Breakfast</name><item><name>Egg McMuffin</name><price>5.21</price></item><item><name>Big Breakfast</name><price>8.26</price></item><item><name>Hash Browns</name><price>1.87</price></item><item><name>Hotcakes</name><price>4.4</price></item></category><category><name>Snacks &amp; Sides</name><item><name>French Fries</name><price>4.02</price></item><item><name>Apple Slices</name><price>9.07</price></item></category></menu><employees><employee><name>ZzRhfvah</name><position>Cook</position><hourlyWage>12.42</hourlyWage></employee><employee><name>T83Q0c3b</name><position>Cashier</position><hourlyWage>19.78</hourlyWage></employee></employees><operatingHours><day><name>Monday</name><openingTime>09:00</openingTime><closingTime>22:00</closingTime></day><day><name>Tuesday</name><openingTime>09:00</openingTime><closingTime>22:00</closingTime></day><day><name>Wednesday</name><openingTime>09:00</openingTime><closingTime>22:00</closingTime></day><day><name>Thursday</name><openingTime>09:00</openingTime><closingTime>22:00</closingTime></day><day><name>Friday</name><openingTime>09:00</openingTime><closingTime>22:00</closingTime></day><day><name>Saturday</name><openingTime>09:00</openingTime><closingTime>22:00</closingTime></day><day><name>Sunday</name><openingTime>09:00</openingTime><closingTime>22:00</closingTime></day></operatingHours><onlineOrdering>true</onlineOrdering><loyaltyProgramEnabled>false</loyaltyProgramEnabled><driveThruAvailable>true</driveThruAvailable><language>Spanish</language><taxReference>QczTDSE7</taxReference><operations /></restaurantConfig>