<restaurantConfig><name>bOzV7wlPG3</name><location><city>Minneapolis</city><zipcode>64823</zipcode></location><currency>USD</currency><timezone>EST</timezone><menu><category><name>Burgers</name><item><name>Filet-O-Fish</name><price>4.02</price></item></category></menu><employees><employee><name>X3Ca55RC</name><position>Cook</position><hourlyWage>13.58</hourlyWage></employee><employee><name>xH3SZaxv</name><position>Manager</position><hourlyWage>17.8</hourlyWage></employee><employee><name>5X0vvZcd</name><position>Cashier</position><hourlyWage>19.54</hourlyWage></employee><employee><name>AcV7U7VO</name><position>Manager</position><hourlyWage>8.53</hourlyWage></employee><employee><name>XAqOrw60</name><position>Waiter</position><hourlyWage>12.58</hourlyWage></employee><employee><name>OS7fmpNV</name><position>Manager</position><hourlyWage>10.5</hourlyWage></employee><employee><name>5Sy4eSFG</name><position>Manager</position><hourlyWage>12.96</hourlyWage></employee></employees><operatingHours><day><name>Monday</name><openingTime>09:00</openingTime><closingTime>22:00</closingTime></day><day><name>Tuesday</name><openingTime>09:00</openingTime><closingTime>22:00</closingTime></day><day><name>Wednesday</name><openingTime>09:00</openingTime><closingTime>22:00</closingTime></day><day><name>Thursday</name><openingTime>09:00</openingTime><closingTime>22:00</closingTime></day><day><name>Friday</name><openingTime>09:00</openingTime><closingTime>22:00</closingTime></day><day><name>Saturday</name><openingTime>09:00</openingTime><closingTime>22:00</closingTime></day><day><name>Sunday</name><openingTime>09:00</openingTime><closingTime>22:00</closingTime></day></operatingHours><onlineOrdering>false</onlineOrdering><loyaltyProgramEnabled>false</loyaltyProgramEnabled><driveThruAvailable>true</driveThruAvailable><language>French</language><taxReference>ud7D9qgR</taxReference><operations /></restaurantConfig>