<restaurantConfig><name>kLNgmJtDZb</name><location><city>Chicago</city><zipcode>24389</zipcode></location><currency>USD</currency><timezone>EST</timezone><menu><category><name>Chicken &amp; Sandwiches</name><item><name>Buttermilk Crispy Chicken Sandwich</name><price>7.25</price></item><item><name>Artisan Grilled Chicken Sandwich</name><price>2.63</price></item><item><name>Spicy McChicken</name><price>4.2</price></item></category><category><name>Snacks &amp; Sides</name><item><name>Apple Slices</name><price>6.8</price></item></category></menu><employees><employee><name>mk5jrBEQ</name><position>Cook</position><hourlyWage>13.63</hourlyWage></employee><employee><name>P39x2zDd</name><position>Cashier</position><hourlyWage>15.38</hourlyWage></employee></employees><operatingHours><day><name>Monday</name><openingTime>09:00</openingTime><closingTime>22:00</closingTime></day><day><name>Tuesday</name><openingTime>09:00</openingTime><closingTime>22:00</closingTime></day><day><name>Wednesday</name><openingTime>09:00</openingTime><closingTime>22:00</closingTime></day><day><name>Thursday</name><openingTime>09:00</openingTime><closingTime>22:00</closingTime></day><day><name>Friday</name><openingTime>09:00</openingTime><closingTime>22:00</closingTime></day><day><name>Saturday</name><openingTime>09:00</openingTime><closingTime>22:00</closingTime></day><day><name>Sunday</name><openingTime>09:00</openingTime><closingTime>22:00</closingTime></day></operatingHours><onlineOrdering>false</onlineOrdering><loyaltyProgramEnabled>true</loyaltyProgramEnabled><driveThruAvailable>true</driveThruAvailable><language>German</language><taxReference>F6HAgpEM</taxReference><operations /></restaurantConfig>