<restaurantConfig><name>cswgH2WNtN</name><location><city>Albuquerque</city><zipcode>69592</zipcode></location><currency>USD</currency><timezone>EST</timezone><menu><category><name>Burgers</name><item><name>McDouble</name><price>3.84</price></item></category><category><name>Chicken &amp; Sandwiches</name><item><name>McChicken Deluxe</name><price>5.48</price></item><item><name>Artisan Grilled Chicken Sandwich</name><price>2.13</price></item><item><name>Buttermilk Crispy Chicken Sandwich</name><price>7.55</price></item><item><name>Spicy McChicken</name><price>9.52</price></item></category><category><name>Breakfast</name><item><name>Big Breakfast</name><price>8.5</price></item><item><name>Hash Browns</name><price>5.63</price></item></category><category><name>Snacks &amp; Sides</name><item><name>Apple Slices</name><price>4.92</price></item><item><name>French Fries</name><price>5.95</price></item></category></menu><employees><employee><name>eJmZAM36</name><position>Cashier</position><hourlyWage>19.83</hourlyWage></employee><employee><name>JqJ9G3Jy</name><position>Cashier</position><hourlyWage>17.86</hourlyWage></employee><employee><name>YhfzuqfJ</name><position>Cook</position><hourlyWage>8.49</hourlyWage></employee><employee><name>Ry4BEHd4</name><position>Cashier</position><hourlyWage>13.16</hourlyWage></employee><employee><name>QTpOMihW</name><position>Waiter</position><hourlyWage>9.0</hourlyWage></employee><employee><name>SUJvrdRR</name><position>Cook</position><hourlyWage>10.82</hourlyWage></employee><employee><name>ciZYVoyO</name><position>Cook</position><hourlyWage>17.15</hourlyWage></employee><employee><name>P1NXvtwZ</name><position>Waiter</position><hourlyWage>11.77</hourlyWage></employee><employee><name>NIf4iihK</name><position>Manager</position><hourlyWage>18.13</hourlyWage></employee></employees><operatingHours><day><name>Monday</name><openingTime>09:00</openingTime><closingTime>22:00</closingTime></day><day><name>Tuesday</name><openingTime>09:00</openingTime><closingTime>22:00</closingTime></day><day><name>Wednesday</name><openingTime>09:00</openingTime><closingTime>22:00</closingTime></day><day><name>Thursday</name><openingTime>09:00</openingTime><closingTime>22:00</closingTime></day><day><name>Friday</name><openingTime>09:00</openingTime><closingTime>22:00</closingTime></day><day><name>Saturday</name><openingTime>09:00</openingTime><closingTime>22:00</closingTime></day><day><name>Sunday</name><openingTime>09:00</openingTime><closingTime>22:00</closingTime></day></operatingHours><onlineOrdering>false</onlineOrdering><loyaltyProgramEnabled>true</loyaltyProgramEnabled><driveThruAvailable>false</driveThruAvailable><language>German</language><taxReference>6KupHhyP</taxReference><operations /></restaurantConfig>