<restaurantConfig><name>ZkqMJKLmgJ</name><location><city>Louisville</city><zipcode>29155</zipcode></location><currency>USD</currency><timezone>EST</timezone><menu><category><name>Burgers</name><item><name>McDouble</name><price>9.27</price></item><item><name>Big Mac</name><price>4.63</price></item><item><name>McChicken</name><price>8.04</price></item><item><name>Quarter Pounder with Cheese</name><price>5.69</price></item></category><category><name>Breakfast</name><item><name>Hotcakes</name><price>5.2</price></item><item><name>Egg McMuffin</name><price>1.36</price></item><item><name>Sausage McMuffin</name><price>5.92</price></item><item><name>Big Breakfast</name><price>8.55</price></item></category></menu><employees><employee><name>irpSWxLM</name><position>Waiter</position><hourlyWage>12.44</hourlyWage></employee></employees><operatingHours><day><name>Monday</name><openingTime>09:00</openingTime><closingTime>22:00</closingTime></day><day><name>Tuesday</name><openingTime>09:00</openingTime><closingTime>22:00</closingTime></day><day><name>Wednesday</name><openingTime>09:00</openingTime><closingTime>22:00</closingTime></day><day><name>Thursday</name><openingTime>09:00</openingTime><closingTime>22:00</closingTime></day><day><name>Friday</name><openingTime>09:00</openingTime><closingTime>22:00</closingTime></day><day><name>Saturday</name><openingTime>09:00</openingTime><closingTime>22:00</closingTime></day><day><name>Sunday</name><openingTime>09:00</openingTime><closingTime>22:00</closingTime></day></operatingHours><onlineOrdering>false</onlineOrdering><loyaltyProgramEnabled>true</loyaltyProgramEnabled><driveThruAvailable>true</driveThruAvailable><language>German</language><taxReference>b4D8T2Op</taxReference><operations /></restaurantConfig>