<restaurantConfig><name>EhsKF8ljWT</name><location><city>Tucson</city><zipcode>82065</zipcode></location><currency>USD</currency><timezone>EST</timezone><menu><category><name>Burgers</name><item><name>Quarter Pounder with Cheese</name><price>6.15</price></item><item><name>McChicken</name><price>2.73</price></item><item><name>McDouble</name><price>5.33</price></item><item><name>Big Mac</name><price>9.78</price></item><item><name>Filet-O-Fish</name><price>5.72</price></item></category><category><name>Chicken &amp; Sandwiches</name><item><name>Artisan Grilled Chicken Sandwich</name><price>8.73</price></item><item><name>Buttermilk Crispy Chicken Sandwich</name><price>3.92</price></item></category><category><name>Snacks &amp; Sides</name><item><name>Apple Slices</name><price>5.95</price></item></category></menu><employees><employee><name>y15FvlIr</name><position>Waiter</position><hourlyWage>10.22</hourlyWage></employee><employee><name>HHfLmFVG</name><position>Cashier</position><hourlyWage>12.29</hourlyWage></employee><employee><name>Xv4lzSSw</name><position>Cook</position><hourlyWage>13.54</hourlyWage></employee><employee><name>C8DZDgMW</name><position>Cook</position><hourlyWage>13.49</hourlyWage></employee><employee><name>i4wYoaR9</name><position>Manager</position><hourlyWage>13.71</hourlyWage></employee><employee><name>Lm11fZxo</name><position>Waiter</position><hourlyWage>14.2</hourlyWage></employee><employee><name>ODmqouYL</name><position>Waiter</position><hourlyWage>10.35</hourlyWage></employee><employee><name>pu1gwOJ4</name><position>Cook</position><hourlyWage>10.19</hourlyWage></employee><employee><name>jErwNlpw</name><position>Cook</position><hourlyWage>18.41</hourlyWage></employee><employee><name>HNpWTSZm</name><position>Cashier</position><hourlyWage>15.4</hourlyWage></employee></employees><operatingHours><day><name>Monday</name><openingTime>09:00</openingTime><closingTime>22:00</closingTime></day><day><name>Tuesday</name><openingTime>09:00</openingTime><closingTime>22:00</closingTime></day><day><name>Wednesday</name><openingTime>09:00</openingTime><closingTime>22:00</closingTime></day><day><name>Thursday</name><openingTime>09:00</openingTime><closingTime>22:00</closingTime></day><day><name>Friday</name><openingTime>09:00</openingTime><closingTime>22:00</closingTime></day><day><name>Saturday</name><openingTime>09:00</openingTime><closingTime>22:00</closingTime></day><day><name>Sunday</name><openingTime>09:00</openingTime><closingTime>22:00</closingTime></day></operatingHours><onlineOrdering>false</onlineOrdering><loyaltyProgramEnabled>true</loyaltyProgramEnabled><driveThruAvailable>false</driveThruAvailable><language>Spanish</language><taxReference>1h6t8qjR</taxReference><operations /></restaurantConfig>