<restaurantConfig><name>Y2rXGywWQx</name><location><city>Jacksonville</city><zipcode>67346</zipcode></location><currency>USD</currency><timezone>EST</timezone><menu><category><name>Burgers</name><item><name>McChicken</name><price>9.45</price></item><item><name>Big Mac</name><price>7.04</price></item><item><name>McDouble</name><price>3.32</price></item></category><category><name>Chicken &amp; Sandwiches</name><item><name>Spicy McChicken</name><price>7.05</price></item></category><category><name>Breakfast</name><item><name>Big Breakfast</name><price>4.68</price></item><item><name>Egg McMuffin</name><price>7.91</price></item><item><name>Hash Browns</name><price>3.66</price></item><item><name>Sausage McMuffin</name><price>9.84</price></item><item><name>Hotcakes</name><price>7.67</price></item></category><category><name>Snacks &amp; Sides</name><item><name>French Fries</name><price>3.98</price></item><item><name>Apple Slices</name><price>2.94</price></item><item><name>McNuggets</name><price>9.91</price></item></category></menu><employees><employee><name>0TABc3ty</name><position>Cook</position><hourlyWage>9.0</hourlyWage></employee><employee><name>uq9OC92e</name><position>Manager</position><hourlyWage>18.53</hourlyWage></employee><employee><name>tDk4quHm</name><position>Cook</position><hourlyWage>12.7</hourlyWage></employee><employee><name>qmNcH92N</name><position>Manager</position><hourlyWage>8.09</hourlyWage></employee><employee><name>PHLE9ksd</name><position>Manager</position><hourlyWage>18.05</hourlyWage></employee><employee><name>2XtjWiNK</name><position>Waiter</position><hourlyWage>16.3</hourlyWage></employee></employees><operatingHours><day><name>Monday</name><openingTime>09:00</openingTime><closingTime>22:00</closingTime></day><day><name>Tuesday</name><openingTime>09:00</openingTime><closingTime>22:00</closingTime></day><day><name>Wednesday</name><openingTime>09:00</openingTime><closingTime>22:00</closingTime></day><day><name>Thursday</name><openingTime>09:00</openingTime><closingTime>22:00</closingTime></day><day><name>Friday</name><openingTime>09:00</openingTime><closingTime>22:00</closingTime></day><day><name>Saturday</name><openingTime>09:00</openingTime><closingTime>22:00</closingTime></day><day><name>Sunday</name><openingTime>09:00</openingTime><closingTime>22:00</closingTime></day></operatingHours><onlineOrdering>false</onlineOrdering><loyaltyProgramEnabled>true</loyaltyProgramEnabled><driveThruAvailable>true</driveThruAvailable><language>Spanish</language><taxReference>CdYSGN4L</taxReference><operations /></restaurantConfig>