<restaurantConfig><name>GjcWT7ygvY</name><location><city>Virginia Beach</city><zipcode>84669</zipcode></location><currency>USD</currency><timezone>EST</timezone><menu><category><name>Burgers</name><item><name>McChicken</name><price>1.76</price></item><item><name>Quarter Pounder with Cheese</name><price>7.37</price></item><item><name>Filet-O-Fish</name><price>5.51</price></item></category><category><name>Chicken &amp; Sandwiches</name><item><name>Buttermilk Crispy Chicken Sandwich</name><price>6.04</price></item><item><name>Spicy McChicken</name><price>2.98</price></item></category></menu><employees><employee><name>BK4znApf</name><position>Manager</position><hourlyWage>18.18</hourlyWage></employee></employees><operatingHours><day><name>Monday</name><openingTime>09:00</openingTime><closingTime>22:00</closingTime></day><day><name>Tuesday</name><openingTime>09:00</openingTime><closingTime>22:00</closingTime></day><day><name>Wednesday</name><openingTime>09:00</openingTime><closingTime>22:00</closingTime></day><day><name>Thursday</name><openingTime>09:00</openingTime><closingTime>22:00</closingTime></day><day><name>Friday</name><openingTime>09:00</openingTime><closingTime>22:00</closingTime></day><day><name>Saturday</name><openingTime>09:00</openingTime><closingTime>22:00</closingTime></day><day><name>Sunday</name><openingTime>09:00</openingTime><closingTime>22:00</closingTime></day></operatingHours><onlineOrdering>true</onlineOrdering><loyaltyProgramEnabled>false</loyaltyProgramEnabled><driveThruAvailable>false</driveThruAvailable><language>French</language><taxReference>2yKuO1H0</taxReference><operations /></restaurantConfig>