<restaurantConfig><name>NZbsYRuc8n</name><location><city>Raleigh</city><zipcode>74062</zipcode></location><currency>USD</currency><timezone>EST</timezone><menu><category><name>Breakfast</name><item><name>Hotcakes</name><price>3.26</price></item><item><name>Big Breakfast</name><price>8.98</price></item><item><name>Sausage McMuffin</name><price>9.81</price></item></category><category><name>Snacks &amp; Sides</name><item><name>Apple Slices</name><price>1.09</price></item><item><name>McNuggets</name><price>7.92</price></item><item><name>French Fries</name><price>8.57</price></item></category></menu><employees><employee><name>hU9FpXHW</name><position>Cashier</position><hourlyWage>13.86</hourlyWage></employee><employee><name>2FNHl2t2</name><position>Manager</position><hourlyWage>13.1</hourlyWage></employee><employee><name>MZHmpFu9</name><position>Waiter</position><hourlyWage>12.99</hourlyWage></employee><employee><name>QMux3XHQ</name><position>Manager</position><hourlyWage>10.57</hourlyWage></employee><employee><name>3CgCOJzP</name><position>Cook</position><hourlyWage>8.07</hourlyWage></employee><employee><name>QTfshCbz</name><position>Cook</position><hourlyWage>19.5</hourlyWage></employee><employee><name>u7SGedUH</name><position>Cashier</position><hourlyWage>19.39</hourlyWage></employee><employee><name>G8GHvTwr</name><position>Cashier</position><hourlyWage>8.86</hourlyWage></employee><employee><name>LAdZHxRD</name><position>Cashier</position><hourlyWage>17.36</hourlyWage></employee></employees><operatingHours><day><name>Monday</name><openingTime>09:00</openingTime><closingTime>22:00</closingTime></day><day><name>Tuesday</name><openingTime>09:00</openingTime><closingTime>22:00</closingTime></day><day><name>Wednesday</name><openingTime>09:00</openingTime><closingTime>22:00</closingTime></day><day><name>Thursday</name><openingTime>09:00</openingTime><closingTime>22:00</closingTime></day><day><name>Friday</name><openingTime>09:00</openingTime><closingTime>22:00</closingTime></day><day><name>Saturday</name><openingTime>09:00</openingTime><closingTime>22:00</closingTime></day><day><name>Sunday</name><openingTime>09:00</openingTime><closingTime>22:00</closingTime></day></operatingHours><onlineOrdering>false</onlineOrdering><loyaltyProgramEnabled>false</loyaltyProgramEnabled><driveThruAvailable>true</driveThruAvailable><language>English</language><taxReference>LIu97Q8e</taxReference><operations /></restaurantConfig>