<restaurantConfig><name>zUpvwVJkLQ</name><location><city>Fresno</city><zipcode>59717</zipcode></location><currency>USD</currency><timezone>EST</timezone><menu><category><name>Burgers</name><item><name>Filet-O-Fish</name><price>9.6</price></item></category><category><name>Salads</name><item><name>Side Salad</name><price>3.43</price></item></category><category><name>Breakfast</name><item><name>Hotcakes</name><price>3.53</price></item><item><name>Sausage McMuffin</name><price>4.7</price></item><item><name>Egg McMuffin</name><price>7.25</price></item><item><name>Hash Browns</name><price>1.54</price></item><item><name>Big Breakfast</name><price>2.03</price></item></category></menu><employees><employee><name>oepNzMtb</name><position>Cashier</position><hourlyWage>13.89</hourlyWage></employee><employee><name>ziRUJW3l</name><position>Cashier</position><hourlyWage>19.42</hourlyWage></employee><employee><name>ymZDB0ZS</name><position>Manager</position><hourlyWage>16.59</hourlyWage></employee><employee><name>2j4Sgt7a</name><position>Cook</position><hourlyWage>8.1</hourlyWage></employee><employee><name>AFFCpRay</name><position>Cook</position><hourlyWage>17.8</hourlyWage></employee><employee><name>sJcVBqTP</name><position>Manager</position><hourlyWage>13.73</hourlyWage></employee><employee><name>OxD9A7Qc</name><position>Cashier</position><hourlyWage>16.96</hourlyWage></employee><employee><name>UlrMzwhF</name><position>Cashier</position><hourlyWage>14.04</hourlyWage></employee><employee><name>dDSwxoO0</name><position>Manager</position><hourlyWage>17.76</hourlyWage></employee></employees><operatingHours><day><name>Monday</name><openingTime>09:00</openingTime><closingTime>22:00</closingTime></day><day><name>Tuesday</name><openingTime>09:00</openingTime><closingTime>22:00</closingTime></day><day><name>Wednesday</name><openingTime>09:00</openingTime><closingTime>22:00</closingTime></day><day><name>Thursday</name><openingTime>09:00</openingTime><closingTime>22:00</closingTime></day><day><name>Friday</name><openingTime>09:00</openingTime><closingTime>22:00</closingTime></day><day><name>Saturday</name><openingTime>09:00</openingTime><closingTime>22:00</closingTime></day><day><name>Sunday</name><openingTime>09:00</openingTime><closingTime>22:00</closingTime></day></operatingHours><onlineOrdering>false</onlineOrdering><loyaltyProgramEnabled>false</loyaltyProgramEnabled><driveThruAvailable>false</driveThruAvailable><language>German</language><taxReference>BaBqXkTL</taxReference><operations /></restaurantConfig>