<restaurantConfig><name>bAoE0GkG9V</name><location><city>Minneapolis</city><zipcode>83896</zipcode></location><currency>USD</currency><timezone>EST</timezone><menu><category><name>Burgers</name><item><name>McChicken</name><price>3.37</price></item></category><category><name>Salads</name><item><name>Side Salad</name><price>6.25</price></item><item><name>Southwest Grilled Chicken Salad</name><price>3.6</price></item><item><name>Bacon Ranch Salad</name><price>1.43</price></item></category><category><name>Breakfast</name><item><name>Hotcakes</name><price>6.92</price></item><item><name>Hash Browns</name><price>7.76</price></item><item><name>Sausage McMuffin</name><price>1.52</price></item></category></menu><employees><employee><name>bE7sLcUB</name><position>Manager</position><hourlyWage>8.79</hourlyWage></employee></employees><operatingHours><day><name>Monday</name><openingTime>09:00</openingTime><closingTime>22:00</closingTime></day><day><name>Tuesday</name><openingTime>09:00</openingTime><closingTime>22:00</closingTime></day><day><name>Wednesday</name><openingTime>09:00</openingTime><closingTime>22:00</closingTime></day><day><name>Thursday</name><openingTime>09:00</openingTime><closingTime>22:00</closingTime></day><day><name>Friday</name><openingTime>09:00</openingTime><closingTime>22:00</closingTime></day><day><name>Saturday</name><openingTime>09:00</openingTime><closingTime>22:00</closingTime></day><day><name>Sunday</name><openingTime>09:00</openingTime><closingTime>22:00</closingTime></day></operatingHours><onlineOrdering>false</onlineOrdering><loyaltyProgramEnabled>false</loyaltyProgramEnabled><driveThruAvailable>true</driveThruAvailable><language>French</language><taxReference>vIyPcxGN</taxReference><operations /></restaurantConfig>