<restaurantConfig><name>OlLfUfn4cH</name><location><city>Memphis</city><zipcode>81415</zipcode></location><currency>USD</currency><timezone>EST</timezone><menu><category><name>Burgers</name><item><name>Quarter Pounder with Cheese</name><price>8.4</price></item><item><name>McDouble</name><price>8.7</price></item></category><category><name>Salads</name><item><name>Bacon Ranch Salad</name><price>7.67</price></item><item><name>Southwest Grilled Chicken Salad</name><price>5.46</price></item></category><category><name>Breakfast</name><item><name>Hash Browns</name><price>6.08</price></item><item><name>Egg McMuffin</name><price>1.73</price></item><item><name>Hotcakes</name><price>5.24</price></item></category><category><name>Snacks &amp; Sides</name><item><name>McNuggets</name><price>6.83</price></item><item><name>Apple Slices</name><price>6.29</price></item><item><name>French Fries</name><price>1.95</price></item></category></menu><employees><employee><name>6qgTnm7h</name><position>Cashier</position><hourlyWage>8.59</hourlyWage></employee><employee><name>Aho4qVSD</name><position>Cook</position><hourlyWage>18.43</hourlyWage></employee><employee><name>LbmP9ETD</name><position>Waiter</position><hourlyWage>16.94</hourlyWage></employee><employee><name>EQtNpSUn</name><position>Cook</position><hourlyWage>16.13</hourlyWage></employee><employee><name>6nOVPJeT</name><position>Waiter</position><hourlyWage>15.69</hourlyWage></employee><employee><name>3narOcFU</name><position>Waiter</position><hourlyWage>18.53</hourlyWage></employee><employee><name>9z5rzZ2R</name><position>Cook</position><hourlyWage>9.62</hourlyWage></employee></employees><operatingHours><day><name>Monday</name><openingTime>09:00</openingTime><closingTime>22:00</closingTime></day><day><name>Tuesday</name><openingTime>09:00</openingTime><closingTime>22:00</closingTime></day><day><name>Wednesday</name><openingTime>09:00</openingTime><closingTime>22:00</closingTime></day><day><name>Thursday</name><openingTime>09:00</openingTime><closingTime>22:00</closingTime></day><day><name>Friday</name><openingTime>09:00</openingTime><closingTime>22:00</closingTime></day><day><name>Saturday</name><openingTime>09:00</openingTime><closingTime>22:00</closingTime></day><day><name>Sunday</name><openingTime>09:00</openingTime><closingTime>22:00</closingTime></day></operatingHours><onlineOrdering>false</onlineOrdering><loyaltyProgramEnabled>true</loyaltyProgramEnabled><driveThruAvailable>true</driveThruAvailable><language>French</language><taxReference>t1PhGSSS</taxReference><operations /></restaurantConfig>