<restaurantConfig><name>BK4RCjdplK</name><location><city>Portland</city><zipcode>14771</zipcode></location><currency>USD</currency><timezone>EST</timezone><menu><category><name>Burgers</name><item><name>Filet-O-Fish</name><price>5.07</price></item><item><name>McDouble</name><price>7.69</price></item></category><category><name>Chicken &amp; Sandwiches</name><item><name>Spicy McChicken</name><price>3.87</price></item><item><name>Artisan Grilled Chicken Sandwich</name><price>8.13</price></item></category><category><name>Breakfast</name><item><name>Hash Browns</name><price>4.72</price></item><item><name>Egg McMuffin</name><price>8.62</price></item><item><name>Big Breakfast</name><price>4.41</price></item></category><category><name>Snacks &amp; Sides</name><item><name>McNuggets</name><price>9.05</price></item><item><name>Apple Slices</name><price>3.19</price></item><item><name>French Fries</name><price>7.08</price></item></category></menu><employees><employee><name>wlMQRS51</name><position>Manager</position><hourlyWage>13.65</hourlyWage></employee><employee><name>uQ7gC7GB</name><position>Waiter</position><hourlyWage>10.2</hourlyWage></employee><employee><name>BdMohmGh</name><position>Cashier</position><hourlyWage>12.99</hourlyWage></employee><employee><name>02w8BsNN</name><position>Waiter</position><hourlyWage>10.43</hourlyWage></employee><employee><name>A4njjwi2</name><position>Waiter</position><hourlyWage>9.14</hourlyWage></employee><employee><name>bQCfAQTZ</name><position>Waiter</position><hourlyWage>10.82</hourlyWage></employee><employee><name>coLg4srd</name><position>Waiter</position><hourlyWage>9.95</hourlyWage></employee></employees><operatingHours><day><name>Monday</name><openingTime>09:00</openingTime><closingTime>22:00</closingTime></day><day><name>Tuesday</name><openingTime>09:00</openingTime><closingTime>22:00</closingTime></day><day><name>Wednesday</name><openingTime>09:00</openingTime><closingTime>22:00</closingTime></day><day><name>Thursday</name><openingTime>09:00</openingTime><closingTime>22:00</closingTime></day><day><name>Friday</name><openingTime>09:00</openingTime><closingTime>22:00</closingTime></day><day><name>Saturday</name><openingTime>09:00</openingTime><closingTime>22:00</closingTime></day><day><name>Sunday</name><openingTime>09:00</openingTime><closingTime>22:00</closingTime></day></operatingHours><onlineOrdering>true</onlineOrdering><loyaltyProgramEnabled>false</loyaltyProgramEnabled><driveThruAvailable>false</driveThruAvailable><language>English</language><taxReference>QMMDUP88</taxReference><operations /></restaurantConfig>