<restaurantConfig><name>BWK6DYZcjX</name><location><city>Phoenix</city><zipcode>36013</zipcode></location><currency>USD</currency><timezone>EST</timezone><menu><category><name>Burgers</name><item><name>Big Mac</name><price>9.24</price></item></category><category><name>Breakfast</name><item><name>Hash Browns</name><price>6.33</price></item></category><category><name>Snacks &amp; Sides</name><item><name>Apple Slices</name><price>8.22</price></item><item><name>McNuggets</name><price>1.61</price></item></category></menu><employees><employee><name>7RksC2ue</name><position>Cashier</position><hourlyWage>9.69</hourlyWage></employee><employee><name>MCM5kkje</name><position>Manager</position><hourlyWage>16.92</hourlyWage></employee></employees><operatingHours><day><name>Monday</name><openingTime>09:00</openingTime><closingTime>22:00</closingTime></day><day><name>Tuesday</name><openingTime>09:00</openingTime><closingTime>22:00</closingTime></day><day><name>Wednesday</name><openingTime>09:00</openingTime><closingTime>22:00</closingTime></day><day><name>Thursday</name><openingTime>09:00</openingTime><closingTime>22:00</closingTime></day><day><name>Friday</name><openingTime>09:00</openingTime><closingTime>22:00</closingTime></day><day><name>Saturday</name><openingTime>09:00</openingTime><closingTime>22:00</closingTime></day><day><name>Sunday</name><openingTime>09:00</openingTime><closingTime>22:00</closingTime></day></operatingHours><onlineOrdering>true</onlineOrdering><loyaltyProgramEnabled>false</loyaltyProgramEnabled><driveThruAvailable>true</driveThruAvailable><language>Spanish</language><taxReference>ndxtgcQR</taxReference><operations /></restaurantConfig>