<restaurantConfig><name>Dx9bUF8aPF</name><location><city>Miami</city><zipcode>61362</zipcode></location><currency>USD</currency><timezone>EST</timezone><menu><category><name>Chicken &amp; Sandwiches</name><item><name>Spicy McChicken</name><price>7.41</price></item><item><name>Buttermilk Crispy Chicken Sandwich</name><price>6.38</price></item></category><category><name>Salads</name><item><name>Side Salad</name><price>6.36</price></item><item><name>Bacon Ranch Salad</name><price>2.46</price></item></category><category><name>Snacks &amp; Sides</name><item><name>McNuggets</name><price>1.18</price></item><item><name>French Fries</name><price>7.14</price></item></category></menu><employees><employee><name>Mv3QSBBj</name><position>Cashier</position><hourlyWage>14.01</hourlyWage></employee><employee><name>c0aDI0uT</name><position>Cashier</position><hourlyWage>11.26</hourlyWage></employee><employee><name>VgVWe6fT</name><position>Cook</position><hourlyWage>19.23</hourlyWage></employee><employee><name>t948B6zW</name><position>Cook</position><hourlyWage>16.94</hourlyWage></employee><employee><name>dPhw7TWe</name><position>Cashier</position><hourlyWage>18.28</hourlyWage></employee></employees><operatingHours><day><name>Monday</name><openingTime>09:00</openingTime><closingTime>22:00</closingTime></day><day><name>Tuesday</name><openingTime>09:00</openingTime><closingTime>22:00</closingTime></day><day><name>Wednesday</name><openingTime>09:00</openingTime><closingTime>22:00</closingTime></day><day><name>Thursday</name><openingTime>09:00</openingTime><closingTime>22:00</closingTime></day><day><name>Friday</name><openingTime>09:00</openingTime><closingTime>22:00</closingTime></day><day><name>Saturday</name><openingTime>09:00</openingTime><closingTime>22:00</closingTime></day><day><name>Sunday</name><openingTime>09:00</openingTime><closingTime>22:00</closingTime></day></operatingHours><onlineOrdering>false</onlineOrdering><loyaltyProgramEnabled>false</loyaltyProgramEnabled><driveThruAvailable>false</driveThruAvailable><language>French</language><taxReference>bJ176MjC</taxReference><operations /></restaurantConfig>