<restaurantConfig><name>Llda0CYq8j</name><location><city>Boston</city><zipcode>21644</zipcode></location><currency>USD</currency><timezone>EST</timezone><menu><category><name>Breakfast</name><item><name>Egg McMuffin</name><price>6.67</price></item></category></menu><employees><employee><name>nmU22gAW</name><position>Cook</position><hourlyWage>9.67</hourlyWage></employee><employee><name>LcDdgWbz</name><position>Cook</position><hourlyWage>16.35</hourlyWage></employee><employee><name>6CGhaD6W</name><position>Waiter</position><hourlyWage>8.92</hourlyWage></employee><employee><name>ilbG3beM</name><position>Cashier</position><hourlyWage>14.63</hourlyWage></employee><employee><name>R6XR5kZc</name><position>Cook</position><hourlyWage>17.35</hourlyWage></employee><employee><name>Br9vrNNy</name><position>Waiter</position><hourlyWage>18.7</hourlyWage></employee><employee><name>sfTxAosN</name><position>Cook</position><hourlyWage>9.75</hourlyWage></employee><employee><name>Qi9GTfaQ</name><position>Cook</position><hourlyWage>17.03</hourlyWage></employee><employee><name>2pmemim1</name><position>Cashier</position><hourlyWage>8.85</hourlyWage></employee><employee><name>gpRC6FHS</name><position>Cook</position><hourlyWage>11.53</hourlyWage></employee></employees><operatingHours><day><name>Monday</name><openingTime>09:00</openingTime><closingTime>22:00</closingTime></day><day><name>Tuesday</name><openingTime>09:00</openingTime><closingTime>22:00</closingTime></day><day><name>Wednesday</name><openingTime>09:00</openingTime><closingTime>22:00</closingTime></day><day><name>Thursday</name><openingTime>09:00</openingTime><closingTime>22:00</closingTime></day><day><name>Friday</name><openingTime>09:00</openingTime><closingTime>22:00</closingTime></day><day><name>Saturday</name><openingTime>09:00</openingTime><closingTime>22:00</closingTime></day><day><name>Sunday</name><openingTime>09:00</openingTime><closingTime>22:00</closingTime></day></operatingHours><onlineOrdering>false</onlineOrdering><loyaltyProgramEnabled>false</loyaltyProgramEnabled><driveThruAvailable>false</driveThruAvailable><language>German</language><taxReference>euh9GAoX</taxReference><operations /></restaurantConfig>