<restaurantConfig><name>FJNsJrcx82</name><location><city>New York</city><zipcode>39188</zipcode></location><currency>USD</currency><timezone>EST</timezone><menu><category><name>Salads</name><item><name>Side Salad</name><price>1.72</price></item></category><category><name>Snacks &amp; Sides</name><item><name>Apple Slices</name><price>1.18</price></item><item><name>McNuggets</name><price>7.32</price></item><item><name>French Fries</name><price>2.41</price></item></category></menu><employees><employee><name>QhYxBXXB</name><position>Manager</position><hourlyWage>8.21</hourlyWage></employee><employee><name>0Fkk3HgG</name><position>Cashier</position><hourlyWage>11.41</hourlyWage></employee><employee><name>H76TNf7H</name><position>Manager</position><hourlyWage>16.1</hourlyWage></employee><employee><name>xokkxiCB</name><position>Waiter</position><hourlyWage>13.35</hourlyWage></employee><employee><name>3XoROfjb</name><position>Cook</position><hourlyWage>9.44</hourlyWage></employee><employee><name>qLYM3cGk</name><position>Manager</position><hourlyWage>8.53</hourlyWage></employee><employee><name>crcdycOE</name><position>Manager</position><hourlyWage>10.85</hourlyWage></employee></employees><operatingHours><day><name>Monday</name><openingTime>09:00</openingTime><closingTime>22:00</closingTime></day><day><name>Tuesday</name><openingTime>09:00</openingTime><closingTime>22:00</closingTime></day><day><name>Wednesday</name><openingTime>09:00</openingTime><closingTime>22:00</closingTime></day><day><name>Thursday</name><openingTime>09:00</openingTime><closingTime>22:00</closingTime></day><day><name>Friday</name><openingTime>09:00</openingTime><closingTime>22:00</closingTime></day><day><name>Saturday</name><openingTime>09:00</openingTime><closingTime>22:00</closingTime></day><day><name>Sunday</name><openingTime>09:00</openingTime><closingTime>22:00</closingTime></day></operatingHours><onlineOrdering>true</onlineOrdering><loyaltyProgramEnabled>true</loyaltyProgramEnabled><driveThruAvailable>true</driveThruAvailable><language>English</language><taxReference>jSeLcEqq</taxReference><operations /></restaurantConfig>