<restaurantConfig><name>Ct7vVVxS2j</name><location><city>Mesa</city><zipcode>77099</zipcode></location><currency>USD</currency><timezone>EST</timezone><menu><category><name>Chicken &amp; Sandwiches</name><item><name>McChicken Deluxe</name><price>1.63</price></item></category><category><name>Breakfast</name><item><name>Hash Browns</name><price>7.02</price></item></category><category><name>Snacks &amp; Sides</name><item><name>Apple Slices</name><price>8.87</price></item><item><name>McNuggets</name><price>3.89</price></item><item><name>French Fries</name><price>7.34</price></item></category></menu><employees><employee><name>Xfjjh011</name><position>Waiter</position><hourlyWage>12.36</hourlyWage></employee><employee><name>VURohkhG</name><position>Waiter</position><hourlyWage>17.84</hourlyWage></employee><employee><name>2wPyrJ4B</name><position>Manager</position><hourlyWage>19.81</hourlyWage></employee><employee><name>MZC4CamI</name><position>Waiter</position><hourlyWage>11.72</hourlyWage></employee><employee><name>hFYkwpRg</name><position>Cook</position><hourlyWage>12.52</hourlyWage></employee><employee><name>0lKiG1RR</name><position>Cashier</position><hourlyWage>10.81</hourlyWage></employee><employee><name>O2bWZyY9</name><position>Waiter</position><hourlyWage>13.56</hourlyWage></employee></employees><operatingHours><day><name>Monday</name><openingTime>09:00</openingTime><closingTime>22:00</closingTime></day><day><name>Tuesday</name><openingTime>09:00</openingTime><closingTime>22:00</closingTime></day><day><name>Wednesday</name><openingTime>09:00</openingTime><closingTime>22:00</closingTime></day><day><name>Thursday</name><openingTime>09:00</openingTime><closingTime>22:00</closingTime></day><day><name>Friday</name><openingTime>09:00</openingTime><closingTime>22:00</closingTime></day><day><name>Saturday</name><openingTime>09:00</openingTime><closingTime>22:00</closingTime></day><day><name>Sunday</name><openingTime>09:00</openingTime><closingTime>22:00</closingTime></day></operatingHours><onlineOrdering>true</onlineOrdering><loyaltyProgramEnabled>true</loyaltyProgramEnabled><driveThruAvailable>true</driveThruAvailable><language>German</language><taxReference>pmD8HVWZ</taxReference><operations /></restaurantConfig>