<restaurantConfig><name>eXE23BLT2D</name><location><city>Denver</city><zipcode>93937</zipcode></location><currency>USD</currency><timezone>EST</timezone><menu><category><name>Burgers</name><item><name>Big Mac</name><price>2.58</price></item><item><name>Filet-O-Fish</name><price>8.74</price></item><item><name>Quarter Pounder with Cheese</name><price>2.99</price></item></category><category><name>Chicken &amp; Sandwiches</name><item><name>McChicken Deluxe</name><price>6.43</price></item></category><category><name>Salads</name><item><name>Bacon Ranch Salad</name><price>9.56</price></item><item><name>Side Salad</name><price>1.27</price></item></category><category><name>Breakfast</name><item><name>Hotcakes</name><price>1.5</price></item><item><name>Egg McMuffin</name><price>1.21</price></item></category></menu><employees><employee><name>qFvhkTvq</name><position>Cashier</position><hourlyWage>8.91</hourlyWage></employee><employee><name>I5zVPDRH</name><position>Cashier</position><hourlyWage>19.1</hourlyWage></employee><employee><name>rVOGSKcR</name><position>Waiter</position><hourlyWage>11.97</hourlyWage></employee></employees><operatingHours><day><name>Monday</name><openingTime>09:00</openingTime><closingTime>22:00</closingTime></day><day><name>Tuesday</name><openingTime>09:00</openingTime><closingTime>22:00</closingTime></day><day><name>Wednesday</name><openingTime>09:00</openingTime><closingTime>22:00</closingTime></day><day><name>Thursday</name><openingTime>09:00</openingTime><closingTime>22:00</closingTime></day><day><name>Friday</name><openingTime>09:00</openingTime><closingTime>22:00</closingTime></day><day><name>Saturday</name><openingTime>09:00</openingTime><closingTime>22:00</closingTime></day><day><name>Sunday</name><openingTime>09:00</openingTime><closingTime>22:00</closingTime></day></operatingHours><onlineOrdering>true</onlineOrdering><loyaltyProgramEnabled>false</loyaltyProgramEnabled><driveThruAvailable>false</driveThruAvailable><language>Spanish</language><taxReference>ReDYM3P1</taxReference><operations /></restaurantConfig>