<restaurantConfig><name>nMGFpl0xLz</name><location><city>Albuquerque</city><zipcode>94168</zipcode></location><currency>USD</currency><timezone>EST</timezone><menu><category><name>Burgers</name><item><name>McDouble</name><price>9.93</price></item><item><name>McChicken</name><price>3.15</price></item><item><name>Quarter Pounder with Cheese</name><price>5.42</price></item><item><name>Filet-O-Fish</name><price>3.91</price></item><item><name>Big Mac</name><price>4.59</price></item></category><category><name>Salads</name><item><name>Southwest Grilled Chicken Salad</name><price>4.57</price></item></category><category><name>Breakfast</name><item><name>Hotcakes</name><price>6.58</price></item><item><name>Hash Browns</name><price>8.02</price></item></category></menu><employees><employee><name>UgEHS1Yb</name><position>Manager</position><hourlyWage>8.27</hourlyWage></employee></employees><operatingHours><day><name>Monday</name><openingTime>09:00</openingTime><closingTime>22:00</closingTime></day><day><name>Tuesday</name><openingTime>09:00</openingTime><closingTime>22:00</closingTime></day><day><name>Wednesday</name><openingTime>09:00</openingTime><closingTime>22:00</closingTime></day><day><name>Thursday</name><openingTime>09:00</openingTime><closingTime>22:00</closingTime></day><day><name>Friday</name><openingTime>09:00</openingTime><closingTime>22:00</closingTime></day><day><name>Saturday</name><openingTime>09:00</openingTime><closingTime>22:00</closingTime></day><day><name>Sunday</name><openingTime>09:00</openingTime><closingTime>22:00</closingTime></day></operatingHours><onlineOrdering>false</onlineOrdering><loyaltyProgramEnabled>false</loyaltyProgramEnabled><driveThruAvailable>false</driveThruAvailable><language>English</language><taxReference>N9GF1s4H</taxReference><operations /></restaurantConfig>