<restaurantConfig><name>DqRACqyWU5</name><location><city>Baltimore</city><zipcode>96917</zipcode></location><currency>USD</currency><timezone>EST</timezone><menu><category><name>Burgers</name><item><name>McChicken</name><price>8.5</price></item></category><category><name>Chicken &amp; Sandwiches</name><item><name>Spicy McChicken</name><price>5.47</price></item><item><name>Buttermilk Crispy Chicken Sandwich</name><price>8.22</price></item><item><name>McChicken Deluxe</name><price>1.2</price></item></category><category><name>Breakfast</name><item><name>Hotcakes</name><price>2.21</price></item></category><category><name>Snacks &amp; Sides</name><item><name>McNuggets</name><price>4.58</price></item><item><name>French Fries</name><price>9.69</price></item></category></menu><employees><employee><name>Deb5Kapr</name><position>Waiter</position><hourlyWage>13.95</hourlyWage></employee><employee><name>uhsMjXjW</name><position>Waiter</position><hourlyWage>9.08</hourlyWage></employee><employee><name>jdjmE6Ty</name><position>Manager</position><hourlyWage>17.98</hourlyWage></employee></employees><operatingHours><day><name>Monday</name><openingTime>09:00</openingTime><closingTime>22:00</closingTime></day><day><name>Tuesday</name><openingTime>09:00</openingTime><closingTime>22:00</closingTime></day><day><name>Wednesday</name><openingTime>09:00</openingTime><closingTime>22:00</closingTime></day><day><name>Thursday</name><openingTime>09:00</openingTime><closingTime>22:00</closingTime></day><day><name>Friday</name><openingTime>09:00</openingTime><closingTime>22:00</closingTime></day><day><name>Saturday</name><openingTime>09:00</openingTime><closingTime>22:00</closingTime></day><day><name>Sunday</name><openingTime>09:00</openingTime><closingTime>22:00</closingTime></day></operatingHours><onlineOrdering>false</onlineOrdering><loyaltyProgramEnabled>true</loyaltyProgramEnabled><driveThruAvailable>false</driveThruAvailable><language>English</language><taxReference>n3zdUUf3</taxReference><operations /></restaurantConfig>