<restaurantConfig><name>vO1nL1vEef</name><location><city>Mesa</city><zipcode>36907</zipcode></location><currency>USD</currency><timezone>EST</timezone><menu><category><name>Burgers</name><item><name>McDouble</name><price>3.04</price></item><item><name>McChicken</name><price>5.84</price></item></category><category><name>Salads</name><item><name>Southwest Grilled Chicken Salad</name><price>8.77</price></item><item><name>Side Salad</name><price>2.33</price></item></category><category><name>Snacks &amp; Sides</name><item><name>McNuggets</name><price>3.63</price></item><item><name>Apple Slices</name><price>4.79</price></item><item><name>French Fries</name><price>9.59</price></item></category></menu><employees><employee><name>kxinAmn5</name><position>Cook</position><hourlyWage>11.95</hourlyWage></employee><employee><name>GGJVL9nU</name><position>Cashier</position><hourlyWage>9.27</hourlyWage></employee><employee><name>lb0dtVqW</name><position>Waiter</position><hourlyWage>12.96</hourlyWage></employee><employee><name>lhm8YOxo</name><position>Waiter</position><hourlyWage>12.4</hourlyWage></employee><employee><name>6xeSJRCB</name><position>Manager</position><hourlyWage>17.49</hourlyWage></employee><employee><name>QUTfdDQ7</name><position>Cashier</position><hourlyWage>10.99</hourlyWage></employee><employee><name>5lFb70a2</name><position>Manager</position><hourlyWage>17.98</hourlyWage></employee></employees><operatingHours><day><name>Monday</name><openingTime>09:00</openingTime><closingTime>22:00</closingTime></day><day><name>Tuesday</name><openingTime>09:00</openingTime><closingTime>22:00</closingTime></day><day><name>Wednesday</name><openingTime>09:00</openingTime><closingTime>22:00</closingTime></day><day><name>Thursday</name><openingTime>09:00</openingTime><closingTime>22:00</closingTime></day><day><name>Friday</name><openingTime>09:00</openingTime><closingTime>22:00</closingTime></day><day><name>Saturday</name><openingTime>09:00</openingTime><closingTime>22:00</closingTime></day><day><name>Sunday</name><openingTime>09:00</openingTime><closingTime>22:00</closingTime></day></operatingHours><onlineOrdering>false</onlineOrdering><loyaltyProgramEnabled>false</loyaltyProgramEnabled><driveThruAvailable>false</driveThruAvailable><language>French</language><taxReference>8ed6RL9V</taxReference><operations /></restaurantConfig>