<restaurantConfig><name>9P5juubLuR</name><location><city>Memphis</city><zipcode>53668</zipcode></location><currency>USD</currency><timezone>EST</timezone><menu><category><name>Chicken &amp; Sandwiches</name><item><name>Buttermilk Crispy Chicken Sandwich</name><price>9.65</price></item><item><name>Artisan Grilled Chicken Sandwich</name><price>3.84</price></item><item><name>Spicy McChicken</name><price>9.95</price></item></category></menu><employees><employee><name>6vQtBFTE</name><position>Waiter</position><hourlyWage>13.67</hourlyWage></employee><employee><name>oBgahr3w</name><position>Cook</position><hourlyWage>17.87</hourlyWage></employee></employees><operatingHours><day><name>Monday</name><openingTime>09:00</openingTime><closingTime>22:00</closingTime></day><day><name>Tuesday</name><openingTime>09:00</openingTime><closingTime>22:00</closingTime></day><day><name>Wednesday</name><openingTime>09:00</openingTime><closingTime>22:00</closingTime></day><day><name>Thursday</name><openingTime>09:00</openingTime><closingTime>22:00</closingTime></day><day><name>Friday</name><openingTime>09:00</openingTime><closingTime>22:00</closingTime></day><day><name>Saturday</name><openingTime>09:00</openingTime><closingTime>22:00</closingTime></day><day><name>Sunday</name><openingTime>09:00</openingTime><closingTime>22:00</closingTime></day></operatingHours><onlineOrdering>true</onlineOrdering><loyaltyProgramEnabled>false</loyaltyProgramEnabled><driveThruAvailable>false</driveThruAvailable><language>French</language><taxReference>UzYCGU5E</taxReference><operations /></restaurantConfig>