<restaurantConfig><name>vERwT7BuGE</name><location><city>Louisville</city><zipcode>88891</zipcode></location><currency>USD</currency><timezone>EST</timezone><menu><category><name>Chicken &amp; Sandwiches</name><item><name>McChicken Deluxe</name><price>6.57</price></item><item><name>Artisan Grilled Chicken Sandwich</name><price>5.16</price></item><item><name>Spicy McChicken</name><price>6.26</price></item></category><category><name>Salads</name><item><name>Bacon Ranch Salad</name><price>8.55</price></item></category><category><name>Snacks &amp; Sides</name><item><name>Apple Slices</name><price>1.59</price></item><item><name>French Fries</name><price>7.25</price></item><item><name>McNuggets</name><price>4.54</price></item></category></menu><employees><employee><name>rSNoxe3M</name><position>Manager</position><hourlyWage>11.67</hourlyWage></employee><employee><name>qRJbvkqv</name><position>Cook</position><hourlyWage>17.2</hourlyWage></employee><employee><name>hlG8YMZn</name><position>Manager</position><hourlyWage>13.57</hourlyWage></employee><employee><name>R4SwxasU</name><position>Manager</position><hourlyWage>14.98</hourlyWage></employee></employees><operatingHours><day><name>Monday</name><openingTime>09:00</openingTime><closingTime>22:00</closingTime></day><day><name>Tuesday</name><openingTime>09:00</openingTime><closingTime>22:00</closingTime></day><day><name>Wednesday</name><openingTime>09:00</openingTime><closingTime>22:00</closingTime></day><day><name>Thursday</name><openingTime>09:00</openingTime><closingTime>22:00</closingTime></day><day><name>Friday</name><openingTime>09:00</openingTime><closingTime>22:00</closingTime></day><day><name>Saturday</name><openingTime>09:00</openingTime><closingTime>22:00</closingTime></day><day><name>Sunday</name><openingTime>09:00</openingTime><closingTime>22:00</closingTime></day></operatingHours><onlineOrdering>false</onlineOrdering><loyaltyProgramEnabled>false</loyaltyProgramEnabled><driveThruAvailable>false</driveThruAvailable><language>French</language><taxReference>8iOFfxxK</taxReference><operations /></restaurantConfig>