<restaurantConfig><name>9lmN4oVdKb</name><location><city>Long Beach</city><zipcode>96972</zipcode></location><currency>USD</currency><timezone>EST</timezone><menu><category><name>Burgers</name><item><name>Quarter Pounder with Cheese</name><price>8.33</price></item></category></menu><employees><employee><name>ohw2d69s</name><position>Cook</position><hourlyWage>8.65</hourlyWage></employee><employee><name>DDVel24L</name><position>Waiter</position><hourlyWage>14.79</hourlyWage></employee><employee><name>0ZFY6Gp3</name><position>Waiter</position><hourlyWage>19.86</hourlyWage></employee><employee><name>KUTXASeT</name><position>Manager</position><hourlyWage>10.07</hourlyWage></employee><employee><name>LCku83oQ</name><position>Cook</position><hourlyWage>13.66</hourlyWage></employee></employees><operatingHours><day><name>Monday</name><openingTime>09:00</openingTime><closingTime>22:00</closingTime></day><day><name>Tuesday</name><openingTime>09:00</openingTime><closingTime>22:00</closingTime></day><day><name>Wednesday</name><openingTime>09:00</openingTime><closingTime>22:00</closingTime></day><day><name>Thursday</name><openingTime>09:00</openingTime><closingTime>22:00</closingTime></day><day><name>Friday</name><openingTime>09:00</openingTime><closingTime>22:00</closingTime></day><day><name>Saturday</name><openingTime>09:00</openingTime><closingTime>22:00</closingTime></day><day><name>Sunday</name><openingTime>09:00</openingTime><closingTime>22:00</closingTime></day></operatingHours><onlineOrdering>false</onlineOrdering><loyaltyProgramEnabled>true</loyaltyProgramEnabled><driveThruAvailable>true</driveThruAvailable><language>Spanish</language><taxReference>JB1cQHcS</taxReference><operations /></restaurantConfig>