<restaurantConfig><name>8zpBoGdqjk</name><location><city>Chicago</city><zipcode>45598</zipcode></location><currency>USD</currency><timezone>EST</timezone><menu><category><name>Salads</name><item><name>Southwest Grilled Chicken Salad</name><price>9.85</price></item><item><name>Bacon Ranch Salad</name><price>4.72</price></item><item><name>Side Salad</name><price>9.82</price></item></category></menu><employees><employee><name>KrbhCBDr</name><position>Waiter</position><hourlyWage>8.63</hourlyWage></employee><employee><name>0Bm8chk5</name><position>Manager</position><hourlyWage>18.53</hourlyWage></employee><employee><name>NH13QwNq</name><position>Manager</position><hourlyWage>13.14</hourlyWage></employee><employee><name>ZeglTaCk</name><position>Manager</position><hourlyWage>18.48</hourlyWage></employee><employee><name>vJHM0qHv</name><position>Waiter</position><hourlyWage>15.4</hourlyWage></employee><employee><name>FJ3ggpJm</name><position>Manager</position><hourlyWage>16.78</hourlyWage></employee><employee><name>LCqGq8L6</name><position>Cook</position><hourlyWage>8.66</hourlyWage></employee><employee><name>4kk17nTV</name><position>Cook</position><hourlyWage>8.68</hourlyWage></employee><employee><name>flbSiZ5N</name><position>Waiter</position><hourlyWage>15.51</hourlyWage></employee></employees><operatingHours><day><name>Monday</name><openingTime>09:00</openingTime><closingTime>22:00</closingTime></day><day><name>Tuesday</name><openingTime>09:00</openingTime><closingTime>22:00</closingTime></day><day><name>Wednesday</name><openingTime>09:00</openingTime><closingTime>22:00</closingTime></day><day><name>Thursday</name><openingTime>09:00</openingTime><closingTime>22:00</closingTime></day><day><name>Friday</name><openingTime>09:00</openingTime><closingTime>22:00</closingTime></day><day><name>Saturday</name><openingTime>09:00</openingTime><closingTime>22:00</closingTime></day><day><name>Sunday</name><openingTime>09:00</openingTime><closingTime>22:00</closingTime></day></operatingHours><onlineOrdering>true</onlineOrdering><loyaltyProgramEnabled>false</loyaltyProgramEnabled><driveThruAvailable>false</driveThruAvailable><language>French</language><taxReference>C68wgioU</taxReference><operations /></restaurantConfig>