<restaurantConfig><name>nvKQNvvOSo</name><location><city>Las Vegas</city><zipcode>33466</zipcode></location><currency>USD</currency><timezone>EST</timezone><menu><category><name>Burgers</name><item><name>Big Mac</name><price>8.83</price></item><item><name>Filet-O-Fish</name><price>4.96</price></item><item><name>Quarter Pounder with Cheese</name><price>6.4</price></item><item><name>McDouble</name><price>8.39</price></item></category><category><name>Salads</name><item><name>Southwest Grilled Chicken Salad</name><price>1.68</price></item><item><name>Side Salad</name><price>7.67</price></item><item><name>Bacon Ranch Salad</name><price>7.55</price></item></category></menu><employees><employee><name>9XGI5GOZ</name><position>Waiter</position><hourlyWage>11.11</hourlyWage></employee><employee><name>RSpTujFm</name><position>Cook</position><hourlyWage>15.07</hourlyWage></employee><employee><name>HUAvrEWE</name><position>Waiter</position><hourlyWage>15.88</hourlyWage></employee><employee><name>ZmihytBF</name><position>Cook</position><hourlyWage>9.58</hourlyWage></employee><employee><name>jkwTJ9yo</name><position>Cook</position><hourlyWage>14.32</hourlyWage></employee><employee><name>J98cKkPQ</name><position>Cook</position><hourlyWage>11.02</hourlyWage></employee><employee><name>mqmyfyAx</name><position>Cook</position><hourlyWage>10.93</hourlyWage></employee><employee><name>30bqjTl8</name><position>Cashier</position><hourlyWage>12.54</hourlyWage></employee><employee><name>cvYmfDrq</name><position>Waiter</position><hourlyWage>19.76</hourlyWage></employee></employees><operatingHours><day><name>Monday</name><openingTime>09:00</openingTime><closingTime>22:00</closingTime></day><day><name>Tuesday</name><openingTime>09:00</openingTime><closingTime>22:00</closingTime></day><day><name>Wednesday</name><openingTime>09:00</openingTime><closingTime>22:00</closingTime></day><day><name>Thursday</name><openingTime>09:00</openingTime><closingTime>22:00</closingTime></day><day><name>Friday</name><openingTime>09:00</openingTime><closingTime>22:00</closingTime></day><day><name>Saturday</name><openingTime>09:00</openingTime><closingTime>22:00</closingTime></day><day><name>Sunday</name><openingTime>09:00</openingTime><closingTime>22:00</closingTime></day></operatingHours><onlineOrdering>false</onlineOrdering><loyaltyProgramEnabled>false</loyaltyProgramEnabled><driveThruAvailable>true</driveThruAvailable><language>French</language><taxReference>SKTM7rot</taxReference><operations /></restaurantConfig>