<restaurantConfig><name>ImY8IUGLvt</name><location><city>Tucson</city><zipcode>44570</zipcode></location><currency>USD</currency><timezone>EST</timezone><menu><category><name>Burgers</name><item><name>Filet-O-Fish</name><price>6.89</price></item></category><category><name>Chicken &amp; Sandwiches</name><item><name>Buttermilk Crispy Chicken Sandwich</name><price>9.27</price></item><item><name>McChicken Deluxe</name><price>9.24</price></item><item><name>Artisan Grilled Chicken Sandwich</name><price>5.63</price></item></category><category><name>Salads</name><item><name>Bacon Ranch Salad</name><price>6.15</price></item><item><name>Southwest Grilled Chicken Salad</name><price>9.6</price></item></category><category><name>Breakfast</name><item><name>Hash Browns</name><price>1.29</price></item><item><name>Sausage McMuffin</name><price>1.03</price></item><item><name>Big Breakfast</name><price>1.9</price></item><item><name>Egg McMuffin</name><price>9.58</price></item></category><category><name>Snacks &amp; Sides</name><item><name>McNuggets</name><price>3.75</price></item><item><name>Apple Slices</name><price>2.21</price></item></category></menu><employees><employee><name>e4dthO2p</name><position>Cashier</position><hourlyWage>15.79</hourlyWage></employee></employees><operatingHours><day><name>Monday</name><openingTime>09:00</openingTime><closingTime>22:00</closingTime></day><day><name>Tuesday</name><openingTime>09:00</openingTime><closingTime>22:00</closingTime></day><day><name>Wednesday</name><openingTime>09:00</openingTime><closingTime>22:00</closingTime></day><day><name>Thursday</name><openingTime>09:00</openingTime><closingTime>22:00</closingTime></day><day><name>Friday</name><openingTime>09:00</openingTime><closingTime>22:00</closingTime></day><day><name>Saturday</name><openingTime>09:00</openingTime><closingTime>22:00</closingTime></day><day><name>Sunday</name><openingTime>09:00</openingTime><closingTime>22:00</closingTime></day></operatingHours><onlineOrdering>true</onlineOrdering><loyaltyProgramEnabled>true</loyaltyProgramEnabled><driveThruAvailable>false</driveThruAvailable><language>Spanish</language><taxReference>8v4m6lXo</taxReference><operations /></restaurantConfig>