<restaurantConfig><name>vlCv3K1W61</name><location><city>Albuquerque</city><zipcode>49230</zipcode></location><currency>USD</currency><timezone>EST</timezone><menu><category><name>Burgers</name><item><name>Big Mac</name><price>3.75</price></item><item><name>Filet-O-Fish</name><price>3.98</price></item></category></menu><employees><employee><name>Diz05CH2</name><position>Waiter</position><hourlyWage>18.05</hourlyWage></employee><employee><name>WnF3nWh9</name><position>Waiter</position><hourlyWage>18.44</hourlyWage></employee><employee><name>ozlVphqr</name><position>Waiter</position><hourlyWage>11.88</hourlyWage></employee></employees><operatingHours><day><name>Monday</name><openingTime>09:00</openingTime><closingTime>22:00</closingTime></day><day><name>Tuesday</name><openingTime>09:00</openingTime><closingTime>22:00</closingTime></day><day><name>Wednesday</name><openingTime>09:00</openingTime><closingTime>22:00</closingTime></day><day><name>Thursday</name><openingTime>09:00</openingTime><closingTime>22:00</closingTime></day><day><name>Friday</name><openingTime>09:00</openingTime><closingTime>22:00</closingTime></day><day><name>Saturday</name><openingTime>09:00</openingTime><closingTime>22:00</closingTime></day><day><name>Sunday</name><openingTime>09:00</openingTime><closingTime>22:00</closingTime></day></operatingHours><onlineOrdering>false</onlineOrdering><loyaltyProgramEnabled>false</loyaltyProgramEnabled><driveThruAvailable>true</driveThruAvailable><language>English</language><taxReference>nS66zdH7</taxReference><operations /></restaurantConfig>