<restaurantConfig><name>rquoRZViwY</name><location><city>Mesa</city><zipcode>54358</zipcode></location><currency>USD</currency><timezone>EST</timezone><menu><category><name>Burgers</name><item><name>Big Mac</name><price>2.18</price></item><item><name>Quarter Pounder with Cheese</name><price>4.26</price></item><item><name>McDouble</name><price>3.3</price></item></category><category><name>Salads</name><item><name>Bacon Ranch Salad</name><price>9.64</price></item><item><name>Southwest Grilled Chicken Salad</name><price>8.7</price></item></category><category><name>Snacks &amp; Sides</name><item><name>Apple Slices</name><price>8.77</price></item><item><name>McNuggets</name><price>3.34</price></item><item><name>French Fries</name><price>5.67</price></item></category></menu><employees><employee><name>qQ6zYWDW</name><position>Manager</position><hourlyWage>8.73</hourlyWage></employee><employee><name>H2mUDEW4</name><position>Cashier</position><hourlyWage>18.29</hourlyWage></employee><employee><name>dXsFCDOl</name><position>Cook</position><hourlyWage>8.12</hourlyWage></employee><employee><name>5fonRTYz</name><position>Cook</position><hourlyWage>9.02</hourlyWage></employee><employee><name>vurrj5B9</name><position>Waiter</position><hourlyWage>18.53</hourlyWage></employee><employee><name>VMzsTBpC</name><position>Cook</position><hourlyWage>8.16</hourlyWage></employee><employee><name>hCX4oi2D</name><position>Cashier</position><hourlyWage>12.79</hourlyWage></employee><employee><name>yXTAZjrX</name><position>Cashier</position><hourlyWage>8.63</hourlyWage></employee><employee><name>q5YkoHr7</name><position>Manager</position><hourlyWage>17.37</hourlyWage></employee><employee><name>uwIpBrgt</name><position>Waiter</position><hourlyWage>19.54</hourlyWage></employee></employees><operatingHours><day><name>Monday</name><openingTime>09:00</openingTime><closingTime>22:00</closingTime></day><day><name>Tuesday</name><openingTime>09:00</openingTime><closingTime>22:00</closingTime></day><day><name>Wednesday</name><openingTime>09:00</openingTime><closingTime>22:00</closingTime></day><day><name>Thursday</name><openingTime>09:00</openingTime><closingTime>22:00</closingTime></day><day><name>Friday</name><openingTime>09:00</openingTime><closingTime>22:00</closingTime></day><day><name>Saturday</name><openingTime>09:00</openingTime><closingTime>22:00</closingTime></day><day><name>Sunday</name><openingTime>09:00</openingTime><closingTime>22:00</closingTime></day></operatingHours><onlineOrdering>false</onlineOrdering><loyaltyProgramEnabled>false</loyaltyProgramEnabled><driveThruAvailable>true</driveThruAvailable><language>Spanish</language><taxReference>Hin3uGXz</taxReference><operations /></restaurantConfig>