<restaurantConfig><name>3KTc61pPTp</name><location><city>Long Beach</city><zipcode>38245</zipcode></location><currency>USD</currency><timezone>EST</timezone><menu><category><name>Burgers</name><item><name>McDouble</name><price>1.05</price></item><item><name>Filet-O-Fish</name><price>7.25</price></item></category><category><name>Chicken &amp; Sandwiches</name><item><name>Buttermilk Crispy Chicken Sandwich</name><price>8.01</price></item></category><category><name>Snacks &amp; Sides</name><item><name>Apple Slices</name><price>5.95</price></item><item><name>McNuggets</name><price>8.87</price></item><item><name>French Fries</name><price>5.48</price></item></category></menu><employees><employee><name>4xFyssae</name><position>Cook</position><hourlyWage>16.58</hourlyWage></employee><employee><name>mqt9GXfE</name><position>Cook</position><hourlyWage>8.43</hourlyWage></employee><employee><name>r9xF1Uyq</name><position>Cook</position><hourlyWage>8.45</hourlyWage></employee></employees><operatingHours><day><name>Monday</name><openingTime>09:00</openingTime><closingTime>22:00</closingTime></day><day><name>Tuesday</name><openingTime>09:00</openingTime><closingTime>22:00</closingTime></day><day><name>Wednesday</name><openingTime>09:00</openingTime><closingTime>22:00</closingTime></day><day><name>Thursday</name><openingTime>09:00</openingTime><closingTime>22:00</closingTime></day><day><name>Friday</name><openingTime>09:00</openingTime><closingTime>22:00</closingTime></day><day><name>Saturday</name><openingTime>09:00</openingTime><closingTime>22:00</closingTime></day><day><name>Sunday</name><openingTime>09:00</openingTime><closingTime>22:00</closingTime></day></operatingHours><onlineOrdering>false</onlineOrdering><loyaltyProgramEnabled>true</loyaltyProgramEnabled><driveThruAvailable>false</driveThruAvailable><language>German</language><taxReference>9dXHgSsh</taxReference><operations /></restaurantConfig>