<restaurantConfig><name>vpsiPAXbm2</name><location><city>El Paso</city><zipcode>51577</zipcode></location><currency>USD</currency><timezone>EST</timezone><menu><category><name>Burgers</name><item><name>Big Mac</name><price>9.06</price></item></category><category><name>Chicken &amp; Sandwiches</name><item><name>McChicken Deluxe</name><price>6.71</price></item><item><name>Artisan Grilled Chicken Sandwich</name><price>3.86</price></item><item><name>Spicy McChicken</name><price>8.45</price></item><item><name>Buttermilk Crispy Chicken Sandwich</name><price>1.24</price></item></category><category><name>Snacks &amp; Sides</name><item><name>McNuggets</name><price>6.48</price></item><item><name>French Fries</name><price>1.65</price></item></category></menu><employees><employee><name>pzqRO6Y6</name><position>Manager</position><hourlyWage>8.47</hourlyWage></employee></employees><operatingHours><day><name>Monday</name><openingTime>09:00</openingTime><closingTime>22:00</closingTime></day><day><name>Tuesday</name><openingTime>09:00</openingTime><closingTime>22:00</closingTime></day><day><name>Wednesday</name><openingTime>09:00</openingTime><closingTime>22:00</closingTime></day><day><name>Thursday</name><openingTime>09:00</openingTime><closingTime>22:00</closingTime></day><day><name>Friday</name><openingTime>09:00</openingTime><closingTime>22:00</closingTime></day><day><name>Saturday</name><openingTime>09:00</openingTime><closingTime>22:00</closingTime></day><day><name>Sunday</name><openingTime>09:00</openingTime><closingTime>22:00</closingTime></day></operatingHours><onlineOrdering>false</onlineOrdering><loyaltyProgramEnabled>false</loyaltyProgramEnabled><driveThruAvailable>true</driveThruAvailable><language>French</language><taxReference>aGgvFCyh</taxReference><operations /></restaurantConfig>