<restaurantConfig><name>EOI53qoW2C</name><location><city>Chicago</city><zipcode>17660</zipcode></location><currency>USD</currency><timezone>EST</timezone><menu><category><name>Burgers</name><item><name>McChicken</name><price>7.71</price></item><item><name>Quarter Pounder with Cheese</name><price>6.86</price></item><item><name>Big Mac</name><price>9.86</price></item></category><category><name>Salads</name><item><name>Southwest Grilled Chicken Salad</name><price>4.79</price></item><item><name>Side Salad</name><price>3.12</price></item></category></menu><employees><employee><name>msa20HQV</name><position>Manager</position><hourlyWage>12.12</hourlyWage></employee><employee><name>uuFLcihS</name><position>Manager</position><hourlyWage>9.7</hourlyWage></employee><employee><name>yXPJXQ6T</name><position>Waiter</position><hourlyWage>14.66</hourlyWage></employee><employee><name>CYylw3SU</name><position>Waiter</position><hourlyWage>17.57</hourlyWage></employee><employee><name>JQtu070Q</name><position>Cashier</position><hourlyWage>16.95</hourlyWage></employee><employee><name>9xug7wnV</name><position>Waiter</position><hourlyWage>17.51</hourlyWage></employee><employee><name>XUfS0toP</name><position>Cook</position><hourlyWage>16.02</hourlyWage></employee></employees><operatingHours><day><name>Monday</name><openingTime>09:00</openingTime><closingTime>22:00</closingTime></day><day><name>Tuesday</name><openingTime>09:00</openingTime><closingTime>22:00</closingTime></day><day><name>Wednesday</name><openingTime>09:00</openingTime><closingTime>22:00</closingTime></day><day><name>Thursday</name><openingTime>09:00</openingTime><closingTime>22:00</closingTime></day><day><name>Friday</name><openingTime>09:00</openingTime><closingTime>22:00</closingTime></day><day><name>Saturday</name><openingTime>09:00</openingTime><closingTime>22:00</closingTime></day><day><name>Sunday</name><openingTime>09:00</openingTime><closingTime>22:00</closingTime></day></operatingHours><onlineOrdering>true</onlineOrdering><loyaltyProgramEnabled>true</loyaltyProgramEnabled><driveThruAvailable>false</driveThruAvailable><language>English</language><taxReference>cwen44IN</taxReference><operations /></restaurantConfig>