<restaurantConfig><name>45ioUC7iSV</name><location><city>Albuquerque</city><zipcode>77009</zipcode></location><currency>USD</currency><timezone>EST</timezone><menu><category><name>Burgers</name><item><name>Quarter Pounder with Cheese</name><price>2.87</price></item><item><name>McDouble</name><price>1.19</price></item><item><name>Big Mac</name><price>1.3</price></item><item><name>McChicken</name><price>5.38</price></item></category><category><name>Salads</name><item><name>Bacon Ranch Salad</name><price>8.32</price></item><item><name>Southwest Grilled Chicken Salad</name><price>2.1</price></item></category><category><name>Breakfast</name><item><name>Hotcakes</name><price>1.38</price></item><item><name>Hash Browns</name><price>5.36</price></item><item><name>Sausage McMuffin</name><price>3.75</price></item><item><name>Egg McMuffin</name><price>3.64</price></item><item><name>Big Breakfast</name><price>8.55</price></item></category></menu><employees><employee><name>oirxTzod</name><position>Manager</position><hourlyWage>12.37</hourlyWage></employee><employee><name>cEknfvVm</name><position>Manager</position><hourlyWage>15.82</hourlyWage></employee><employee><name>pe50OdBa</name><position>Manager</position><hourlyWage>8.27</hourlyWage></employee><employee><name>Anbm1JkH</name><position>Cashier</position><hourlyWage>17.89</hourlyWage></employee><employee><name>6ccPW8YX</name><position>Waiter</position><hourlyWage>19.18</hourlyWage></employee><employee><name>8VjTl9sy</name><position>Cashier</position><hourlyWage>18.29</hourlyWage></employee></employees><operatingHours><day><name>Monday</name><openingTime>09:00</openingTime><closingTime>22:00</closingTime></day><day><name>Tuesday</name><openingTime>09:00</openingTime><closingTime>22:00</closingTime></day><day><name>Wednesday</name><openingTime>09:00</openingTime><closingTime>22:00</closingTime></day><day><name>Thursday</name><openingTime>09:00</openingTime><closingTime>22:00</closingTime></day><day><name>Friday</name><openingTime>09:00</openingTime><closingTime>22:00</closingTime></day><day><name>Saturday</name><openingTime>09:00</openingTime><closingTime>22:00</closingTime></day><day><name>Sunday</name><openingTime>09:00</openingTime><closingTime>22:00</closingTime></day></operatingHours><onlineOrdering>true</onlineOrdering><loyaltyProgramEnabled>true</loyaltyProgramEnabled><driveThruAvailable>true</driveThruAvailable><language>English</language><taxReference>WfGiBz1H</taxReference><operations /></restaurantConfig>