<restaurantConfig><name>O8v2gPkQVX</name><location><city>Fresno</city><zipcode>60175</zipcode></location><currency>USD</currency><timezone>EST</timezone><menu><category><name>Chicken &amp; Sandwiches</name><item><name>McChicken Deluxe</name><price>8.39</price></item></category><category><name>Salads</name><item><name>Side Salad</name><price>6.65</price></item><item><name>Southwest Grilled Chicken Salad</name><price>5.86</price></item></category></menu><employees><employee><name>98A3D5fp</name><position>Manager</position><hourlyWage>18.09</hourlyWage></employee><employee><name>Q9hAx3lO</name><position>Manager</position><hourlyWage>8.06</hourlyWage></employee><employee><name>repgF6k4</name><position>Cashier</position><hourlyWage>19.44</hourlyWage></employee><employee><name>h06Wj6nf</name><position>Cook</position><hourlyWage>10.64</hourlyWage></employee><employee><name>8eh870mP</name><position>Manager</position><hourlyWage>12.81</hourlyWage></employee></employees><operatingHours><day><name>Monday</name><openingTime>09:00</openingTime><closingTime>22:00</closingTime></day><day><name>Tuesday</name><openingTime>09:00</openingTime><closingTime>22:00</closingTime></day><day><name>Wednesday</name><openingTime>09:00</openingTime><closingTime>22:00</closingTime></day><day><name>Thursday</name><openingTime>09:00</openingTime><closingTime>22:00</closingTime></day><day><name>Friday</name><openingTime>09:00</openingTime><closingTime>22:00</closingTime></day><day><name>Saturday</name><openingTime>09:00</openingTime><closingTime>22:00</closingTime></day><day><name>Sunday</name><openingTime>09:00</openingTime><closingTime>22:00</closingTime></day></operatingHours><onlineOrdering>true</onlineOrdering><loyaltyProgramEnabled>false</loyaltyProgramEnabled><driveThruAvailable>true</driveThruAvailable><language>German</language><taxReference>9IMJXj3n</taxReference><operations /></restaurantConfig>