<restaurantConfig><name>dRqNk3kxYx</name><location><city>Seattle</city><zipcode>99533</zipcode></location><currency>USD</currency><timezone>EST</timezone><menu><category><name>Chicken &amp; Sandwiches</name><item><name>Artisan Grilled Chicken Sandwich</name><price>9.03</price></item><item><name>Buttermilk Crispy Chicken Sandwich</name><price>6.57</price></item><item><name>McChicken Deluxe</name><price>6.07</price></item><item><name>Spicy McChicken</name><price>3.21</price></item></category><category><name>Breakfast</name><item><name>Egg McMuffin</name><price>5.2</price></item><item><name>Hotcakes</name><price>8.03</price></item><item><name>Big Breakfast</name><price>7.71</price></item><item><name>Sausage McMuffin</name><price>4.59</price></item></category><category><name>Snacks &amp; Sides</name><item><name>McNuggets</name><price>5.41</price></item></category></menu><employees><employee><name>MfF94Q7U</name><position>Cook</position><hourlyWage>15.48</hourlyWage></employee><employee><name>ZjD7ZmRD</name><position>Cook</position><hourlyWage>15.48</hourlyWage></employee><employee><name>QTZwn0oT</name><position>Cashier</position><hourlyWage>18.3</hourlyWage></employee><employee><name>CrgkBBVE</name><position>Cashier</position><hourlyWage>14.54</hourlyWage></employee><employee><name>pIo0Acuc</name><position>Cook</position><hourlyWage>16.09</hourlyWage></employee><employee><name>bywubGbJ</name><position>Cook</position><hourlyWage>14.89</hourlyWage></employee><employee><name>0ZoaOJaS</name><position>Manager</position><hourlyWage>19.42</hourlyWage></employee></employees><operatingHours><day><name>Monday</name><openingTime>09:00</openingTime><closingTime>22:00</closingTime></day><day><name>Tuesday</name><openingTime>09:00</openingTime><closingTime>22:00</closingTime></day><day><name>Wednesday</name><openingTime>09:00</openingTime><closingTime>22:00</closingTime></day><day><name>Thursday</name><openingTime>09:00</openingTime><closingTime>22:00</closingTime></day><day><name>Friday</name><openingTime>09:00</openingTime><closingTime>22:00</closingTime></day><day><name>Saturday</name><openingTime>09:00</openingTime><closingTime>22:00</closingTime></day><day><name>Sunday</name><openingTime>09:00</openingTime><closingTime>22:00</closingTime></day></operatingHours><onlineOrdering>true</onlineOrdering><loyaltyProgramEnabled>false</loyaltyProgramEnabled><driveThruAvailable>false</driveThruAvailable><language>French</language><taxReference>BuZ3yzZv</taxReference><operations /></restaurantConfig>