<restaurantConfig><name>hWa162f9WX</name><location><city>Columbus</city><zipcode>78306</zipcode></location><currency>USD</currency><timezone>EST</timezone><menu><category><name>Chicken &amp; Sandwiches</name><item><name>McChicken Deluxe</name><price>3.76</price></item><item><name>Spicy McChicken</name><price>8.97</price></item><item><name>Buttermilk Crispy Chicken Sandwich</name><price>3.71</price></item></category><category><name>Salads</name><item><name>Southwest Grilled Chicken Salad</name><price>4.11</price></item><item><name>Bacon Ranch Salad</name><price>3.96</price></item><item><name>Side Salad</name><price>2.93</price></item></category><category><name>Breakfast</name><item><name>Hotcakes</name><price>1.93</price></item><item><name>Big Breakfast</name><price>1.14</price></item></category></menu><employees><employee><name>El6ca2Cf</name><position>Cashier</position><hourlyWage>8.85</hourlyWage></employee><employee><name>8pMnMcGh</name><position>Cashier</position><hourlyWage>8.36</hourlyWage></employee><employee><name>iZkfP3Md</name><position>Cook</position><hourlyWage>18.73</hourlyWage></employee><employee><name>nNsCxm0t</name><position>Waiter</position><hourlyWage>12.33</hourlyWage></employee><employee><name>oHHBHBuO</name><position>Cook</position><hourlyWage>10.97</hourlyWage></employee><employee><name>48GhqkP0</name><position>Cook</position><hourlyWage>19.63</hourlyWage></employee><employee><name>I7tOQko5</name><position>Cook</position><hourlyWage>15.98</hourlyWage></employee><employee><name>EICRhxmF</name><position>Cashier</position><hourlyWage>16.38</hourlyWage></employee></employees><operatingHours><day><name>Monday</name><openingTime>09:00</openingTime><closingTime>22:00</closingTime></day><day><name>Tuesday</name><openingTime>09:00</openingTime><closingTime>22:00</closingTime></day><day><name>Wednesday</name><openingTime>09:00</openingTime><closingTime>22:00</closingTime></day><day><name>Thursday</name><openingTime>09:00</openingTime><closingTime>22:00</closingTime></day><day><name>Friday</name><openingTime>09:00</openingTime><closingTime>22:00</closingTime></day><day><name>Saturday</name><openingTime>09:00</openingTime><closingTime>22:00</closingTime></day><day><name>Sunday</name><openingTime>09:00</openingTime><closingTime>22:00</closingTime></day></operatingHours><onlineOrdering>true</onlineOrdering><loyaltyProgramEnabled>false</loyaltyProgramEnabled><driveThruAvailable>false</driveThruAvailable><language>English</language><taxReference>1BRDdlNm</taxReference><operations /></restaurantConfig>