<restaurantConfig><name>lK0arBWfW2</name><location><city>Portland</city><zipcode>19787</zipcode></location><currency>USD</currency><timezone>EST</timezone><menu><category><name>Chicken &amp; Sandwiches</name><item><name>Artisan Grilled Chicken Sandwich</name><price>7.56</price></item><item><name>Spicy McChicken</name><price>7.49</price></item><item><name>Buttermilk Crispy Chicken Sandwich</name><price>9.76</price></item><item><name>McChicken Deluxe</name><price>2.08</price></item></category><category><name>Salads</name><item><name>Side Salad</name><price>4.15</price></item><item><name>Southwest Grilled Chicken Salad</name><price>5.55</price></item></category></menu><employees><employee><name>sxUxSMrw</name><position>Cashier</position><hourlyWage>8.3</hourlyWage></employee><employee><name>bv4QJGMm</name><position>Cashier</position><hourlyWage>14.62</hourlyWage></employee><employee><name>GwjgRqqv</name><position>Cook</position><hourlyWage>15.01</hourlyWage></employee><employee><name>xEHOTt1l</name><position>Cook</position><hourlyWage>12.65</hourlyWage></employee><employee><name>41Ry8LSZ</name><position>Cook</position><hourlyWage>10.41</hourlyWage></employee></employees><operatingHours><day><name>Monday</name><openingTime>09:00</openingTime><closingTime>22:00</closingTime></day><day><name>Tuesday</name><openingTime>09:00</openingTime><closingTime>22:00</closingTime></day><day><name>Wednesday</name><openingTime>09:00</openingTime><closingTime>22:00</closingTime></day><day><name>Thursday</name><openingTime>09:00</openingTime><closingTime>22:00</closingTime></day><day><name>Friday</name><openingTime>09:00</openingTime><closingTime>22:00</closingTime></day><day><name>Saturday</name><openingTime>09:00</openingTime><closingTime>22:00</closingTime></day><day><name>Sunday</name><openingTime>09:00</openingTime><closingTime>22:00</closingTime></day></operatingHours><onlineOrdering>true</onlineOrdering><loyaltyProgramEnabled>false</loyaltyProgramEnabled><driveThruAvailable>false</driveThruAvailable><language>Spanish</language><taxReference>7a4A3uDp</taxReference><operations /></restaurantConfig>