<restaurantConfig><name>ObwATBRijo</name><location><city>Long Beach</city><zipcode>14605</zipcode></location><currency>USD</currency><timezone>EST</timezone><menu><category><name>Burgers</name><item><name>McChicken</name><price>3.91</price></item><item><name>Big Mac</name><price>2.94</price></item><item><name>Quarter Pounder with Cheese</name><price>6.43</price></item><item><name>McDouble</name><price>6.35</price></item><item><name>Filet-O-Fish</name><price>9.82</price></item></category><category><name>Salads</name><item><name>Side Salad</name><price>8.69</price></item><item><name>Bacon Ranch Salad</name><price>7.42</price></item></category></menu><employees><employee><name>Bk4Gu7UD</name><position>Manager</position><hourlyWage>13.25</hourlyWage></employee><employee><name>lqKpXXqR</name><position>Cashier</position><hourlyWage>10.19</hourlyWage></employee><employee><name>hZeqTjFN</name><position>Waiter</position><hourlyWage>8.47</hourlyWage></employee><employee><name>jQEcgxw9</name><position>Waiter</position><hourlyWage>19.86</hourlyWage></employee><employee><name>6NStDSmG</name><position>Cashier</position><hourlyWage>10.48</hourlyWage></employee><employee><name>OvAoHv6r</name><position>Waiter</position><hourlyWage>13.91</hourlyWage></employee></employees><operatingHours><day><name>Monday</name><openingTime>09:00</openingTime><closingTime>22:00</closingTime></day><day><name>Tuesday</name><openingTime>09:00</openingTime><closingTime>22:00</closingTime></day><day><name>Wednesday</name><openingTime>09:00</openingTime><closingTime>22:00</closingTime></day><day><name>Thursday</name><openingTime>09:00</openingTime><closingTime>22:00</closingTime></day><day><name>Friday</name><openingTime>09:00</openingTime><closingTime>22:00</closingTime></day><day><name>Saturday</name><openingTime>09:00</openingTime><closingTime>22:00</closingTime></day><day><name>Sunday</name><openingTime>09:00</openingTime><closingTime>22:00</closingTime></day></operatingHours><onlineOrdering>true</onlineOrdering><loyaltyProgramEnabled>true</loyaltyProgramEnabled><driveThruAvailable>true</driveThruAvailable><language>English</language><taxReference>wlLknZVv</taxReference><operations /></restaurantConfig>