<restaurantConfig><name>uAZmyI7Jtd</name><location><city>Jacksonville</city><zipcode>28569</zipcode></location><currency>USD</currency><timezone>EST</timezone><menu><category><name>Breakfast</name><item><name>Big Breakfast</name><price>2.81</price></item><item><name>Hash Browns</name><price>8.07</price></item><item><name>Egg McMuffin</name><price>7.98</price></item><item><name>Sausage McMuffin</name><price>6.56</price></item><item><name>Hotcakes</name><price>2.24</price></item></category><category><name>Snacks &amp; Sides</name><item><name>McNuggets</name><price>3.85</price></item><item><name>French Fries</name><price>5.09</price></item></category></menu><employees><employee><name>8GNWcAan</name><position>Waiter</position><hourlyWage>18.03</hourlyWage></employee><employee><name>agMXS6Da</name><position>Waiter</position><hourlyWage>19.73</hourlyWage></employee><employee><name>ojvaV1Dl</name><position>Cook</position><hourlyWage>10.03</hourlyWage></employee><employee><name>tEjwHHeb</name><position>Cook</position><hourlyWage>18.84</hourlyWage></employee><employee><name>4oOWedEQ</name><position>Cook</position><hourlyWage>14.75</hourlyWage></employee><employee><name>QCyVYgs1</name><position>Manager</position><hourlyWage>15.31</hourlyWage></employee></employees><operatingHours><day><name>Monday</name><openingTime>09:00</openingTime><closingTime>22:00</closingTime></day><day><name>Tuesday</name><openingTime>09:00</openingTime><closingTime>22:00</closingTime></day><day><name>Wednesday</name><openingTime>09:00</openingTime><closingTime>22:00</closingTime></day><day><name>Thursday</name><openingTime>09:00</openingTime><closingTime>22:00</closingTime></day><day><name>Friday</name><openingTime>09:00</openingTime><closingTime>22:00</closingTime></day><day><name>Saturday</name><openingTime>09:00</openingTime><closingTime>22:00</closingTime></day><day><name>Sunday</name><openingTime>09:00</openingTime><closingTime>22:00</closingTime></day></operatingHours><onlineOrdering>true</onlineOrdering><loyaltyProgramEnabled>true</loyaltyProgramEnabled><driveThruAvailable>false</driveThruAvailable><language>Spanish</language><taxReference>pZQm86bO</taxReference><operations /></restaurantConfig>