<restaurantConfig><name>ZtHItqwZak</name><location><city>Raleigh</city><zipcode>49780</zipcode></location><currency>USD</currency><timezone>EST</timezone><menu><category><name>Burgers</name><item><name>Quarter Pounder with Cheese</name><price>3.09</price></item><item><name>Filet-O-Fish</name><price>2.43</price></item><item><name>McDouble</name><price>8.05</price></item></category><category><name>Chicken &amp; Sandwiches</name><item><name>McChicken Deluxe</name><price>4.39</price></item><item><name>Buttermilk Crispy Chicken Sandwich</name><price>5.73</price></item></category><category><name>Breakfast</name><item><name>Egg McMuffin</name><price>6.0</price></item><item><name>Hash Browns</name><price>6.9</price></item><item><name>Big Breakfast</name><price>2.19</price></item></category><category><name>Snacks &amp; Sides</name><item><name>McNuggets</name><price>3.6</price></item><item><name>Apple Slices</name><price>9.65</price></item><item><name>French Fries</name><price>8.39</price></item></category></menu><employees><employee><name>n8Q0OPfR</name><position>Cashier</position><hourlyWage>12.63</hourlyWage></employee></employees><operatingHours><day><name>Monday</name><openingTime>09:00</openingTime><closingTime>22:00</closingTime></day><day><name>Tuesday</name><openingTime>09:00</openingTime><closingTime>22:00</closingTime></day><day><name>Wednesday</name><openingTime>09:00</openingTime><closingTime>22:00</closingTime></day><day><name>Thursday</name><openingTime>09:00</openingTime><closingTime>22:00</closingTime></day><day><name>Friday</name><openingTime>09:00</openingTime><closingTime>22:00</closingTime></day><day><name>Saturday</name><openingTime>09:00</openingTime><closingTime>22:00</closingTime></day><day><name>Sunday</name><openingTime>09:00</openingTime><closingTime>22:00</closingTime></day></operatingHours><onlineOrdering>false</onlineOrdering><loyaltyProgramEnabled>true</loyaltyProgramEnabled><driveThruAvailable>false</driveThruAvailable><language>German</language><taxReference>1MJRc5ZL</taxReference><operations /></restaurantConfig>