<restaurantConfig><name>ksX7iO9q3l</name><location><city>Dallas</city><zipcode>16659</zipcode></location><currency>USD</currency><timezone>EST</timezone><menu><category><name>Chicken &amp; Sandwiches</name><item><name>Artisan Grilled Chicken Sandwich</name><price>4.4</price></item><item><name>Buttermilk Crispy Chicken Sandwich</name><price>6.62</price></item><item><name>McChicken Deluxe</name><price>7.21</price></item><item><name>Spicy McChicken</name><price>5.36</price></item></category><category><name>Salads</name><item><name>Side Salad</name><price>1.62</price></item><item><name>Southwest Grilled Chicken Salad</name><price>3.02</price></item></category></menu><employees><employee><name>itqIm97g</name><position>Manager</position><hourlyWage>17.1</hourlyWage></employee><employee><name>LJiCnKO9</name><position>Cook</position><hourlyWage>15.68</hourlyWage></employee><employee><name>rdUY07Ma</name><position>Manager</position><hourlyWage>14.92</hourlyWage></employee><employee><name>fxfxjchc</name><position>Manager</position><hourlyWage>13.3</hourlyWage></employee><employee><name>1WFcGwgM</name><position>Manager</position><hourlyWage>16.86</hourlyWage></employee></employees><operatingHours><day><name>Monday</name><openingTime>09:00</openingTime><closingTime>22:00</closingTime></day><day><name>Tuesday</name><openingTime>09:00</openingTime><closingTime>22:00</closingTime></day><day><name>Wednesday</name><openingTime>09:00</openingTime><closingTime>22:00</closingTime></day><day><name>Thursday</name><openingTime>09:00</openingTime><closingTime>22:00</closingTime></day><day><name>Friday</name><openingTime>09:00</openingTime><closingTime>22:00</closingTime></day><day><name>Saturday</name><openingTime>09:00</openingTime><closingTime>22:00</closingTime></day><day><name>Sunday</name><openingTime>09:00</openingTime><closingTime>22:00</closingTime></day></operatingHours><onlineOrdering>false</onlineOrdering><loyaltyProgramEnabled>false</loyaltyProgramEnabled><driveThruAvailable>true</driveThruAvailable><language>German</language><taxReference>JGYjMVUB</taxReference><operations /></restaurantConfig>