<restaurantConfig><name>HBq8pOuQyb</name><location><city>Colorado Springs</city><zipcode>79032</zipcode></location><currency>USD</currency><timezone>EST</timezone><menu><category><name>Breakfast</name><item><name>Sausage McMuffin</name><price>9.11</price></item><item><name>Egg McMuffin</name><price>7.69</price></item><item><name>Big Breakfast</name><price>2.54</price></item><item><name>Hash Browns</name><price>7.07</price></item><item><name>Hotcakes</name><price>3.35</price></item></category><category><name>Snacks &amp; Sides</name><item><name>French Fries</name><price>4.13</price></item><item><name>McNuggets</name><price>8.27</price></item><item><name>Apple Slices</name><price>5.95</price></item></category></menu><employees><employee><name>1P3HIrDw</name><position>Manager</position><hourlyWage>14.98</hourlyWage></employee><employee><name>Tg283Rlr</name><position>Manager</position><hourlyWage>14.27</hourlyWage></employee><employee><name>vMdjaYhD</name><position>Cook</position><hourlyWage>12.28</hourlyWage></employee><employee><name>5x0pTevK</name><position>Cashier</position><hourlyWage>18.31</hourlyWage></employee><employee><name>bjAg2GuX</name><position>Cook</position><hourlyWage>18.19</hourlyWage></employee><employee><name>65jpGUn5</name><position>Waiter</position><hourlyWage>16.05</hourlyWage></employee><employee><name>BVUHzXKK</name><position>Cashier</position><hourlyWage>12.13</hourlyWage></employee><employee><name>AH3NMuYC</name><position>Manager</position><hourlyWage>14.88</hourlyWage></employee></employees><operatingHours><day><name>Monday</name><openingTime>09:00</openingTime><closingTime>22:00</closingTime></day><day><name>Tuesday</name><openingTime>09:00</openingTime><closingTime>22:00</closingTime></day><day><name>Wednesday</name><openingTime>09:00</openingTime><closingTime>22:00</closingTime></day><day><name>Thursday</name><openingTime>09:00</openingTime><closingTime>22:00</closingTime></day><day><name>Friday</name><openingTime>09:00</openingTime><closingTime>22:00</closingTime></day><day><name>Saturday</name><openingTime>09:00</openingTime><closingTime>22:00</closingTime></day><day><name>Sunday</name><openingTime>09:00</openingTime><closingTime>22:00</closingTime></day></operatingHours><onlineOrdering>false</onlineOrdering><loyaltyProgramEnabled>true</loyaltyProgramEnabled><driveThruAvailable>false</driveThruAvailable><language>English</language><taxReference>vwJSPw9h</taxReference><operations /></restaurantConfig>