<restaurantConfig><name>cU96whphcZ</name><location><city>San Francisco</city><zipcode>36989</zipcode></location><currency>USD</currency><timezone>EST</timezone><menu><category><name>Chicken &amp; Sandwiches</name><item><name>McChicken Deluxe</name><price>3.79</price></item><item><name>Artisan Grilled Chicken Sandwich</name><price>8.06</price></item><item><name>Buttermilk Crispy Chicken Sandwich</name><price>1.4</price></item></category><category><name>Breakfast</name><item><name>Sausage McMuffin</name><price>1.16</price></item><item><name>Hotcakes</name><price>3.47</price></item><item><name>Egg McMuffin</name><price>5.26</price></item><item><name>Big Breakfast</name><price>2.57</price></item></category></menu><employees><employee><name>LCT20QmW</name><position>Cook</position><hourlyWage>19.56</hourlyWage></employee><employee><name>jTBSZBf0</name><position>Cashier</position><hourlyWage>9.72</hourlyWage></employee><employee><name>TIXiaKTX</name><position>Waiter</position><hourlyWage>11.89</hourlyWage></employee><employee><name>shjPDfkH</name><position>Cook</position><hourlyWage>17.9</hourlyWage></employee><employee><name>kufq01rM</name><position>Cook</position><hourlyWage>12.03</hourlyWage></employee><employee><name>debcoihh</name><position>Manager</position><hourlyWage>16.09</hourlyWage></employee><employee><name>65QqKfSy</name><position>Manager</position><hourlyWage>9.93</hourlyWage></employee><employee><name>3BPOf3r8</name><position>Waiter</position><hourlyWage>15.62</hourlyWage></employee></employees><operatingHours><day><name>Monday</name><openingTime>09:00</openingTime><closingTime>22:00</closingTime></day><day><name>Tuesday</name><openingTime>09:00</openingTime><closingTime>22:00</closingTime></day><day><name>Wednesday</name><openingTime>09:00</openingTime><closingTime>22:00</closingTime></day><day><name>Thursday</name><openingTime>09:00</openingTime><closingTime>22:00</closingTime></day><day><name>Friday</name><openingTime>09:00</openingTime><closingTime>22:00</closingTime></day><day><name>Saturday</name><openingTime>09:00</openingTime><closingTime>22:00</closingTime></day><day><name>Sunday</name><openingTime>09:00</openingTime><closingTime>22:00</closingTime></day></operatingHours><onlineOrdering>true</onlineOrdering><loyaltyProgramEnabled>false</loyaltyProgramEnabled><driveThruAvailable>false</driveThruAvailable><language>French</language><taxReference>j2R08KBo</taxReference><operations /></restaurantConfig>