<restaurantConfig><name>BBJlNkIjZX</name><location><city>Oklahoma City</city><zipcode>82650</zipcode></location><currency>USD</currency><timezone>EST</timezone><menu><category><name>Burgers</name><item><name>McChicken</name><price>1.39</price></item></category><category><name>Chicken &amp; Sandwiches</name><item><name>Buttermilk Crispy Chicken Sandwich</name><price>2.86</price></item><item><name>McChicken Deluxe</name><price>7.73</price></item><item><name>Spicy McChicken</name><price>4.39</price></item></category></menu><employees><employee><name>9LePlMZ7</name><position>Cook</position><hourlyWage>8.75</hourlyWage></employee><employee><name>5rzoKYQP</name><position>Waiter</position><hourlyWage>18.45</hourlyWage></employee><employee><name>klxKRrXv</name><position>Cook</position><hourlyWage>15.59</hourlyWage></employee><employee><name>CTCKF9iD</name><position>Waiter</position><hourlyWage>16.64</hourlyWage></employee><employee><name>x5PYe0Vz</name><position>Manager</position><hourlyWage>15.84</hourlyWage></employee><employee><name>KjmnUy7m</name><position>Cashier</position><hourlyWage>8.52</hourlyWage></employee><employee><name>IJoCESmw</name><position>Cook</position><hourlyWage>10.77</hourlyWage></employee><employee><name>ZQjCUjUe</name><position>Cook</position><hourlyWage>19.41</hourlyWage></employee><employee><name>r1DhJR6t</name><position>Manager</position><hourlyWage>17.88</hourlyWage></employee><employee><name>uqFjOfXM</name><position>Cashier</position><hourlyWage>18.7</hourlyWage></employee></employees><operatingHours><day><name>Monday</name><openingTime>09:00</openingTime><closingTime>22:00</closingTime></day><day><name>Tuesday</name><openingTime>09:00</openingTime><closingTime>22:00</closingTime></day><day><name>Wednesday</name><openingTime>09:00</openingTime><closingTime>22:00</closingTime></day><day><name>Thursday</name><openingTime>09:00</openingTime><closingTime>22:00</closingTime></day><day><name>Friday</name><openingTime>09:00</openingTime><closingTime>22:00</closingTime></day><day><name>Saturday</name><openingTime>09:00</openingTime><closingTime>22:00</closingTime></day><day><name>Sunday</name><openingTime>09:00</openingTime><closingTime>22:00</closingTime></day></operatingHours><onlineOrdering>false</onlineOrdering><loyaltyProgramEnabled>true</loyaltyProgramEnabled><driveThruAvailable>false</driveThruAvailable><language>French</language><taxReference>2bXdcNR6</taxReference><operations /></restaurantConfig>