<restaurantConfig><name>dgrhlZvRqF</name><location><city>Raleigh</city><zipcode>49877</zipcode></location><currency>USD</currency><timezone>EST</timezone><menu><category><name>Chicken &amp; Sandwiches</name><item><name>McChicken Deluxe</name><price>7.7</price></item></category><category><name>Salads</name><item><name>Bacon Ranch Salad</name><price>4.47</price></item><item><name>Side Salad</name><price>6.99</price></item><item><name>Southwest Grilled Chicken Salad</name><price>7.8</price></item></category><category><name>Breakfast</name><item><name>Sausage McMuffin</name><price>1.89</price></item><item><name>Hash Browns</name><price>3.92</price></item><item><name>Big Breakfast</name><price>2.06</price></item><item><name>Hotcakes</name><price>8.48</price></item><item><name>Egg McMuffin</name><price>5.73</price></item></category></menu><employees><employee><name>HMxC9sCI</name><position>Manager</position><hourlyWage>9.91</hourlyWage></employee><employee><name>dgdwNv4G</name><position>Cook</position><hourlyWage>14.34</hourlyWage></employee><employee><name>Y5ZMrcco</name><position>Cashier</position><hourlyWage>12.55</hourlyWage></employee></employees><operatingHours><day><name>Monday</name><openingTime>09:00</openingTime><closingTime>22:00</closingTime></day><day><name>Tuesday</name><openingTime>09:00</openingTime><closingTime>22:00</closingTime></day><day><name>Wednesday</name><openingTime>09:00</openingTime><closingTime>22:00</closingTime></day><day><name>Thursday</name><openingTime>09:00</openingTime><closingTime>22:00</closingTime></day><day><name>Friday</name><openingTime>09:00</openingTime><closingTime>22:00</closingTime></day><day><name>Saturday</name><openingTime>09:00</openingTime><closingTime>22:00</closingTime></day><day><name>Sunday</name><openingTime>09:00</openingTime><closingTime>22:00</closingTime></day></operatingHours><onlineOrdering>false</onlineOrdering><loyaltyProgramEnabled>true</loyaltyProgramEnabled><driveThruAvailable>false</driveThruAvailable><language>German</language><taxReference>cE1W7ID0</taxReference><operations /></restaurantConfig>