<restaurantConfig><name>7TUCgipHgd</name><location><city>Columbus</city><zipcode>52378</zipcode></location><currency>USD</currency><timezone>EST</timezone><menu><category><name>Burgers</name><item><name>McDouble</name><price>2.9</price></item><item><name>Quarter Pounder with Cheese</name><price>5.18</price></item></category><category><name>Chicken &amp; Sandwiches</name><item><name>Buttermilk Crispy Chicken Sandwich</name><price>8.12</price></item><item><name>Spicy McChicken</name><price>4.28</price></item></category><category><name>Snacks &amp; Sides</name><item><name>Apple Slices</name><price>3.28</price></item></category></menu><employees><employee><name>j2nRnHt8</name><position>Waiter</position><hourlyWage>19.46</hourlyWage></employee></employees><operatingHours><day><name>Monday</name><openingTime>09:00</openingTime><closingTime>22:00</closingTime></day><day><name>Tuesday</name><openingTime>09:00</openingTime><closingTime>22:00</closingTime></day><day><name>Wednesday</name><openingTime>09:00</openingTime><closingTime>22:00</closingTime></day><day><name>Thursday</name><openingTime>09:00</openingTime><closingTime>22:00</closingTime></day><day><name>Friday</name><openingTime>09:00</openingTime><closingTime>22:00</closingTime></day><day><name>Saturday</name><openingTime>09:00</openingTime><closingTime>22:00</closingTime></day><day><name>Sunday</name><openingTime>09:00</openingTime><closingTime>22:00</closingTime></day></operatingHours><onlineOrdering>false</onlineOrdering><loyaltyProgramEnabled>true</loyaltyProgramEnabled><driveThruAvailable>false</driveThruAvailable><language>French</language><taxReference>Nab4eN3Q</taxReference><operations /></restaurantConfig>