<restaurantConfig><name>nHwSH9tDE5</name><location><city>Fort Worth</city><zipcode>76428</zipcode></location><currency>USD</currency><timezone>EST</timezone><menu><category><name>Burgers</name><item><name>Quarter Pounder with Cheese</name><price>4.32</price></item><item><name>Filet-O-Fish</name><price>6.43</price></item><item><name>Big Mac</name><price>3.78</price></item><item><name>McDouble</name><price>7.71</price></item></category><category><name>Salads</name><item><name>Bacon Ranch Salad</name><price>4.76</price></item></category></menu><employees><employee><name>5IF2T8TO</name><position>Cashier</position><hourlyWage>9.38</hourlyWage></employee><employee><name>gLu2htQC</name><position>Manager</position><hourlyWage>13.41</hourlyWage></employee><employee><name>riO0fs1E</name><position>Manager</position><hourlyWage>11.8</hourlyWage></employee><employee><name>ikQ8BFTo</name><position>Waiter</position><hourlyWage>18.83</hourlyWage></employee><employee><name>Nnz5PyWI</name><position>Manager</position><hourlyWage>19.7</hourlyWage></employee><employee><name>geaoOkU7</name><position>Waiter</position><hourlyWage>9.01</hourlyWage></employee><employee><name>dqYlfygl</name><position>Manager</position><hourlyWage>16.96</hourlyWage></employee><employee><name>5I5XsNG0</name><position>Manager</position><hourlyWage>19.77</hourlyWage></employee><employee><name>CZKOJ0MW</name><position>Cook</position><hourlyWage>10.6</hourlyWage></employee></employees><operatingHours><day><name>Monday</name><openingTime>09:00</openingTime><closingTime>22:00</closingTime></day><day><name>Tuesday</name><openingTime>09:00</openingTime><closingTime>22:00</closingTime></day><day><name>Wednesday</name><openingTime>09:00</openingTime><closingTime>22:00</closingTime></day><day><name>Thursday</name><openingTime>09:00</openingTime><closingTime>22:00</closingTime></day><day><name>Friday</name><openingTime>09:00</openingTime><closingTime>22:00</closingTime></day><day><name>Saturday</name><openingTime>09:00</openingTime><closingTime>22:00</closingTime></day><day><name>Sunday</name><openingTime>09:00</openingTime><closingTime>22:00</closingTime></day></operatingHours><onlineOrdering>true</onlineOrdering><loyaltyProgramEnabled>true</loyaltyProgramEnabled><driveThruAvailable>true</driveThruAvailable><language>Spanish</language><taxReference>epzmb0Y5</taxReference><operations /></restaurantConfig>