<restaurantConfig><name>ffnkLH8hdf</name><location><city>Miami</city><zipcode>42949</zipcode></location><currency>USD</currency><timezone>EST</timezone><menu><category><name>Burgers</name><item><name>McDouble</name><price>6.15</price></item><item><name>Quarter Pounder with Cheese</name><price>7.69</price></item></category><category><name>Salads</name><item><name>Side Salad</name><price>3.4</price></item></category><category><name>Snacks &amp; Sides</name><item><name>French Fries</name><price>1.46</price></item><item><name>Apple Slices</name><price>4.49</price></item></category></menu><employees><employee><name>Y849qaGA</name><position>Waiter</position><hourlyWage>9.95</hourlyWage></employee></employees><operatingHours><day><name>Monday</name><openingTime>09:00</openingTime><closingTime>22:00</closingTime></day><day><name>Tuesday</name><openingTime>09:00</openingTime><closingTime>22:00</closingTime></day><day><name>Wednesday</name><openingTime>09:00</openingTime><closingTime>22:00</closingTime></day><day><name>Thursday</name><openingTime>09:00</openingTime><closingTime>22:00</closingTime></day><day><name>Friday</name><openingTime>09:00</openingTime><closingTime>22:00</closingTime></day><day><name>Saturday</name><openingTime>09:00</openingTime><closingTime>22:00</closingTime></day><day><name>Sunday</name><openingTime>09:00</openingTime><closingTime>22:00</closingTime></day></operatingHours><onlineOrdering>true</onlineOrdering><loyaltyProgramEnabled>true</loyaltyProgramEnabled><driveThruAvailable>true</driveThruAvailable><language>German</language><taxReference>sEz2jPVH</taxReference><operations /></restaurantConfig>