<restaurantConfig><name>CwlQLg8RPU</name><location><city>Raleigh</city><zipcode>91015</zipcode></location><currency>USD</currency><timezone>EST</timezone><menu><category><name>Chicken &amp; Sandwiches</name><item><name>Spicy McChicken</name><price>5.4</price></item><item><name>Buttermilk Crispy Chicken Sandwich</name><price>7.49</price></item><item><name>McChicken Deluxe</name><price>6.67</price></item></category><category><name>Snacks &amp; Sides</name><item><name>McNuggets</name><price>4.58</price></item></category></menu><employees><employee><name>Eowlc8TK</name><position>Cook</position><hourlyWage>19.45</hourlyWage></employee><employee><name>ClSrFU6W</name><position>Waiter</position><hourlyWage>8.12</hourlyWage></employee><employee><name>PLJUYlzO</name><position>Cook</position><hourlyWage>9.4</hourlyWage></employee><employee><name>9Pips6Ef</name><position>Cashier</position><hourlyWage>14.8</hourlyWage></employee><employee><name>nflFGSKZ</name><position>Cook</position><hourlyWage>15.57</hourlyWage></employee><employee><name>BUshqNok</name><position>Waiter</position><hourlyWage>11.56</hourlyWage></employee><employee><name>NI92vHBY</name><position>Cashier</position><hourlyWage>16.78</hourlyWage></employee><employee><name>DZPUCHLD</name><position>Cashier</position><hourlyWage>11.14</hourlyWage></employee><employee><name>fvMJPZbX</name><position>Cashier</position><hourlyWage>15.1</hourlyWage></employee></employees><operatingHours><day><name>Monday</name><openingTime>09:00</openingTime><closingTime>22:00</closingTime></day><day><name>Tuesday</name><openingTime>09:00</openingTime><closingTime>22:00</closingTime></day><day><name>Wednesday</name><openingTime>09:00</openingTime><closingTime>22:00</closingTime></day><day><name>Thursday</name><openingTime>09:00</openingTime><closingTime>22:00</closingTime></day><day><name>Friday</name><openingTime>09:00</openingTime><closingTime>22:00</closingTime></day><day><name>Saturday</name><openingTime>09:00</openingTime><closingTime>22:00</closingTime></day><day><name>Sunday</name><openingTime>09:00</openingTime><closingTime>22:00</closingTime></day></operatingHours><onlineOrdering>false</onlineOrdering><loyaltyProgramEnabled>false</loyaltyProgramEnabled><driveThruAvailable>false</driveThruAvailable><language>French</language><taxReference>7fpyV4X0</taxReference><operations /></restaurantConfig>