<restaurantConfig><name>AQ4BQHUSot</name><location><city>Houston</city><zipcode>65354</zipcode></location><currency>USD</currency><timezone>EST</timezone><menu><category><name>Burgers</name><item><name>McDouble</name><price>1.72</price></item></category><category><name>Chicken &amp; Sandwiches</name><item><name>Buttermilk Crispy Chicken Sandwich</name><price>5.48</price></item><item><name>Spicy McChicken</name><price>5.01</price></item><item><name>Artisan Grilled Chicken Sandwich</name><price>4.54</price></item></category><category><name>Breakfast</name><item><name>Big Breakfast</name><price>7.84</price></item><item><name>Hotcakes</name><price>6.44</price></item><item><name>Sausage McMuffin</name><price>8.37</price></item><item><name>Egg McMuffin</name><price>3.22</price></item></category></menu><employees><employee><name>5D3BVjhJ</name><position>Manager</position><hourlyWage>14.8</hourlyWage></employee><employee><name>FvnqhXkC</name><position>Waiter</position><hourlyWage>9.99</hourlyWage></employee><employee><name>mDGfLJBg</name><position>Cook</position><hourlyWage>12.18</hourlyWage></employee><employee><name>tndMeeFq</name><position>Manager</position><hourlyWage>12.86</hourlyWage></employee><employee><name>Oc4adou2</name><position>Cashier</position><hourlyWage>18.06</hourlyWage></employee></employees><operatingHours><day><name>Monday</name><openingTime>09:00</openingTime><closingTime>22:00</closingTime></day><day><name>Tuesday</name><openingTime>09:00</openingTime><closingTime>22:00</closingTime></day><day><name>Wednesday</name><openingTime>09:00</openingTime><closingTime>22:00</closingTime></day><day><name>Thursday</name><openingTime>09:00</openingTime><closingTime>22:00</closingTime></day><day><name>Friday</name><openingTime>09:00</openingTime><closingTime>22:00</closingTime></day><day><name>Saturday</name><openingTime>09:00</openingTime><closingTime>22:00</closingTime></day><day><name>Sunday</name><openingTime>09:00</openingTime><closingTime>22:00</closingTime></day></operatingHours><onlineOrdering>true</onlineOrdering><loyaltyProgramEnabled>false</loyaltyProgramEnabled><driveThruAvailable>false</driveThruAvailable><language>German</language><taxReference>BvmU1dw9</taxReference><operations /></restaurantConfig>