<restaurantConfig><name>qZxJ2s7IuU</name><location><city>Jacksonville</city><zipcode>90097</zipcode></location><currency>USD</currency><timezone>EST</timezone><menu><category><name>Burgers</name><item><name>Filet-O-Fish</name><price>9.98</price></item><item><name>Quarter Pounder with Cheese</name><price>8.27</price></item><item><name>McDouble</name><price>8.57</price></item><item><name>Big Mac</name><price>2.34</price></item></category><category><name>Chicken &amp; Sandwiches</name><item><name>McChicken Deluxe</name><price>9.62</price></item></category><category><name>Salads</name><item><name>Southwest Grilled Chicken Salad</name><price>6.3</price></item></category><category><name>Breakfast</name><item><name>Sausage McMuffin</name><price>9.64</price></item><item><name>Egg McMuffin</name><price>1.78</price></item></category><category><name>Snacks &amp; Sides</name><item><name>French Fries</name><price>9.39</price></item><item><name>Apple Slices</name><price>2.43</price></item></category></menu><employees><employee><name>Dbsuwllr</name><position>Waiter</position><hourlyWage>15.7</hourlyWage></employee><employee><name>mj3NTxuh</name><position>Cook</position><hourlyWage>15.25</hourlyWage></employee><employee><name>rCGgEbDu</name><position>Manager</position><hourlyWage>12.57</hourlyWage></employee><employee><name>Uuo4SAMv</name><position>Cashier</position><hourlyWage>17.56</hourlyWage></employee><employee><name>GmaqIwwO</name><position>Cook</position><hourlyWage>9.04</hourlyWage></employee><employee><name>NFpMd7Jw</name><position>Cook</position><hourlyWage>16.24</hourlyWage></employee><employee><name>kwEs0z14</name><position>Manager</position><hourlyWage>8.39</hourlyWage></employee></employees><operatingHours><day><name>Monday</name><openingTime>09:00</openingTime><closingTime>22:00</closingTime></day><day><name>Tuesday</name><openingTime>09:00</openingTime><closingTime>22:00</closingTime></day><day><name>Wednesday</name><openingTime>09:00</openingTime><closingTime>22:00</closingTime></day><day><name>Thursday</name><openingTime>09:00</openingTime><closingTime>22:00</closingTime></day><day><name>Friday</name><openingTime>09:00</openingTime><closingTime>22:00</closingTime></day><day><name>Saturday</name><openingTime>09:00</openingTime><closingTime>22:00</closingTime></day><day><name>Sunday</name><openingTime>09:00</openingTime><closingTime>22:00</closingTime></day></operatingHours><onlineOrdering>true</onlineOrdering><loyaltyProgramEnabled>true</loyaltyProgramEnabled><driveThruAvailable>true</driveThruAvailable><language>French</language><taxReference>8UbCctlW</taxReference><operations /></restaurantConfig>