<restaurantConfig><name>JPOcBijwXe</name><location><city>Chicago</city><zipcode>59575</zipcode></location><currency>USD</currency><timezone>EST</timezone><menu><category><name>Burgers</name><item><name>Filet-O-Fish</name><price>4.45</price></item><item><name>McDouble</name><price>5.82</price></item></category><category><name>Salads</name><item><name>Southwest Grilled Chicken Salad</name><price>7.91</price></item><item><name>Bacon Ranch Salad</name><price>5.31</price></item></category></menu><employees><employee><name>WPnDV1nc</name><position>Manager</position><hourlyWage>16.51</hourlyWage></employee><employee><name>cyRaRp5G</name><position>Manager</position><hourlyWage>11.34</hourlyWage></employee><employee><name>D9YzI3Lk</name><position>Cook</position><hourlyWage>11.89</hourlyWage></employee><employee><name>fiAg2T8q</name><position>Cook</position><hourlyWage>13.95</hourlyWage></employee><employee><name>wDmjqCAz</name><position>Manager</position><hourlyWage>16.1</hourlyWage></employee><employee><name>VS4CJxiA</name><position>Manager</position><hourlyWage>17.97</hourlyWage></employee></employees><operatingHours><day><name>Monday</name><openingTime>09:00</openingTime><closingTime>22:00</closingTime></day><day><name>Tuesday</name><openingTime>09:00</openingTime><closingTime>22:00</closingTime></day><day><name>Wednesday</name><openingTime>09:00</openingTime><closingTime>22:00</closingTime></day><day><name>Thursday</name><openingTime>09:00</openingTime><closingTime>22:00</closingTime></day><day><name>Friday</name><openingTime>09:00</openingTime><closingTime>22:00</closingTime></day><day><name>Saturday</name><openingTime>09:00</openingTime><closingTime>22:00</closingTime></day><day><name>Sunday</name><openingTime>09:00</openingTime><closingTime>22:00</closingTime></day></operatingHours><onlineOrdering>false</onlineOrdering><loyaltyProgramEnabled>false</loyaltyProgramEnabled><driveThruAvailable>false</driveThruAvailable><language>German</language><taxReference>Odg4QqzG</taxReference><operations /></restaurantConfig>