<restaurantConfig><name>NeRF1gXsLO</name><location><city>Columbus</city><zipcode>16874</zipcode></location><currency>USD</currency><timezone>EST</timezone><menu><category><name>Burgers</name><item><name>McDouble</name><price>4.18</price></item><item><name>McChicken</name><price>7.64</price></item><item><name>Quarter Pounder with Cheese</name><price>6.83</price></item><item><name>Filet-O-Fish</name><price>7.91</price></item></category><category><name>Salads</name><item><name>Southwest Grilled Chicken Salad</name><price>7.98</price></item></category></menu><employees><employee><name>TVE5dO4n</name><position>Cook</position><hourlyWage>17.1</hourlyWage></employee><employee><name>aJ8bY8CS</name><position>Cook</position><hourlyWage>11.68</hourlyWage></employee><employee><name>DQBDzN4S</name><position>Cook</position><hourlyWage>18.85</hourlyWage></employee><employee><name>PYmykX3Y</name><position>Cook</position><hourlyWage>15.06</hourlyWage></employee><employee><name>bgO4QlKg</name><position>Cashier</position><hourlyWage>13.88</hourlyWage></employee><employee><name>8opkl75S</name><position>Manager</position><hourlyWage>10.27</hourlyWage></employee><employee><name>pgKtDy0M</name><position>Waiter</position><hourlyWage>8.72</hourlyWage></employee><employee><name>3CbuyImk</name><position>Waiter</position><hourlyWage>13.57</hourlyWage></employee><employee><name>hD6CTOWu</name><position>Waiter</position><hourlyWage>14.58</hourlyWage></employee></employees><operatingHours><day><name>Monday</name><openingTime>09:00</openingTime><closingTime>22:00</closingTime></day><day><name>Tuesday</name><openingTime>09:00</openingTime><closingTime>22:00</closingTime></day><day><name>Wednesday</name><openingTime>09:00</openingTime><closingTime>22:00</closingTime></day><day><name>Thursday</name><openingTime>09:00</openingTime><closingTime>22:00</closingTime></day><day><name>Friday</name><openingTime>09:00</openingTime><closingTime>22:00</closingTime></day><day><name>Saturday</name><openingTime>09:00</openingTime><closingTime>22:00</closingTime></day><day><name>Sunday</name><openingTime>09:00</openingTime><closingTime>22:00</closingTime></day></operatingHours><onlineOrdering>true</onlineOrdering><loyaltyProgramEnabled>false</loyaltyProgramEnabled><driveThruAvailable>true</driveThruAvailable><language>Spanish</language><taxReference>uhNC1UbN</taxReference><operations /></restaurantConfig>