<restaurantConfig><name>LmCqfooN7X</name><location><city>Miami</city><zipcode>49038</zipcode></location><currency>USD</currency><timezone>EST</timezone><menu><category><name>Chicken &amp; Sandwiches</name><item><name>Buttermilk Crispy Chicken Sandwich</name><price>4.32</price></item></category><category><name>Breakfast</name><item><name>Hash Browns</name><price>7.55</price></item><item><name>Egg McMuffin</name><price>7.95</price></item><item><name>Big Breakfast</name><price>3.39</price></item></category><category><name>Snacks &amp; Sides</name><item><name>French Fries</name><price>6.37</price></item><item><name>Apple Slices</name><price>4.3</price></item></category></menu><employees><employee><name>0YpzbKvL</name><position>Manager</position><hourlyWage>11.62</hourlyWage></employee></employees><operatingHours><day><name>Monday</name><openingTime>09:00</openingTime><closingTime>22:00</closingTime></day><day><name>Tuesday</name><openingTime>09:00</openingTime><closingTime>22:00</closingTime></day><day><name>Wednesday</name><openingTime>09:00</openingTime><closingTime>22:00</closingTime></day><day><name>Thursday</name><openingTime>09:00</openingTime><closingTime>22:00</closingTime></day><day><name>Friday</name><openingTime>09:00</openingTime><closingTime>22:00</closingTime></day><day><name>Saturday</name><openingTime>09:00</openingTime><closingTime>22:00</closingTime></day><day><name>Sunday</name><openingTime>09:00</openingTime><closingTime>22:00</closingTime></day></operatingHours><onlineOrdering>true</onlineOrdering><loyaltyProgramEnabled>false</loyaltyProgramEnabled><driveThruAvailable>false</driveThruAvailable><language>French</language><taxReference>cL1wz8AH</taxReference><operations /></restaurantConfig>