<restaurantConfig><name>P1RtgkTNyJ</name><location><city>Raleigh</city><zipcode>83394</zipcode></location><currency>USD</currency><timezone>EST</timezone><menu><category><name>Burgers</name><item><name>Quarter Pounder with Cheese</name><price>8.73</price></item><item><name>Filet-O-Fish</name><price>7.82</price></item><item><name>McDouble</name><price>5.53</price></item><item><name>Big Mac</name><price>1.12</price></item></category><category><name>Breakfast</name><item><name>Big Breakfast</name><price>6.41</price></item><item><name>Hotcakes</name><price>7.35</price></item><item><name>Egg McMuffin</name><price>1.59</price></item><item><name>Hash Browns</name><price>9.26</price></item><item><name>Sausage McMuffin</name><price>2.51</price></item></category></menu><employees><employee><name>6VrtEBXk</name><position>Waiter</position><hourlyWage>9.88</hourlyWage></employee></employees><operatingHours><day><name>Monday</name><openingTime>09:00</openingTime><closingTime>22:00</closingTime></day><day><name>Tuesday</name><openingTime>09:00</openingTime><closingTime>22:00</closingTime></day><day><name>Wednesday</name><openingTime>09:00</openingTime><closingTime>22:00</closingTime></day><day><name>Thursday</name><openingTime>09:00</openingTime><closingTime>22:00</closingTime></day><day><name>Friday</name><openingTime>09:00</openingTime><closingTime>22:00</closingTime></day><day><name>Saturday</name><openingTime>09:00</openingTime><closingTime>22:00</closingTime></day><day><name>Sunday</name><openingTime>09:00</openingTime><closingTime>22:00</closingTime></day></operatingHours><onlineOrdering>false</onlineOrdering><loyaltyProgramEnabled>false</loyaltyProgramEnabled><driveThruAvailable>false</driveThruAvailable><language>French</language><taxReference>ZklnqucW</taxReference><operations /></restaurantConfig>