<restaurantConfig><name>pDlNSDhwaW</name><location><city>Oklahoma City</city><zipcode>94390</zipcode></location><currency>USD</currency><timezone>EST</timezone><menu><category><name>Chicken &amp; Sandwiches</name><item><name>McChicken Deluxe</name><price>8.65</price></item><item><name>Artisan Grilled Chicken Sandwich</name><price>3.51</price></item><item><name>Buttermilk Crispy Chicken Sandwich</name><price>9.45</price></item><item><name>Spicy McChicken</name><price>2.15</price></item></category></menu><employees><employee><name>WIJRZhkt</name><position>Manager</position><hourlyWage>10.65</hourlyWage></employee><employee><name>rCKzofmU</name><position>Waiter</position><hourlyWage>17.51</hourlyWage></employee><employee><name>QRupMswH</name><position>Cashier</position><hourlyWage>12.97</hourlyWage></employee><employee><name>FzfIRZ0Y</name><position>Cook</position><hourlyWage>8.43</hourlyWage></employee><employee><name>PH825xNP</name><position>Cashier</position><hourlyWage>11.77</hourlyWage></employee></employees><operatingHours><day><name>Monday</name><openingTime>09:00</openingTime><closingTime>22:00</closingTime></day><day><name>Tuesday</name><openingTime>09:00</openingTime><closingTime>22:00</closingTime></day><day><name>Wednesday</name><openingTime>09:00</openingTime><closingTime>22:00</closingTime></day><day><name>Thursday</name><openingTime>09:00</openingTime><closingTime>22:00</closingTime></day><day><name>Friday</name><openingTime>09:00</openingTime><closingTime>22:00</closingTime></day><day><name>Saturday</name><openingTime>09:00</openingTime><closingTime>22:00</closingTime></day><day><name>Sunday</name><openingTime>09:00</openingTime><closingTime>22:00</closingTime></day></operatingHours><onlineOrdering>true</onlineOrdering><loyaltyProgramEnabled>true</loyaltyProgramEnabled><driveThruAvailable>true</driveThruAvailable><language>Spanish</language><taxReference>RZf4Bjyt</taxReference><operations /></restaurantConfig>