<restaurantConfig><name>736ujoqFpV</name><location><city>San Jose</city><zipcode>40860</zipcode></location><currency>USD</currency><timezone>EST</timezone><menu><category><name>Snacks &amp; Sides</name><item><name>McNuggets</name><price>7.34</price></item><item><name>French Fries</name><price>6.32</price></item><item><name>Apple Slices</name><price>5.64</price></item></category></menu><employees><employee><name>JOqzmFBK</name><position>Cook</position><hourlyWage>14.3</hourlyWage></employee><employee><name>QrWpWQa6</name><position>Cook</position><hourlyWage>10.32</hourlyWage></employee><employee><name>ZiJzympH</name><position>Cook</position><hourlyWage>8.01</hourlyWage></employee><employee><name>lLaOkEfM</name><position>Cook</position><hourlyWage>18.26</hourlyWage></employee><employee><name>Z9v38OAA</name><position>Cook</position><hourlyWage>17.05</hourlyWage></employee></employees><operatingHours><day><name>Monday</name><openingTime>09:00</openingTime><closingTime>22:00</closingTime></day><day><name>Tuesday</name><openingTime>09:00</openingTime><closingTime>22:00</closingTime></day><day><name>Wednesday</name><openingTime>09:00</openingTime><closingTime>22:00</closingTime></day><day><name>Thursday</name><openingTime>09:00</openingTime><closingTime>22:00</closingTime></day><day><name>Friday</name><openingTime>09:00</openingTime><closingTime>22:00</closingTime></day><day><name>Saturday</name><openingTime>09:00</openingTime><closingTime>22:00</closingTime></day><day><name>Sunday</name><openingTime>09:00</openingTime><closingTime>22:00</closingTime></day></operatingHours><onlineOrdering>true</onlineOrdering><loyaltyProgramEnabled>true</loyaltyProgramEnabled><driveThruAvailable>true</driveThruAvailable><language>German</language><taxReference>GVJnlsPq</taxReference><operations /></restaurantConfig>