<restaurantConfig><name>asx9LLUwcH</name><location><city>Virginia Beach</city><zipcode>20116</zipcode></location><currency>USD</currency><timezone>EST</timezone><menu><category><name>Burgers</name><item><name>Quarter Pounder with Cheese</name><price>5.32</price></item><item><name>McDouble</name><price>7.92</price></item><item><name>Big Mac</name><price>4.1</price></item></category><category><name>Chicken &amp; Sandwiches</name><item><name>Buttermilk Crispy Chicken Sandwich</name><price>2.56</price></item><item><name>McChicken Deluxe</name><price>2.95</price></item><item><name>Artisan Grilled Chicken Sandwich</name><price>5.99</price></item></category><category><name>Salads</name><item><name>Side Salad</name><price>8.21</price></item></category><category><name>Breakfast</name><item><name>Big Breakfast</name><price>4.53</price></item><item><name>Egg McMuffin</name><price>7.64</price></item><item><name>Hash Browns</name><price>9.19</price></item></category></menu><employees><employee><name>xjkf6KNr</name><position>Manager</position><hourlyWage>19.53</hourlyWage></employee><employee><name>cqzVj8sa</name><position>Cashier</position><hourlyWage>13.75</hourlyWage></employee><employee><name>7TmCVjeZ</name><position>Manager</position><hourlyWage>12.33</hourlyWage></employee><employee><name>dWsBOUNu</name><position>Cook</position><hourlyWage>9.79</hourlyWage></employee><employee><name>q6oZfmom</name><position>Cashier</position><hourlyWage>17.55</hourlyWage></employee><employee><name>czSJHjxd</name><position>Waiter</position><hourlyWage>19.41</hourlyWage></employee><employee><name>zoNxjkBU</name><position>Waiter</position><hourlyWage>15.97</hourlyWage></employee><employee><name>JXFV4vPu</name><position>Cook</position><hourlyWage>16.05</hourlyWage></employee><employee><name>BvZZVziC</name><position>Manager</position><hourlyWage>18.05</hourlyWage></employee></employees><operatingHours><day><name>Monday</name><openingTime>09:00</openingTime><closingTime>22:00</closingTime></day><day><name>Tuesday</name><openingTime>09:00</openingTime><closingTime>22:00</closingTime></day><day><name>Wednesday</name><openingTime>09:00</openingTime><closingTime>22:00</closingTime></day><day><name>Thursday</name><openingTime>09:00</openingTime><closingTime>22:00</closingTime></day><day><name>Friday</name><openingTime>09:00</openingTime><closingTime>22:00</closingTime></day><day><name>Saturday</name><openingTime>09:00</openingTime><closingTime>22:00</closingTime></day><day><name>Sunday</name><openingTime>09:00</openingTime><closingTime>22:00</closingTime></day></operatingHours><onlineOrdering>false</onlineOrdering><loyaltyProgramEnabled>true</loyaltyProgramEnabled><driveThruAvailable>false</driveThruAvailable><language>French</language><taxReference>hoyjVsUF</taxReference><operations /></restaurantConfig>