<restaurantConfig><name>OnFCAykkZY</name><location><city>Portland</city><zipcode>55057</zipcode></location><currency>USD</currency><timezone>EST</timezone><menu><category><name>Burgers</name><item><name>Filet-O-Fish</name><price>8.59</price></item><item><name>McChicken</name><price>9.51</price></item><item><name>Quarter Pounder with Cheese</name><price>3.98</price></item><item><name>McDouble</name><price>3.94</price></item></category><category><name>Chicken &amp; Sandwiches</name><item><name>Buttermilk Crispy Chicken Sandwich</name><price>1.67</price></item><item><name>Artisan Grilled Chicken Sandwich</name><price>5.71</price></item><item><name>Spicy McChicken</name><price>3.04</price></item><item><name>McChicken Deluxe</name><price>7.57</price></item></category><category><name>Salads</name><item><name>Side Salad</name><price>2.19</price></item></category><category><name>Snacks &amp; Sides</name><item><name>McNuggets</name><price>1.06</price></item><item><name>Apple Slices</name><price>2.11</price></item></category></menu><employees><employee><name>cegYeyGe</name><position>Manager</position><hourlyWage>16.41</hourlyWage></employee><employee><name>RXRJCBb3</name><position>Waiter</position><hourlyWage>19.5</hourlyWage></employee><employee><name>gwGCTR2G</name><position>Waiter</position><hourlyWage>9.28</hourlyWage></employee><employee><name>Bx855mYS</name><position>Cashier</position><hourlyWage>8.01</hourlyWage></employee></employees><operatingHours><day><name>Monday</name><openingTime>09:00</openingTime><closingTime>22:00</closingTime></day><day><name>Tuesday</name><openingTime>09:00</openingTime><closingTime>22:00</closingTime></day><day><name>Wednesday</name><openingTime>09:00</openingTime><closingTime>22:00</closingTime></day><day><name>Thursday</name><openingTime>09:00</openingTime><closingTime>22:00</closingTime></day><day><name>Friday</name><openingTime>09:00</openingTime><closingTime>22:00</closingTime></day><day><name>Saturday</name><openingTime>09:00</openingTime><closingTime>22:00</closingTime></day><day><name>Sunday</name><openingTime>09:00</openingTime><closingTime>22:00</closingTime></day></operatingHours><onlineOrdering>true</onlineOrdering><loyaltyProgramEnabled>false</loyaltyProgramEnabled><driveThruAvailable>true</driveThruAvailable><language>French</language><taxReference>RwbBMCIb</taxReference><operations /></restaurantConfig>