<restaurantConfig><name>GURiy5pGKz</name><location><city>Raleigh</city><zipcode>28127</zipcode></location><currency>USD</currency><timezone>EST</timezone><menu><category><name>Burgers</name><item><name>Quarter Pounder with Cheese</name><price>9.74</price></item><item><name>McDouble</name><price>7.66</price></item><item><name>Filet-O-Fish</name><price>1.18</price></item><item><name>Big Mac</name><price>6.52</price></item></category><category><name>Chicken &amp; Sandwiches</name><item><name>Buttermilk Crispy Chicken Sandwich</name><price>3.42</price></item><item><name>McChicken Deluxe</name><price>1.36</price></item><item><name>Spicy McChicken</name><price>3.75</price></item></category><category><name>Salads</name><item><name>Southwest Grilled Chicken Salad</name><price>9.58</price></item><item><name>Side Salad</name><price>2.31</price></item></category><category><name>Breakfast</name><item><name>Big Breakfast</name><price>3.96</price></item></category><category><name>Snacks &amp; Sides</name><item><name>McNuggets</name><price>9.51</price></item><item><name>Apple Slices</name><price>5.6</price></item><item><name>French Fries</name><price>4.08</price></item></category></menu><employees><employee><name>qGAbftt8</name><position>Manager</position><hourlyWage>13.1</hourlyWage></employee><employee><name>Ik5eGjk2</name><position>Cook</position><hourlyWage>14.13</hourlyWage></employee></employees><operatingHours><day><name>Monday</name><openingTime>09:00</openingTime><closingTime>22:00</closingTime></day><day><name>Tuesday</name><openingTime>09:00</openingTime><closingTime>22:00</closingTime></day><day><name>Wednesday</name><openingTime>09:00</openingTime><closingTime>22:00</closingTime></day><day><name>Thursday</name><openingTime>09:00</openingTime><closingTime>22:00</closingTime></day><day><name>Friday</name><openingTime>09:00</openingTime><closingTime>22:00</closingTime></day><day><name>Saturday</name><openingTime>09:00</openingTime><closingTime>22:00</closingTime></day><day><name>Sunday</name><openingTime>09:00</openingTime><closingTime>22:00</closingTime></day></operatingHours><onlineOrdering>false</onlineOrdering><loyaltyProgramEnabled>true</loyaltyProgramEnabled><driveThruAvailable>false</driveThruAvailable><language>French</language><taxReference>wnDbg6Xb</taxReference><operations /></restaurantConfig>