<restaurantConfig><name>qW81UKjst5</name><location><city>Chicago</city><zipcode>23520</zipcode></location><currency>USD</currency><timezone>EST</timezone><menu><category><name>Burgers</name><item><name>Big Mac</name><price>8.03</price></item></category><category><name>Breakfast</name><item><name>Hotcakes</name><price>5.82</price></item></category></menu><employees><employee><name>4mfFnLrB</name><position>Manager</position><hourlyWage>19.55</hourlyWage></employee><employee><name>JRmvhEY8</name><position>Waiter</position><hourlyWage>14.26</hourlyWage></employee><employee><name>sZhBXise</name><position>Waiter</position><hourlyWage>16.91</hourlyWage></employee><employee><name>blZvoeOu</name><position>Cashier</position><hourlyWage>18.79</hourlyWage></employee><employee><name>SUDGkoMO</name><position>Manager</position><hourlyWage>14.35</hourlyWage></employee><employee><name>yWjdBImV</name><position>Waiter</position><hourlyWage>18.25</hourlyWage></employee><employee><name>IY7oM1KS</name><position>Cashier</position><hourlyWage>16.55</hourlyWage></employee><employee><name>U9EJ6CVv</name><position>Waiter</position><hourlyWage>13.09</hourlyWage></employee><employee><name>YrfJGDRP</name><position>Waiter</position><hourlyWage>11.8</hourlyWage></employee></employees><operatingHours><day><name>Monday</name><openingTime>09:00</openingTime><closingTime>22:00</closingTime></day><day><name>Tuesday</name><openingTime>09:00</openingTime><closingTime>22:00</closingTime></day><day><name>Wednesday</name><openingTime>09:00</openingTime><closingTime>22:00</closingTime></day><day><name>Thursday</name><openingTime>09:00</openingTime><closingTime>22:00</closingTime></day><day><name>Friday</name><openingTime>09:00</openingTime><closingTime>22:00</closingTime></day><day><name>Saturday</name><openingTime>09:00</openingTime><closingTime>22:00</closingTime></day><day><name>Sunday</name><openingTime>09:00</openingTime><closingTime>22:00</closingTime></day></operatingHours><onlineOrdering>false</onlineOrdering><loyaltyProgramEnabled>false</loyaltyProgramEnabled><driveThruAvailable>false</driveThruAvailable><language>French</language><taxReference>lL3drJWt</taxReference><operations /></restaurantConfig>