<restaurantConfig><name>gBxavgRfbT</name><location><city>Long Beach</city><zipcode>76508</zipcode></location><currency>USD</currency><timezone>EST</timezone><menu><category><name>Snacks &amp; Sides</name><item><name>Apple Slices</name><price>2.56</price></item><item><name>McNuggets</name><price>7.92</price></item><item><name>French Fries</name><price>6.69</price></item></category></menu><employees><employee><name>aecBaJi1</name><position>Cook</position><hourlyWage>14.15</hourlyWage></employee><employee><name>AZLZfPO1</name><position>Waiter</position><hourlyWage>11.79</hourlyWage></employee><employee><name>unRJozpF</name><position>Cashier</position><hourlyWage>13.65</hourlyWage></employee><employee><name>0eGVuuOv</name><position>Cashier</position><hourlyWage>13.02</hourlyWage></employee><employee><name>uWWPHCe6</name><position>Cashier</position><hourlyWage>17.79</hourlyWage></employee><employee><name>xkLw3nXV</name><position>Cashier</position><hourlyWage>16.67</hourlyWage></employee><employee><name>zlewafXw</name><position>Cook</position><hourlyWage>13.82</hourlyWage></employee><employee><name>24aQun3U</name><position>Waiter</position><hourlyWage>15.0</hourlyWage></employee><employee><name>qkGUQDPW</name><position>Cook</position><hourlyWage>17.89</hourlyWage></employee><employee><name>aQeHrpwt</name><position>Cashier</position><hourlyWage>16.97</hourlyWage></employee></employees><operatingHours><day><name>Monday</name><openingTime>09:00</openingTime><closingTime>22:00</closingTime></day><day><name>Tuesday</name><openingTime>09:00</openingTime><closingTime>22:00</closingTime></day><day><name>Wednesday</name><openingTime>09:00</openingTime><closingTime>22:00</closingTime></day><day><name>Thursday</name><openingTime>09:00</openingTime><closingTime>22:00</closingTime></day><day><name>Friday</name><openingTime>09:00</openingTime><closingTime>22:00</closingTime></day><day><name>Saturday</name><openingTime>09:00</openingTime><closingTime>22:00</closingTime></day><day><name>Sunday</name><openingTime>09:00</openingTime><closingTime>22:00</closingTime></day></operatingHours><onlineOrdering>false</onlineOrdering><loyaltyProgramEnabled>false</loyaltyProgramEnabled><driveThruAvailable>false</driveThruAvailable><language>English</language><taxReference>lptw6ie2</taxReference><operations /></restaurantConfig>