<restaurantConfig><name>v06iJuWR9o</name><location><city>Los Angeles</city><zipcode>11270</zipcode></location><currency>USD</currency><timezone>EST</timezone><menu><category><name>Chicken &amp; Sandwiches</name><item><name>McChicken Deluxe</name><price>7.53</price></item><item><name>Buttermilk Crispy Chicken Sandwich</name><price>8.52</price></item><item><name>Spicy McChicken</name><price>1.97</price></item></category><category><name>Breakfast</name><item><name>Big Breakfast</name><price>5.03</price></item></category></menu><employees><employee><name>GZHEbRwn</name><position>Manager</position><hourlyWage>14.51</hourlyWage></employee><employee><name>icX4KZjK</name><position>Manager</position><hourlyWage>18.07</hourlyWage></employee><employee><name>K3DPzvDp</name><position>Cashier</position><hourlyWage>18.63</hourlyWage></employee><employee><name>FfVthOj4</name><position>Manager</position><hourlyWage>17.22</hourlyWage></employee><employee><name>gDFScmuJ</name><position>Cook</position><hourlyWage>8.11</hourlyWage></employee><employee><name>tZFlSMLK</name><position>Manager</position><hourlyWage>10.95</hourlyWage></employee><employee><name>wCecR44A</name><position>Cook</position><hourlyWage>11.12</hourlyWage></employee><employee><name>2AtIi3g4</name><position>Waiter</position><hourlyWage>9.59</hourlyWage></employee><employee><name>vMQgaCXk</name><position>Cook</position><hourlyWage>19.27</hourlyWage></employee><employee><name>SSPsOBPv</name><position>Manager</position><hourlyWage>11.44</hourlyWage></employee></employees><operatingHours><day><name>Monday</name><openingTime>09:00</openingTime><closingTime>22:00</closingTime></day><day><name>Tuesday</name><openingTime>09:00</openingTime><closingTime>22:00</closingTime></day><day><name>Wednesday</name><openingTime>09:00</openingTime><closingTime>22:00</closingTime></day><day><name>Thursday</name><openingTime>09:00</openingTime><closingTime>22:00</closingTime></day><day><name>Friday</name><openingTime>09:00</openingTime><closingTime>22:00</closingTime></day><day><name>Saturday</name><openingTime>09:00</openingTime><closingTime>22:00</closingTime></day><day><name>Sunday</name><openingTime>09:00</openingTime><closingTime>22:00</closingTime></day></operatingHours><onlineOrdering>false</onlineOrdering><loyaltyProgramEnabled>false</loyaltyProgramEnabled><driveThruAvailable>false</driveThruAvailable><language>Spanish</language><taxReference>6qiPamH7</taxReference><operations /></restaurantConfig>