<restaurantConfig><name>GAXIeicE4d</name><location><city>El Paso</city><zipcode>59771</zipcode></location><currency>USD</currency><timezone>EST</timezone><menu><category><name>Chicken &amp; Sandwiches</name><item><name>McChicken Deluxe</name><price>2.58</price></item><item><name>Buttermilk Crispy Chicken Sandwich</name><price>9.82</price></item><item><name>Artisan Grilled Chicken Sandwich</name><price>3.11</price></item></category><category><name>Salads</name><item><name>Bacon Ranch Salad</name><price>3.08</price></item></category><category><name>Snacks &amp; Sides</name><item><name>Apple Slices</name><price>3.65</price></item><item><name>McNuggets</name><price>5.09</price></item><item><name>French Fries</name><price>8.07</price></item></category></menu><employees><employee><name>dipPScyU</name><position>Cashier</position><hourlyWage>12.21</hourlyWage></employee><employee><name>vhknF69C</name><position>Cashier</position><hourlyWage>15.14</hourlyWage></employee><employee><name>96DX63Nh</name><position>Cook</position><hourlyWage>10.67</hourlyWage></employee><employee><name>gExU0874</name><position>Manager</position><hourlyWage>9.76</hourlyWage></employee><employee><name>zePXDkVP</name><position>Cook</position><hourlyWage>13.66</hourlyWage></employee><employee><name>Y8hHEHR4</name><position>Waiter</position><hourlyWage>15.04</hourlyWage></employee><employee><name>2LL2WZOx</name><position>Manager</position><hourlyWage>9.6</hourlyWage></employee><employee><name>b5A1P2QS</name><position>Manager</position><hourlyWage>15.78</hourlyWage></employee></employees><operatingHours><day><name>Monday</name><openingTime>09:00</openingTime><closingTime>22:00</closingTime></day><day><name>Tuesday</name><openingTime>09:00</openingTime><closingTime>22:00</closingTime></day><day><name>Wednesday</name><openingTime>09:00</openingTime><closingTime>22:00</closingTime></day><day><name>Thursday</name><openingTime>09:00</openingTime><closingTime>22:00</closingTime></day><day><name>Friday</name><openingTime>09:00</openingTime><closingTime>22:00</closingTime></day><day><name>Saturday</name><openingTime>09:00</openingTime><closingTime>22:00</closingTime></day><day><name>Sunday</name><openingTime>09:00</openingTime><closingTime>22:00</closingTime></day></operatingHours><onlineOrdering>true</onlineOrdering><loyaltyProgramEnabled>false</loyaltyProgramEnabled><driveThruAvailable>true</driveThruAvailable><language>German</language><taxReference>1w5r2M7y</taxReference><operations /></restaurantConfig>