<restaurantConfig><name>TnnfDhbDgg</name><location><city>Detroit</city><zipcode>10198</zipcode></location><currency>USD</currency><timezone>EST</timezone><menu><category><name>Burgers</name><item><name>Big Mac</name><price>4.97</price></item><item><name>McChicken</name><price>7.37</price></item><item><name>McDouble</name><price>4.99</price></item><item><name>Filet-O-Fish</name><price>4.7</price></item><item><name>Quarter Pounder with Cheese</name><price>4.74</price></item></category><category><name>Chicken &amp; Sandwiches</name><item><name>McChicken Deluxe</name><price>9.05</price></item><item><name>Buttermilk Crispy Chicken Sandwich</name><price>6.81</price></item></category><category><name>Salads</name><item><name>Bacon Ranch Salad</name><price>7.67</price></item></category><category><name>Breakfast</name><item><name>Hash Browns</name><price>6.74</price></item><item><name>Sausage McMuffin</name><price>6.84</price></item><item><name>Hotcakes</name><price>6.42</price></item><item><name>Egg McMuffin</name><price>6.35</price></item><item><name>Big Breakfast</name><price>8.2</price></item></category><category><name>Snacks &amp; Sides</name><item><name>McNuggets</name><price>5.02</price></item></category></menu><employees><employee><name>zFOXjoDN</name><position>Manager</position><hourlyWage>16.79</hourlyWage></employee></employees><operatingHours><day><name>Monday</name><openingTime>09:00</openingTime><closingTime>22:00</closingTime></day><day><name>Tuesday</name><openingTime>09:00</openingTime><closingTime>22:00</closingTime></day><day><name>Wednesday</name><openingTime>09:00</openingTime><closingTime>22:00</closingTime></day><day><name>Thursday</name><openingTime>09:00</openingTime><closingTime>22:00</closingTime></day><day><name>Friday</name><openingTime>09:00</openingTime><closingTime>22:00</closingTime></day><day><name>Saturday</name><openingTime>09:00</openingTime><closingTime>22:00</closingTime></day><day><name>Sunday</name><openingTime>09:00</openingTime><closingTime>22:00</closingTime></day></operatingHours><onlineOrdering>false</onlineOrdering><loyaltyProgramEnabled>true</loyaltyProgramEnabled><driveThruAvailable>false</driveThruAvailable><language>English</language><taxReference>t2Q9KIyZ</taxReference><operations /></restaurantConfig>