<restaurantConfig><name>yDgVmyuY56</name><location><city>Boston</city><zipcode>82517</zipcode></location><currency>USD</currency><timezone>EST</timezone><menu><category><name>Chicken &amp; Sandwiches</name><item><name>Spicy McChicken</name><price>7.92</price></item><item><name>McChicken Deluxe</name><price>7.3</price></item></category><category><name>Salads</name><item><name>Bacon Ranch Salad</name><price>5.67</price></item></category><category><name>Breakfast</name><item><name>Egg McMuffin</name><price>9.28</price></item></category></menu><employees><employee><name>Lr3R1Tqn</name><position>Manager</position><hourlyWage>15.04</hourlyWage></employee><employee><name>CG0BAtoj</name><position>Cashier</position><hourlyWage>14.52</hourlyWage></employee><employee><name>cs7qromu</name><position>Waiter</position><hourlyWage>19.48</hourlyWage></employee></employees><operatingHours><day><name>Monday</name><openingTime>09:00</openingTime><closingTime>22:00</closingTime></day><day><name>Tuesday</name><openingTime>09:00</openingTime><closingTime>22:00</closingTime></day><day><name>Wednesday</name><openingTime>09:00</openingTime><closingTime>22:00</closingTime></day><day><name>Thursday</name><openingTime>09:00</openingTime><closingTime>22:00</closingTime></day><day><name>Friday</name><openingTime>09:00</openingTime><closingTime>22:00</closingTime></day><day><name>Saturday</name><openingTime>09:00</openingTime><closingTime>22:00</closingTime></day><day><name>Sunday</name><openingTime>09:00</openingTime><closingTime>22:00</closingTime></day></operatingHours><onlineOrdering>false</onlineOrdering><loyaltyProgramEnabled>true</loyaltyProgramEnabled><driveThruAvailable>true</driveThruAvailable><language>English</language><taxReference>AaFXA3mS</taxReference><operations /></restaurantConfig>