<restaurantConfig><name>BVpqglHNSn</name><location><city>Sacramento</city><zipcode>38189</zipcode></location><currency>USD</currency><timezone>EST</timezone><menu><category><name>Burgers</name><item><name>Filet-O-Fish</name><price>5.0</price></item></category><category><name>Chicken &amp; Sandwiches</name><item><name>Spicy McChicken</name><price>7.56</price></item><item><name>Artisan Grilled Chicken Sandwich</name><price>4.03</price></item><item><name>Buttermilk Crispy Chicken Sandwich</name><price>8.61</price></item></category></menu><employees><employee><name>2JKZ8sFx</name><position>Cashier</position><hourlyWage>9.21</hourlyWage></employee><employee><name>MNsVKhrT</name><position>Manager</position><hourlyWage>9.47</hourlyWage></employee><employee><name>gFihadx2</name><position>Waiter</position><hourlyWage>18.83</hourlyWage></employee></employees><operatingHours><day><name>Monday</name><openingTime>09:00</openingTime><closingTime>22:00</closingTime></day><day><name>Tuesday</name><openingTime>09:00</openingTime><closingTime>22:00</closingTime></day><day><name>Wednesday</name><openingTime>09:00</openingTime><closingTime>22:00</closingTime></day><day><name>Thursday</name><openingTime>09:00</openingTime><closingTime>22:00</closingTime></day><day><name>Friday</name><openingTime>09:00</openingTime><closingTime>22:00</closingTime></day><day><name>Saturday</name><openingTime>09:00</openingTime><closingTime>22:00</closingTime></day><day><name>Sunday</name><openingTime>09:00</openingTime><closingTime>22:00</closingTime></day></operatingHours><onlineOrdering>false</onlineOrdering><loyaltyProgramEnabled>false</loyaltyProgramEnabled><driveThruAvailable>true</driveThruAvailable><language>German</language><taxReference>otuzF2uZ</taxReference><operations /></restaurantConfig>