<restaurantConfig><name>CvSWZMuzBj</name><location><city>Nashville</city><zipcode>78541</zipcode></location><currency>USD</currency><timezone>EST</timezone><menu><category><name>Burgers</name><item><name>McDouble</name><price>6.71</price></item><item><name>Big Mac</name><price>6.8</price></item><item><name>McChicken</name><price>6.01</price></item><item><name>Filet-O-Fish</name><price>2.04</price></item><item><name>Quarter Pounder with Cheese</name><price>9.4</price></item></category></menu><employees><employee><name>csws1wzT</name><position>Waiter</position><hourlyWage>14.52</hourlyWage></employee><employee><name>MXz1Okaj</name><position>Cashier</position><hourlyWage>10.91</hourlyWage></employee><employee><name>EK3eg9Aq</name><position>Cashier</position><hourlyWage>12.96</hourlyWage></employee><employee><name>cb5aemRL</name><position>Waiter</position><hourlyWage>15.24</hourlyWage></employee><employee><name>NJPardb1</name><position>Manager</position><hourlyWage>9.41</hourlyWage></employee><employee><name>7YUWgJyA</name><position>Cook</position><hourlyWage>12.46</hourlyWage></employee><employee><name>Y9FG5Irq</name><position>Manager</position><hourlyWage>14.04</hourlyWage></employee><employee><name>RLtQ4Xco</name><position>Manager</position><hourlyWage>9.98</hourlyWage></employee><employee><name>kiHJBrEe</name><position>Waiter</position><hourlyWage>10.35</hourlyWage></employee></employees><operatingHours><day><name>Monday</name><openingTime>09:00</openingTime><closingTime>22:00</closingTime></day><day><name>Tuesday</name><openingTime>09:00</openingTime><closingTime>22:00</closingTime></day><day><name>Wednesday</name><openingTime>09:00</openingTime><closingTime>22:00</closingTime></day><day><name>Thursday</name><openingTime>09:00</openingTime><closingTime>22:00</closingTime></day><day><name>Friday</name><openingTime>09:00</openingTime><closingTime>22:00</closingTime></day><day><name>Saturday</name><openingTime>09:00</openingTime><closingTime>22:00</closingTime></day><day><name>Sunday</name><openingTime>09:00</openingTime><closingTime>22:00</closingTime></day></operatingHours><onlineOrdering>true</onlineOrdering><loyaltyProgramEnabled>false</loyaltyProgramEnabled><driveThruAvailable>false</driveThruAvailable><language>English</language><taxReference>ZI8V52Zh</taxReference><operations /></restaurantConfig>