<restaurantConfig><name>eVPZBo8w4s</name><location><city>Nashville</city><zipcode>60860</zipcode></location><currency>USD</currency><timezone>EST</timezone><menu><category><name>Chicken &amp; Sandwiches</name><item><name>McChicken Deluxe</name><price>6.58</price></item><item><name>Artisan Grilled Chicken Sandwich</name><price>4.88</price></item></category><category><name>Breakfast</name><item><name>Sausage McMuffin</name><price>5.1</price></item><item><name>Big Breakfast</name><price>5.2</price></item><item><name>Hotcakes</name><price>1.83</price></item><item><name>Hash Browns</name><price>3.7</price></item></category></menu><employees><employee><name>p7TQD1kw</name><position>Cook</position><hourlyWage>10.31</hourlyWage></employee><employee><name>a2jMhT8s</name><position>Manager</position><hourlyWage>14.18</hourlyWage></employee></employees><operatingHours><day><name>Monday</name><openingTime>09:00</openingTime><closingTime>22:00</closingTime></day><day><name>Tuesday</name><openingTime>09:00</openingTime><closingTime>22:00</closingTime></day><day><name>Wednesday</name><openingTime>09:00</openingTime><closingTime>22:00</closingTime></day><day><name>Thursday</name><openingTime>09:00</openingTime><closingTime>22:00</closingTime></day><day><name>Friday</name><openingTime>09:00</openingTime><closingTime>22:00</closingTime></day><day><name>Saturday</name><openingTime>09:00</openingTime><closingTime>22:00</closingTime></day><day><name>Sunday</name><openingTime>09:00</openingTime><closingTime>22:00</closingTime></day></operatingHours><onlineOrdering>true</onlineOrdering><loyaltyProgramEnabled>true</loyaltyProgramEnabled><driveThruAvailable>true</driveThruAvailable><language>Spanish</language><taxReference>MEl5m7WY</taxReference><operations /></restaurantConfig>