<restaurantConfig><name>o2YWkZqfqc</name><location><city>Mesa</city><zipcode>15893</zipcode></location><currency>USD</currency><timezone>EST</timezone><menu><category><name>Burgers</name><item><name>McChicken</name><price>3.39</price></item><item><name>Filet-O-Fish</name><price>1.97</price></item></category><category><name>Chicken &amp; Sandwiches</name><item><name>Buttermilk Crispy Chicken Sandwich</name><price>9.05</price></item><item><name>McChicken Deluxe</name><price>5.82</price></item></category><category><name>Breakfast</name><item><name>Hash Browns</name><price>1.22</price></item></category><category><name>Snacks &amp; Sides</name><item><name>French Fries</name><price>4.21</price></item><item><name>McNuggets</name><price>1.03</price></item><item><name>Apple Slices</name><price>9.83</price></item></category></menu><employees><employee><name>zbZI2fzk</name><position>Manager</position><hourlyWage>19.24</hourlyWage></employee><employee><name>0OlkNaun</name><position>Waiter</position><hourlyWage>13.07</hourlyWage></employee><employee><name>oixZvNgb</name><position>Cashier</position><hourlyWage>9.13</hourlyWage></employee><employee><name>tZ9aJ8Ap</name><position>Cook</position><hourlyWage>9.42</hourlyWage></employee><employee><name>4DStR9Cs</name><position>Cashier</position><hourlyWage>18.46</hourlyWage></employee><employee><name>uRa6BecE</name><position>Cashier</position><hourlyWage>13.28</hourlyWage></employee><employee><name>wa4luCdW</name><position>Cashier</position><hourlyWage>14.77</hourlyWage></employee><employee><name>xhbtsHGt</name><position>Cashier</position><hourlyWage>11.74</hourlyWage></employee><employee><name>tMCae1ny</name><position>Manager</position><hourlyWage>16.34</hourlyWage></employee></employees><operatingHours><day><name>Monday</name><openingTime>09:00</openingTime><closingTime>22:00</closingTime></day><day><name>Tuesday</name><openingTime>09:00</openingTime><closingTime>22:00</closingTime></day><day><name>Wednesday</name><openingTime>09:00</openingTime><closingTime>22:00</closingTime></day><day><name>Thursday</name><openingTime>09:00</openingTime><closingTime>22:00</closingTime></day><day><name>Friday</name><openingTime>09:00</openingTime><closingTime>22:00</closingTime></day><day><name>Saturday</name><openingTime>09:00</openingTime><closingTime>22:00</closingTime></day><day><name>Sunday</name><openingTime>09:00</openingTime><closingTime>22:00</closingTime></day></operatingHours><onlineOrdering>true</onlineOrdering><loyaltyProgramEnabled>false</loyaltyProgramEnabled><driveThruAvailable>false</driveThruAvailable><language>English</language><taxReference>q6P5w579</taxReference><operations /></restaurantConfig>