<restaurantConfig><name>jEfRnF2Oph</name><location><city>Miami</city><zipcode>83567</zipcode></location><currency>USD</currency><timezone>EST</timezone><menu><category><name>Chicken &amp; Sandwiches</name><item><name>McChicken Deluxe</name><price>2.67</price></item><item><name>Spicy McChicken</name><price>4.96</price></item><item><name>Artisan Grilled Chicken Sandwich</name><price>1.35</price></item><item><name>Buttermilk Crispy Chicken Sandwich</name><price>4.38</price></item></category><category><name>Salads</name><item><name>Bacon Ranch Salad</name><price>9.53</price></item></category><category><name>Breakfast</name><item><name>Sausage McMuffin</name><price>8.32</price></item></category><category><name>Snacks &amp; Sides</name><item><name>French Fries</name><price>7.91</price></item><item><name>McNuggets</name><price>4.72</price></item></category></menu><employees><employee><name>d7ZFoaM5</name><position>Cashier</position><hourlyWage>8.97</hourlyWage></employee><employee><name>jegNCa7z</name><position>Manager</position><hourlyWage>18.43</hourlyWage></employee><employee><name>HqHhD17y</name><position>Cook</position><hourlyWage>11.58</hourlyWage></employee><employee><name>CGmnnlvf</name><position>Cashier</position><hourlyWage>8.21</hourlyWage></employee><employee><name>4g5xggU1</name><position>Cook</position><hourlyWage>16.09</hourlyWage></employee><employee><name>aTxnHjGd</name><position>Cashier</position><hourlyWage>16.28</hourlyWage></employee><employee><name>NhMCAc4O</name><position>Cook</position><hourlyWage>12.17</hourlyWage></employee><employee><name>KdYonJi9</name><position>Waiter</position><hourlyWage>9.78</hourlyWage></employee><employee><name>K9lyzP8v</name><position>Cook</position><hourlyWage>16.71</hourlyWage></employee><employee><name>N2nc3tTW</name><position>Cashier</position><hourlyWage>9.17</hourlyWage></employee></employees><operatingHours><day><name>Monday</name><openingTime>09:00</openingTime><closingTime>22:00</closingTime></day><day><name>Tuesday</name><openingTime>09:00</openingTime><closingTime>22:00</closingTime></day><day><name>Wednesday</name><openingTime>09:00</openingTime><closingTime>22:00</closingTime></day><day><name>Thursday</name><openingTime>09:00</openingTime><closingTime>22:00</closingTime></day><day><name>Friday</name><openingTime>09:00</openingTime><closingTime>22:00</closingTime></day><day><name>Saturday</name><openingTime>09:00</openingTime><closingTime>22:00</closingTime></day><day><name>Sunday</name><openingTime>09:00</openingTime><closingTime>22:00</closingTime></day></operatingHours><onlineOrdering>true</onlineOrdering><loyaltyProgramEnabled>false</loyaltyProgramEnabled><driveThruAvailable>false</driveThruAvailable><language>English</language><taxReference>Td3nt4uC</taxReference><operations /></restaurantConfig>