<restaurantConfig><name>6iZbD7uUfi</name><location><city>Los Angeles</city><zipcode>59459</zipcode></location><currency>USD</currency><timezone>EST</timezone><menu><category><name>Burgers</name><item><name>Filet-O-Fish</name><price>2.46</price></item><item><name>McDouble</name><price>9.48</price></item></category><category><name>Chicken &amp; Sandwiches</name><item><name>Buttermilk Crispy Chicken Sandwich</name><price>3.69</price></item><item><name>McChicken Deluxe</name><price>6.2</price></item><item><name>Artisan Grilled Chicken Sandwich</name><price>4.42</price></item><item><name>Spicy McChicken</name><price>8.45</price></item></category><category><name>Salads</name><item><name>Southwest Grilled Chicken Salad</name><price>2.29</price></item><item><name>Bacon Ranch Salad</name><price>5.87</price></item><item><name>Side Salad</name><price>6.34</price></item></category><category><name>Breakfast</name><item><name>Sausage McMuffin</name><price>1.97</price></item><item><name>Big Breakfast</name><price>9.91</price></item><item><name>Egg McMuffin</name><price>9.66</price></item></category></menu><employees><employee><name>1XRu0kgl</name><position>Manager</position><hourlyWage>8.17</hourlyWage></employee><employee><name>BViN7EV1</name><position>Waiter</position><hourlyWage>17.66</hourlyWage></employee><employee><name>CLkkWION</name><position>Cook</position><hourlyWage>16.27</hourlyWage></employee><employee><name>CW1XCMhd</name><position>Waiter</position><hourlyWage>12.46</hourlyWage></employee><employee><name>zEVPXCXN</name><position>Cashier</position><hourlyWage>12.01</hourlyWage></employee><employee><name>KsZoszXR</name><position>Cook</position><hourlyWage>16.33</hourlyWage></employee><employee><name>3s3VPPQR</name><position>Cook</position><hourlyWage>16.9</hourlyWage></employee><employee><name>puV2rga5</name><position>Waiter</position><hourlyWage>19.41</hourlyWage></employee><employee><name>oTLMx662</name><position>Cook</position><hourlyWage>16.57</hourlyWage></employee></employees><operatingHours><day><name>Monday</name><openingTime>09:00</openingTime><closingTime>22:00</closingTime></day><day><name>Tuesday</name><openingTime>09:00</openingTime><closingTime>22:00</closingTime></day><day><name>Wednesday</name><openingTime>09:00</openingTime><closingTime>22:00</closingTime></day><day><name>Thursday</name><openingTime>09:00</openingTime><closingTime>22:00</closingTime></day><day><name>Friday</name><openingTime>09:00</openingTime><closingTime>22:00</closingTime></day><day><name>Saturday</name><openingTime>09:00</openingTime><closingTime>22:00</closingTime></day><day><name>Sunday</name><openingTime>09:00</openingTime><closingTime>22:00</closingTime></day></operatingHours><onlineOrdering>false</onlineOrdering><loyaltyProgramEnabled>true</loyaltyProgramEnabled><driveThruAvailable>true</driveThruAvailable><language>French</language><taxReference>K6K4UCWK</taxReference><operations /></restaurantConfig>