<restaurantConfig><name>4lVXiV3hfp</name><location><city>Sacramento</city><zipcode>51589</zipcode></location><currency>USD</currency><timezone>EST</timezone><menu><category><name>Burgers</name><item><name>Big Mac</name><price>6.74</price></item><item><name>McChicken</name><price>9.06</price></item><item><name>Filet-O-Fish</name><price>9.79</price></item><item><name>Quarter Pounder with Cheese</name><price>4.28</price></item><item><name>McDouble</name><price>5.95</price></item></category><category><name>Snacks &amp; Sides</name><item><name>French Fries</name><price>1.05</price></item><item><name>Apple Slices</name><price>5.07</price></item><item><name>McNuggets</name><price>6.13</price></item></category></menu><employees><employee><name>Ahex2iuy</name><position>Cook</position><hourlyWage>11.77</hourlyWage></employee><employee><name>0pc9ufZs</name><position>Cook</position><hourlyWage>8.05</hourlyWage></employee><employee><name>3JdYP8iL</name><position>Manager</position><hourlyWage>11.17</hourlyWage></employee><employee><name>BY2xict5</name><position>Cashier</position><hourlyWage>18.7</hourlyWage></employee><employee><name>1CQv5fTh</name><position>Waiter</position><hourlyWage>18.04</hourlyWage></employee></employees><operatingHours><day><name>Monday</name><openingTime>09:00</openingTime><closingTime>22:00</closingTime></day><day><name>Tuesday</name><openingTime>09:00</openingTime><closingTime>22:00</closingTime></day><day><name>Wednesday</name><openingTime>09:00</openingTime><closingTime>22:00</closingTime></day><day><name>Thursday</name><openingTime>09:00</openingTime><closingTime>22:00</closingTime></day><day><name>Friday</name><openingTime>09:00</openingTime><closingTime>22:00</closingTime></day><day><name>Saturday</name><openingTime>09:00</openingTime><closingTime>22:00</closingTime></day><day><name>Sunday</name><openingTime>09:00</openingTime><closingTime>22:00</closingTime></day></operatingHours><onlineOrdering>true</onlineOrdering><loyaltyProgramEnabled>false</loyaltyProgramEnabled><driveThruAvailable>true</driveThruAvailable><language>Spanish</language><taxReference>C8LCwOQE</taxReference><operations /></restaurantConfig>