<restaurantConfig><name>ACff5pQgCq</name><location><city>Oklahoma City</city><zipcode>62153</zipcode></location><currency>USD</currency><timezone>EST</timezone><menu><category><name>Burgers</name><item><name>Filet-O-Fish</name><price>8.4</price></item></category><category><name>Snacks &amp; Sides</name><item><name>McNuggets</name><price>7.13</price></item><item><name>French Fries</name><price>6.39</price></item><item><name>Apple Slices</name><price>3.4</price></item></category></menu><employees><employee><name>sQKwSoVy</name><position>Cook</position><hourlyWage>12.7</hourlyWage></employee><employee><name>6O0ecNVR</name><position>Cook</position><hourlyWage>14.43</hourlyWage></employee><employee><name>bLn4FV14</name><position>Waiter</position><hourlyWage>9.44</hourlyWage></employee><employee><name>glWaJj0f</name><position>Cashier</position><hourlyWage>19.37</hourlyWage></employee><employee><name>apqXJBTq</name><position>Cashier</position><hourlyWage>12.41</hourlyWage></employee><employee><name>deDhGSPm</name><position>Waiter</position><hourlyWage>17.72</hourlyWage></employee><employee><name>YvFq1YKN</name><position>Waiter</position><hourlyWage>11.28</hourlyWage></employee><employee><name>6mjkJvpH</name><position>Manager</position><hourlyWage>19.91</hourlyWage></employee></employees><operatingHours><day><name>Monday</name><openingTime>09:00</openingTime><closingTime>22:00</closingTime></day><day><name>Tuesday</name><openingTime>09:00</openingTime><closingTime>22:00</closingTime></day><day><name>Wednesday</name><openingTime>09:00</openingTime><closingTime>22:00</closingTime></day><day><name>Thursday</name><openingTime>09:00</openingTime><closingTime>22:00</closingTime></day><day><name>Friday</name><openingTime>09:00</openingTime><closingTime>22:00</closingTime></day><day><name>Saturday</name><openingTime>09:00</openingTime><closingTime>22:00</closingTime></day><day><name>Sunday</name><openingTime>09:00</openingTime><closingTime>22:00</closingTime></day></operatingHours><onlineOrdering>false</onlineOrdering><loyaltyProgramEnabled>false</loyaltyProgramEnabled><driveThruAvailable>false</driveThruAvailable><language>French</language><taxReference>2yFguQ3A</taxReference><operations /></restaurantConfig>