<restaurantConfig><name>IYea5fHA1a</name><location><city>Colorado Springs</city><zipcode>31726</zipcode></location><currency>USD</currency><timezone>EST</timezone><menu /><employees><employee><name>3ir2LVbY</name><position>Cook</position><hourlyWage>11.72</hourlyWage></employee><employee><name>s5tVAJQe</name><position>Cashier</position><hourlyWage>17.48</hourlyWage></employee><employee><name>vllL5S04</name><position>Cook</position><hourlyWage>15.35</hourlyWage></employee><employee><name>hYG5NSNj</name><position>Waiter</position><hourlyWage>16.25</hourlyWage></employee><employee><name>j1rvhpec</name><position>Manager</position><hourlyWage>8.12</hourlyWage></employee><employee><name>QtE39Iw9</name><position>Cook</position><hourlyWage>16.54</hourlyWage></employee><employee><name>zNfFprJH</name><position>Manager</position><hourlyWage>8.5</hourlyWage></employee></employees><operatingHours><day><name>Monday</name><openingTime>09:00</openingTime><closingTime>22:00</closingTime></day><day><name>Tuesday</name><openingTime>09:00</openingTime><closingTime>22:00</closingTime></day><day><name>Wednesday</name><openingTime>09:00</openingTime><closingTime>22:00</closingTime></day><day><name>Thursday</name><openingTime>09:00</openingTime><closingTime>22:00</closingTime></day><day><name>Friday</name><openingTime>09:00</openingTime><closingTime>22:00</closingTime></day><day><name>Saturday</name><openingTime>09:00</openingTime><closingTime>22:00</closingTime></day><day><name>Sunday</name><openingTime>09:00</openingTime><closingTime>22:00</closingTime></day></operatingHours><onlineOrdering>true</onlineOrdering><loyaltyProgramEnabled>false</loyaltyProgramEnabled><driveThruAvailable>false</driveThruAvailable><language>Spanish</language><taxReference>bEfyIOWL</taxReference><operations /></restaurantConfig>