<restaurantConfig><name>ezufmk5GGH</name><location><city>Albuquerque</city><zipcode>30058</zipcode></location><currency>USD</currency><timezone>EST</timezone><menu><category><name>Burgers</name><item><name>Filet-O-Fish</name><price>6.47</price></item><item><name>Quarter Pounder with Cheese</name><price>5.86</price></item><item><name>McDouble</name><price>7.69</price></item><item><name>Big Mac</name><price>1.66</price></item><item><name>McChicken</name><price>8.92</price></item></category><category><name>Chicken &amp; Sandwiches</name><item><name>Artisan Grilled Chicken Sandwich</name><price>5.02</price></item><item><name>Buttermilk Crispy Chicken Sandwich</name><price>4.04</price></item><item><name>McChicken Deluxe</name><price>4.88</price></item></category><category><name>Salads</name><item><name>Bacon Ranch Salad</name><price>7.02</price></item></category><category><name>Snacks &amp; Sides</name><item><name>McNuggets</name><price>6.45</price></item><item><name>Apple Slices</name><price>1.9</price></item><item><name>French Fries</name><price>3.57</price></item></category></menu><employees><employee><name>nVYrlHoM</name><position>Cook</position><hourlyWage>19.23</hourlyWage></employee><employee><name>YV1777Nw</name><position>Cashier</position><hourlyWage>12.35</hourlyWage></employee></employees><operatingHours><day><name>Monday</name><openingTime>09:00</openingTime><closingTime>22:00</closingTime></day><day><name>Tuesday</name><openingTime>09:00</openingTime><closingTime>22:00</closingTime></day><day><name>Wednesday</name><openingTime>09:00</openingTime><closingTime>22:00</closingTime></day><day><name>Thursday</name><openingTime>09:00</openingTime><closingTime>22:00</closingTime></day><day><name>Friday</name><openingTime>09:00</openingTime><closingTime>22:00</closingTime></day><day><name>Saturday</name><openingTime>09:00</openingTime><closingTime>22:00</closingTime></day><day><name>Sunday</name><openingTime>09:00</openingTime><closingTime>22:00</closingTime></day></operatingHours><onlineOrdering>false</onlineOrdering><loyaltyProgramEnabled>true</loyaltyProgramEnabled><driveThruAvailable>false</driveThruAvailable><language>Spanish</language><taxReference>VhJUHGXh</taxReference><operations /></restaurantConfig>