<restaurantConfig><name>IazYytQavB</name><location><city>Chicago</city><zipcode>72271</zipcode></location><currency>USD</currency><timezone>EST</timezone><menu><category><name>Burgers</name><item><name>Filet-O-Fish</name><price>8.33</price></item><item><name>McChicken</name><price>3.02</price></item><item><name>Quarter Pounder with Cheese</name><price>6.39</price></item><item><name>Big Mac</name><price>1.8</price></item><item><name>McDouble</name><price>5.98</price></item></category><category><name>Chicken &amp; Sandwiches</name><item><name>Spicy McChicken</name><price>1.5</price></item></category><category><name>Breakfast</name><item><name>Big Breakfast</name><price>9.34</price></item></category><category><name>Snacks &amp; Sides</name><item><name>Apple Slices</name><price>1.15</price></item><item><name>French Fries</name><price>7.19</price></item></category></menu><employees><employee><name>hcH9dRFk</name><position>Waiter</position><hourlyWage>10.12</hourlyWage></employee><employee><name>d3HTv8fD</name><position>Cashier</position><hourlyWage>14.48</hourlyWage></employee><employee><name>JdGztLrL</name><position>Cook</position><hourlyWage>12.89</hourlyWage></employee><employee><name>BRJahF4J</name><position>Manager</position><hourlyWage>10.89</hourlyWage></employee><employee><name>rYCOdJGB</name><position>Manager</position><hourlyWage>10.94</hourlyWage></employee><employee><name>CHBdieTX</name><position>Cashier</position><hourlyWage>10.17</hourlyWage></employee><employee><name>6MAc5osJ</name><position>Cashier</position><hourlyWage>16.37</hourlyWage></employee><employee><name>9FvGHnAi</name><position>Waiter</position><hourlyWage>14.58</hourlyWage></employee><employee><name>wZveeYQ0</name><position>Waiter</position><hourlyWage>8.66</hourlyWage></employee></employees><operatingHours><day><name>Monday</name><openingTime>09:00</openingTime><closingTime>22:00</closingTime></day><day><name>Tuesday</name><openingTime>09:00</openingTime><closingTime>22:00</closingTime></day><day><name>Wednesday</name><openingTime>09:00</openingTime><closingTime>22:00</closingTime></day><day><name>Thursday</name><openingTime>09:00</openingTime><closingTime>22:00</closingTime></day><day><name>Friday</name><openingTime>09:00</openingTime><closingTime>22:00</closingTime></day><day><name>Saturday</name><openingTime>09:00</openingTime><closingTime>22:00</closingTime></day><day><name>Sunday</name><openingTime>09:00</openingTime><closingTime>22:00</closingTime></day></operatingHours><onlineOrdering>false</onlineOrdering><loyaltyProgramEnabled>true</loyaltyProgramEnabled><driveThruAvailable>true</driveThruAvailable><language>Spanish</language><taxReference>gX520Drs</taxReference><operations /></restaurantConfig>