<restaurantConfig><name>KNNjakS430</name><location><city>Fresno</city><zipcode>29141</zipcode></location><currency>USD</currency><timezone>EST</timezone><menu><category><name>Burgers</name><item><name>McChicken</name><price>3.58</price></item><item><name>Quarter Pounder with Cheese</name><price>2.32</price></item></category><category><name>Chicken &amp; Sandwiches</name><item><name>Buttermilk Crispy Chicken Sandwich</name><price>5.9</price></item></category><category><name>Salads</name><item><name>Southwest Grilled Chicken Salad</name><price>2.98</price></item></category><category><name>Breakfast</name><item><name>Egg McMuffin</name><price>9.98</price></item><item><name>Sausage McMuffin</name><price>8.93</price></item><item><name>Hotcakes</name><price>9.07</price></item><item><name>Big Breakfast</name><price>5.54</price></item><item><name>Hash Browns</name><price>4.39</price></item></category><category><name>Snacks &amp; Sides</name><item><name>McNuggets</name><price>4.92</price></item><item><name>Apple Slices</name><price>2.83</price></item></category></menu><employees><employee><name>Ozw4hS2W</name><position>Cashier</position><hourlyWage>16.53</hourlyWage></employee></employees><operatingHours><day><name>Monday</name><openingTime>09:00</openingTime><closingTime>22:00</closingTime></day><day><name>Tuesday</name><openingTime>09:00</openingTime><closingTime>22:00</closingTime></day><day><name>Wednesday</name><openingTime>09:00</openingTime><closingTime>22:00</closingTime></day><day><name>Thursday</name><openingTime>09:00</openingTime><closingTime>22:00</closingTime></day><day><name>Friday</name><openingTime>09:00</openingTime><closingTime>22:00</closingTime></day><day><name>Saturday</name><openingTime>09:00</openingTime><closingTime>22:00</closingTime></day><day><name>Sunday</name><openingTime>09:00</openingTime><closingTime>22:00</closingTime></day></operatingHours><onlineOrdering>true</onlineOrdering><loyaltyProgramEnabled>true</loyaltyProgramEnabled><driveThruAvailable>true</driveThruAvailable><language>French</language><taxReference>4b7JUPMS</taxReference><operations /></restaurantConfig>