<restaurantConfig><name>OxxSwHZVqB</name><location><city>New York</city><zipcode>13651</zipcode></location><currency>USD</currency><timezone>EST</timezone><menu><category><name>Burgers</name><item><name>McDouble</name><price>4.93</price></item><item><name>Big Mac</name><price>2.93</price></item><item><name>Quarter Pounder with Cheese</name><price>5.54</price></item></category><category><name>Snacks &amp; Sides</name><item><name>McNuggets</name><price>5.67</price></item></category></menu><employees><employee><name>jA7B2SUP</name><position>Manager</position><hourlyWage>9.12</hourlyWage></employee><employee><name>Wh2o4eSp</name><position>Waiter</position><hourlyWage>16.41</hourlyWage></employee></employees><operatingHours><day><name>Monday</name><openingTime>09:00</openingTime><closingTime>22:00</closingTime></day><day><name>Tuesday</name><openingTime>09:00</openingTime><closingTime>22:00</closingTime></day><day><name>Wednesday</name><openingTime>09:00</openingTime><closingTime>22:00</closingTime></day><day><name>Thursday</name><openingTime>09:00</openingTime><closingTime>22:00</closingTime></day><day><name>Friday</name><openingTime>09:00</openingTime><closingTime>22:00</closingTime></day><day><name>Saturday</name><openingTime>09:00</openingTime><closingTime>22:00</closingTime></day><day><name>Sunday</name><openingTime>09:00</openingTime><closingTime>22:00</closingTime></day></operatingHours><onlineOrdering>true</onlineOrdering><loyaltyProgramEnabled>false</loyaltyProgramEnabled><driveThruAvailable>false</driveThruAvailable><language>Spanish</language><taxReference>oTncV8dn</taxReference><operations /></restaurantConfig>