<restaurantConfig><name>UxwyejUGj3</name><location><city>New York</city><zipcode>15805</zipcode></location><currency>USD</currency><timezone>EST</timezone><menu><category><name>Salads</name><item><name>Bacon Ranch Salad</name><price>1.22</price></item><item><name>Southwest Grilled Chicken Salad</name><price>3.7</price></item><item><name>Side Salad</name><price>7.15</price></item></category></menu><employees><employee><name>QP87fUim</name><position>Waiter</position><hourlyWage>18.98</hourlyWage></employee><employee><name>GkdokBZZ</name><position>Cashier</position><hourlyWage>15.2</hourlyWage></employee><employee><name>0hQ1VK1v</name><position>Waiter</position><hourlyWage>9.84</hourlyWage></employee><employee><name>HZrV6Ycc</name><position>Manager</position><hourlyWage>11.99</hourlyWage></employee><employee><name>EnkjKfSz</name><position>Manager</position><hourlyWage>8.24</hourlyWage></employee><employee><name>74z45PnS</name><position>Waiter</position><hourlyWage>16.54</hourlyWage></employee><employee><name>ZePhMvs4</name><position>Waiter</position><hourlyWage>15.09</hourlyWage></employee><employee><name>SbqnbLXS</name><position>Cashier</position><hourlyWage>15.71</hourlyWage></employee><employee><name>7E7xSlCJ</name><position>Cashier</position><hourlyWage>12.94</hourlyWage></employee><employee><name>ALKCniIV</name><position>Waiter</position><hourlyWage>16.21</hourlyWage></employee></employees><operatingHours><day><name>Monday</name><openingTime>09:00</openingTime><closingTime>22:00</closingTime></day><day><name>Tuesday</name><openingTime>09:00</openingTime><closingTime>22:00</closingTime></day><day><name>Wednesday</name><openingTime>09:00</openingTime><closingTime>22:00</closingTime></day><day><name>Thursday</name><openingTime>09:00</openingTime><closingTime>22:00</closingTime></day><day><name>Friday</name><openingTime>09:00</openingTime><closingTime>22:00</closingTime></day><day><name>Saturday</name><openingTime>09:00</openingTime><closingTime>22:00</closingTime></day><day><name>Sunday</name><openingTime>09:00</openingTime><closingTime>22:00</closingTime></day></operatingHours><onlineOrdering>false</onlineOrdering><loyaltyProgramEnabled>false</loyaltyProgramEnabled><driveThruAvailable>true</driveThruAvailable><language>Spanish</language><taxReference>Ex0f5dJn</taxReference><operations /></restaurantConfig>