<restaurantConfig><name>kLv6PQYZYu</name><location><city>Charlotte</city><zipcode>97999</zipcode></location><currency>USD</currency><timezone>EST</timezone><menu><category><name>Snacks &amp; Sides</name><item><name>Apple Slices</name><price>4.54</price></item><item><name>French Fries</name><price>6.52</price></item></category></menu><employees><employee><name>A74PoPY8</name><position>Waiter</position><hourlyWage>15.8</hourlyWage></employee><employee><name>Ijkj8Ynd</name><position>Cook</position><hourlyWage>10.59</hourlyWage></employee><employee><name>hTjAwBzI</name><position>Cook</position><hourlyWage>18.05</hourlyWage></employee></employees><operatingHours><day><name>Monday</name><openingTime>09:00</openingTime><closingTime>22:00</closingTime></day><day><name>Tuesday</name><openingTime>09:00</openingTime><closingTime>22:00</closingTime></day><day><name>Wednesday</name><openingTime>09:00</openingTime><closingTime>22:00</closingTime></day><day><name>Thursday</name><openingTime>09:00</openingTime><closingTime>22:00</closingTime></day><day><name>Friday</name><openingTime>09:00</openingTime><closingTime>22:00</closingTime></day><day><name>Saturday</name><openingTime>09:00</openingTime><closingTime>22:00</closingTime></day><day><name>Sunday</name><openingTime>09:00</openingTime><closingTime>22:00</closingTime></day></operatingHours><onlineOrdering>false</onlineOrdering><loyaltyProgramEnabled>false</loyaltyProgramEnabled><driveThruAvailable>true</driveThruAvailable><language>French</language><taxReference>vebiYvtK</taxReference><operations /></restaurantConfig>