<restaurantConfig><name>eZrKQDIf7w</name><location><city>Nashville</city><zipcode>94617</zipcode></location><currency>USD</currency><timezone>EST</timezone><menu><category><name>Burgers</name><item><name>Filet-O-Fish</name><price>7.25</price></item></category></menu><employees><employee><name>HpUq4LRE</name><position>Cook</position><hourlyWage>15.2</hourlyWage></employee><employee><name>GueCi0ir</name><position>Cashier</position><hourlyWage>8.39</hourlyWage></employee><employee><name>HQOllkhd</name><position>Cook</position><hourlyWage>13.12</hourlyWage></employee><employee><name>RnpR0Wtx</name><position>Cashier</position><hourlyWage>8.25</hourlyWage></employee><employee><name>83XOB1fj</name><position>Cook</position><hourlyWage>10.75</hourlyWage></employee><employee><name>kzs1Mhfu</name><position>Manager</position><hourlyWage>9.78</hourlyWage></employee><employee><name>MgDmJzs6</name><position>Manager</position><hourlyWage>13.77</hourlyWage></employee></employees><operatingHours><day><name>Monday</name><openingTime>09:00</openingTime><closingTime>22:00</closingTime></day><day><name>Tuesday</name><openingTime>09:00</openingTime><closingTime>22:00</closingTime></day><day><name>Wednesday</name><openingTime>09:00</openingTime><closingTime>22:00</closingTime></day><day><name>Thursday</name><openingTime>09:00</openingTime><closingTime>22:00</closingTime></day><day><name>Friday</name><openingTime>09:00</openingTime><closingTime>22:00</closingTime></day><day><name>Saturday</name><openingTime>09:00</openingTime><closingTime>22:00</closingTime></day><day><name>Sunday</name><openingTime>09:00</openingTime><closingTime>22:00</closingTime></day></operatingHours><onlineOrdering>true</onlineOrdering><loyaltyProgramEnabled>false</loyaltyProgramEnabled><driveThruAvailable>true</driveThruAvailable><language>English</language><taxReference>VppoMob4</taxReference><operations /></restaurantConfig>