<restaurantConfig><name>hizMm3D0ot</name><location><city>Omaha</city><zipcode>48085</zipcode></location><currency>USD</currency><timezone>EST</timezone><menu><category><name>Burgers</name><item><name>McChicken</name><price>8.45</price></item><item><name>Filet-O-Fish</name><price>1.64</price></item><item><name>Big Mac</name><price>8.8</price></item><item><name>Quarter Pounder with Cheese</name><price>1.14</price></item></category><category><name>Snacks &amp; Sides</name><item><name>French Fries</name><price>2.6</price></item><item><name>McNuggets</name><price>8.61</price></item></category></menu><employees><employee><name>op9W85xG</name><position>Waiter</position><hourlyWage>15.33</hourlyWage></employee></employees><operatingHours><day><name>Monday</name><openingTime>09:00</openingTime><closingTime>22:00</closingTime></day><day><name>Tuesday</name><openingTime>09:00</openingTime><closingTime>22:00</closingTime></day><day><name>Wednesday</name><openingTime>09:00</openingTime><closingTime>22:00</closingTime></day><day><name>Thursday</name><openingTime>09:00</openingTime><closingTime>22:00</closingTime></day><day><name>Friday</name><openingTime>09:00</openingTime><closingTime>22:00</closingTime></day><day><name>Saturday</name><openingTime>09:00</openingTime><closingTime>22:00</closingTime></day><day><name>Sunday</name><openingTime>09:00</openingTime><closingTime>22:00</closingTime></day></operatingHours><onlineOrdering>false</onlineOrdering><loyaltyProgramEnabled>false</loyaltyProgramEnabled><driveThruAvailable>true</driveThruAvailable><language>Spanish</language><taxReference>n4UBpnMw</taxReference><operations /></restaurantConfig>