<restaurantConfig><name>AFHNhef4Up</name><location><city>Portland</city><zipcode>59261</zipcode></location><currency>USD</currency><timezone>EST</timezone><menu><category><name>Burgers</name><item><name>McDouble</name><price>5.39</price></item><item><name>McChicken</name><price>5.64</price></item><item><name>Filet-O-Fish</name><price>7.19</price></item><item><name>Big Mac</name><price>3.52</price></item><item><name>Quarter Pounder with Cheese</name><price>7.09</price></item></category><category><name>Breakfast</name><item><name>Sausage McMuffin</name><price>3.84</price></item></category></menu><employees><employee><name>kKEGZ555</name><position>Waiter</position><hourlyWage>17.22</hourlyWage></employee><employee><name>8w1sXglz</name><position>Manager</position><hourlyWage>15.02</hourlyWage></employee><employee><name>aFzfyRyw</name><position>Manager</position><hourlyWage>9.8</hourlyWage></employee><employee><name>nfdlxHRp</name><position>Manager</position><hourlyWage>14.77</hourlyWage></employee><employee><name>9PrnklTx</name><position>Cook</position><hourlyWage>15.63</hourlyWage></employee><employee><name>7Rf7WM2Y</name><position>Manager</position><hourlyWage>14.97</hourlyWage></employee><employee><name>TzAo0JJN</name><position>Waiter</position><hourlyWage>17.88</hourlyWage></employee><employee><name>fSkCDA7T</name><position>Manager</position><hourlyWage>12.94</hourlyWage></employee><employee><name>k66Ttj5G</name><position>Manager</position><hourlyWage>18.6</hourlyWage></employee><employee><name>fstFJnEC</name><position>Manager</position><hourlyWage>18.23</hourlyWage></employee></employees><operatingHours><day><name>Monday</name><openingTime>09:00</openingTime><closingTime>22:00</closingTime></day><day><name>Tuesday</name><openingTime>09:00</openingTime><closingTime>22:00</closingTime></day><day><name>Wednesday</name><openingTime>09:00</openingTime><closingTime>22:00</closingTime></day><day><name>Thursday</name><openingTime>09:00</openingTime><closingTime>22:00</closingTime></day><day><name>Friday</name><openingTime>09:00</openingTime><closingTime>22:00</closingTime></day><day><name>Saturday</name><openingTime>09:00</openingTime><closingTime>22:00</closingTime></day><day><name>Sunday</name><openingTime>09:00</openingTime><closingTime>22:00</closingTime></day></operatingHours><onlineOrdering>false</onlineOrdering><loyaltyProgramEnabled>true</loyaltyProgramEnabled><driveThruAvailable>true</driveThruAvailable><language>English</language><taxReference>8ojEtS46</taxReference><operations /></restaurantConfig>