<restaurantConfig><name>BXG5LpVt8M</name><location><city>San Diego</city><zipcode>83760</zipcode></location><currency>USD</currency><timezone>EST</timezone><menu><category><name>Burgers</name><item><name>McChicken</name><price>2.66</price></item><item><name>Quarter Pounder with Cheese</name><price>5.01</price></item><item><name>Filet-O-Fish</name><price>6.4</price></item><item><name>Big Mac</name><price>3.1</price></item><item><name>McDouble</name><price>5.89</price></item></category><category><name>Snacks &amp; Sides</name><item><name>French Fries</name><price>4.21</price></item></category></menu><employees><employee><name>LPMVGOnZ</name><position>Cashier</position><hourlyWage>9.07</hourlyWage></employee></employees><operatingHours><day><name>Monday</name><openingTime>09:00</openingTime><closingTime>22:00</closingTime></day><day><name>Tuesday</name><openingTime>09:00</openingTime><closingTime>22:00</closingTime></day><day><name>Wednesday</name><openingTime>09:00</openingTime><closingTime>22:00</closingTime></day><day><name>Thursday</name><openingTime>09:00</openingTime><closingTime>22:00</closingTime></day><day><name>Friday</name><openingTime>09:00</openingTime><closingTime>22:00</closingTime></day><day><name>Saturday</name><openingTime>09:00</openingTime><closingTime>22:00</closingTime></day><day><name>Sunday</name><openingTime>09:00</openingTime><closingTime>22:00</closingTime></day></operatingHours><onlineOrdering>false</onlineOrdering><loyaltyProgramEnabled>true</loyaltyProgramEnabled><driveThruAvailable>true</driveThruAvailable><language>French</language><taxReference>JvYPKAxa</taxReference><operations /></restaurantConfig>