<restaurantConfig><name>jn4m4FqFuN</name><location><city>Memphis</city><zipcode>25066</zipcode></location><currency>USD</currency><timezone>EST</timezone><menu><category><name>Burgers</name><item><name>Big Mac</name><price>1.92</price></item><item><name>McChicken</name><price>5.08</price></item><item><name>Filet-O-Fish</name><price>1.1</price></item></category><category><name>Salads</name><item><name>Bacon Ranch Salad</name><price>6.97</price></item><item><name>Southwest Grilled Chicken Salad</name><price>4.82</price></item></category></menu><employees><employee><name>1ecUAsmK</name><position>Cashier</position><hourlyWage>11.75</hourlyWage></employee><employee><name>cBpJdULZ</name><position>Manager</position><hourlyWage>17.94</hourlyWage></employee></employees><operatingHours><day><name>Monday</name><openingTime>09:00</openingTime><closingTime>22:00</closingTime></day><day><name>Tuesday</name><openingTime>09:00</openingTime><closingTime>22:00</closingTime></day><day><name>Wednesday</name><openingTime>09:00</openingTime><closingTime>22:00</closingTime></day><day><name>Thursday</name><openingTime>09:00</openingTime><closingTime>22:00</closingTime></day><day><name>Friday</name><openingTime>09:00</openingTime><closingTime>22:00</closingTime></day><day><name>Saturday</name><openingTime>09:00</openingTime><closingTime>22:00</closingTime></day><day><name>Sunday</name><openingTime>09:00</openingTime><closingTime>22:00</closingTime></day></operatingHours><onlineOrdering>true</onlineOrdering><loyaltyProgramEnabled>true</loyaltyProgramEnabled><driveThruAvailable>true</driveThruAvailable><language>Spanish</language><taxReference>0AArXJ1V</taxReference><operations /></restaurantConfig>