<restaurantConfig><name>agjgaAbMpe</name><location><city>Fort Worth</city><zipcode>76147</zipcode></location><currency>USD</currency><timezone>EST</timezone><menu><category><name>Chicken &amp; Sandwiches</name><item><name>McChicken Deluxe</name><price>6.92</price></item><item><name>Buttermilk Crispy Chicken Sandwich</name><price>8.94</price></item><item><name>Artisan Grilled Chicken Sandwich</name><price>7.52</price></item></category><category><name>Salads</name><item><name>Side Salad</name><price>8.32</price></item><item><name>Southwest Grilled Chicken Salad</name><price>9.23</price></item><item><name>Bacon Ranch Salad</name><price>4.42</price></item></category></menu><employees><employee><name>jnyEByHZ</name><position>Cashier</position><hourlyWage>15.85</hourlyWage></employee><employee><name>GIFhrnf4</name><position>Cashier</position><hourlyWage>13.51</hourlyWage></employee><employee><name>qyu2ciyj</name><position>Cook</position><hourlyWage>15.79</hourlyWage></employee><employee><name>aAHzjOeR</name><position>Cashier</position><hourlyWage>11.53</hourlyWage></employee><employee><name>taQfCKZH</name><position>Waiter</position><hourlyWage>16.1</hourlyWage></employee><employee><name>iaRhsjlM</name><position>Cashier</position><hourlyWage>10.1</hourlyWage></employee><employee><name>0uvnljSm</name><position>Cook</position><hourlyWage>9.56</hourlyWage></employee></employees><operatingHours><day><name>Monday</name><openingTime>09:00</openingTime><closingTime>22:00</closingTime></day><day><name>Tuesday</name><openingTime>09:00</openingTime><closingTime>22:00</closingTime></day><day><name>Wednesday</name><openingTime>09:00</openingTime><closingTime>22:00</closingTime></day><day><name>Thursday</name><openingTime>09:00</openingTime><closingTime>22:00</closingTime></day><day><name>Friday</name><openingTime>09:00</openingTime><closingTime>22:00</closingTime></day><day><name>Saturday</name><openingTime>09:00</openingTime><closingTime>22:00</closingTime></day><day><name>Sunday</name><openingTime>09:00</openingTime><closingTime>22:00</closingTime></day></operatingHours><onlineOrdering>false</onlineOrdering><loyaltyProgramEnabled>false</loyaltyProgramEnabled><driveThruAvailable>false</driveThruAvailable><language>Spanish</language><taxReference>uOtgBHmL</taxReference><operations /></restaurantConfig>