<restaurantConfig><name>58WnxObsUd</name><location><city>Portland</city><zipcode>33097</zipcode></location><currency>USD</currency><timezone>EST</timezone><menu><category><name>Salads</name><item><name>Bacon Ranch Salad</name><price>9.29</price></item></category><category><name>Breakfast</name><item><name>Sausage McMuffin</name><price>1.73</price></item></category><category><name>Snacks &amp; Sides</name><item><name>Apple Slices</name><price>1.82</price></item><item><name>McNuggets</name><price>1.6</price></item></category></menu><employees><employee><name>XqTi6NAu</name><position>Waiter</position><hourlyWage>12.57</hourlyWage></employee><employee><name>OnOmNPg2</name><position>Manager</position><hourlyWage>12.34</hourlyWage></employee><employee><name>0FqXr81V</name><position>Cashier</position><hourlyWage>17.92</hourlyWage></employee><employee><name>sR3jMIjP</name><position>Manager</position><hourlyWage>16.59</hourlyWage></employee></employees><operatingHours><day><name>Monday</name><openingTime>09:00</openingTime><closingTime>22:00</closingTime></day><day><name>Tuesday</name><openingTime>09:00</openingTime><closingTime>22:00</closingTime></day><day><name>Wednesday</name><openingTime>09:00</openingTime><closingTime>22:00</closingTime></day><day><name>Thursday</name><openingTime>09:00</openingTime><closingTime>22:00</closingTime></day><day><name>Friday</name><openingTime>09:00</openingTime><closingTime>22:00</closingTime></day><day><name>Saturday</name><openingTime>09:00</openingTime><closingTime>22:00</closingTime></day><day><name>Sunday</name><openingTime>09:00</openingTime><closingTime>22:00</closingTime></day></operatingHours><onlineOrdering>false</onlineOrdering><loyaltyProgramEnabled>false</loyaltyProgramEnabled><driveThruAvailable>true</driveThruAvailable><language>English</language><taxReference>Xdb2wxc5</taxReference><operations /></restaurantConfig>