<restaurantConfig><name>DX6UEietyl</name><location><city>Boston</city><zipcode>79757</zipcode></location><currency>USD</currency><timezone>EST</timezone><menu><category><name>Burgers</name><item><name>McChicken</name><price>6.09</price></item><item><name>McDouble</name><price>7.27</price></item><item><name>Quarter Pounder with Cheese</name><price>9.83</price></item></category><category><name>Salads</name><item><name>Bacon Ranch Salad</name><price>2.33</price></item><item><name>Side Salad</name><price>6.46</price></item><item><name>Southwest Grilled Chicken Salad</name><price>7.27</price></item></category><category><name>Breakfast</name><item><name>Hash Browns</name><price>1.66</price></item><item><name>Egg McMuffin</name><price>4.89</price></item></category><category><name>Snacks &amp; Sides</name><item><name>McNuggets</name><price>1.83</price></item><item><name>French Fries</name><price>4.19</price></item><item><name>Apple Slices</name><price>9.16</price></item></category></menu><employees><employee><name>36n2h11Q</name><position>Cashier</position><hourlyWage>10.44</hourlyWage></employee></employees><operatingHours><day><name>Monday</name><openingTime>09:00</openingTime><closingTime>22:00</closingTime></day><day><name>Tuesday</name><openingTime>09:00</openingTime><closingTime>22:00</closingTime></day><day><name>Wednesday</name><openingTime>09:00</openingTime><closingTime>22:00</closingTime></day><day><name>Thursday</name><openingTime>09:00</openingTime><closingTime>22:00</closingTime></day><day><name>Friday</name><openingTime>09:00</openingTime><closingTime>22:00</closingTime></day><day><name>Saturday</name><openingTime>09:00</openingTime><closingTime>22:00</closingTime></day><day><name>Sunday</name><openingTime>09:00</openingTime><closingTime>22:00</closingTime></day></operatingHours><onlineOrdering>false</onlineOrdering><loyaltyProgramEnabled>true</loyaltyProgramEnabled><driveThruAvailable>true</driveThruAvailable><language>French</language><taxReference>2MlsCC8O</taxReference><operations /></restaurantConfig>