<restaurantConfig><name>zDjsCPtsx7</name><location><city>Louisville</city><zipcode>74988</zipcode></location><currency>USD</currency><timezone>EST</timezone><menu><category><name>Burgers</name><item><name>McChicken</name><price>3.22</price></item><item><name>Big Mac</name><price>2.91</price></item></category><category><name>Snacks &amp; Sides</name><item><name>McNuggets</name><price>2.85</price></item><item><name>Apple Slices</name><price>6.5</price></item></category></menu><employees><employee><name>pTYESulW</name><position>Cook</position><hourlyWage>16.45</hourlyWage></employee><employee><name>tNGsd9cR</name><position>Manager</position><hourlyWage>18.9</hourlyWage></employee><employee><name>wHqKwprO</name><position>Cook</position><hourlyWage>17.86</hourlyWage></employee><employee><name>q6K0EfwX</name><position>Waiter</position><hourlyWage>9.74</hourlyWage></employee><employee><name>JNPs4MEA</name><position>Waiter</position><hourlyWage>16.74</hourlyWage></employee><employee><name>gWE9qbNX</name><position>Waiter</position><hourlyWage>9.82</hourlyWage></employee><employee><name>PzQ3RZ3u</name><position>Cashier</position><hourlyWage>19.41</hourlyWage></employee><employee><name>wjrE7kpM</name><position>Cook</position><hourlyWage>17.49</hourlyWage></employee></employees><operatingHours><day><name>Monday</name><openingTime>09:00</openingTime><closingTime>22:00</closingTime></day><day><name>Tuesday</name><openingTime>09:00</openingTime><closingTime>22:00</closingTime></day><day><name>Wednesday</name><openingTime>09:00</openingTime><closingTime>22:00</closingTime></day><day><name>Thursday</name><openingTime>09:00</openingTime><closingTime>22:00</closingTime></day><day><name>Friday</name><openingTime>09:00</openingTime><closingTime>22:00</closingTime></day><day><name>Saturday</name><openingTime>09:00</openingTime><closingTime>22:00</closingTime></day><day><name>Sunday</name><openingTime>09:00</openingTime><closingTime>22:00</closingTime></day></operatingHours><onlineOrdering>true</onlineOrdering><loyaltyProgramEnabled>false</loyaltyProgramEnabled><driveThruAvailable>false</driveThruAvailable><language>Spanish</language><taxReference>dekhCAHn</taxReference><operations /></restaurantConfig>