<restaurantConfig><name>VPJJpQTXup</name><location><city>San Diego</city><zipcode>15994</zipcode></location><currency>USD</currency><timezone>EST</timezone><menu><category><name>Burgers</name><item><name>McDouble</name><price>1.75</price></item></category><category><name>Chicken &amp; Sandwiches</name><item><name>McChicken Deluxe</name><price>5.75</price></item><item><name>Buttermilk Crispy Chicken Sandwich</name><price>3.84</price></item></category></menu><employees><employee><name>6SarCA3h</name><position>Cashier</position><hourlyWage>13.01</hourlyWage></employee><employee><name>DFrvimxG</name><position>Waiter</position><hourlyWage>11.28</hourlyWage></employee><employee><name>r1FkqgqW</name><position>Manager</position><hourlyWage>10.68</hourlyWage></employee><employee><name>ZQbCsdSu</name><position>Manager</position><hourlyWage>9.69</hourlyWage></employee><employee><name>x8lPlBZd</name><position>Manager</position><hourlyWage>18.57</hourlyWage></employee><employee><name>hcpYQgP4</name><position>Cook</position><hourlyWage>16.35</hourlyWage></employee><employee><name>oaecT3My</name><position>Cook</position><hourlyWage>11.63</hourlyWage></employee><employee><name>cnURtWdj</name><position>Cashier</position><hourlyWage>15.59</hourlyWage></employee><employee><name>Ex0Oh7dy</name><position>Manager</position><hourlyWage>17.39</hourlyWage></employee></employees><operatingHours><day><name>Monday</name><openingTime>09:00</openingTime><closingTime>22:00</closingTime></day><day><name>Tuesday</name><openingTime>09:00</openingTime><closingTime>22:00</closingTime></day><day><name>Wednesday</name><openingTime>09:00</openingTime><closingTime>22:00</closingTime></day><day><name>Thursday</name><openingTime>09:00</openingTime><closingTime>22:00</closingTime></day><day><name>Friday</name><openingTime>09:00</openingTime><closingTime>22:00</closingTime></day><day><name>Saturday</name><openingTime>09:00</openingTime><closingTime>22:00</closingTime></day><day><name>Sunday</name><openingTime>09:00</openingTime><closingTime>22:00</closingTime></day></operatingHours><onlineOrdering>true</onlineOrdering><loyaltyProgramEnabled>true</loyaltyProgramEnabled><driveThruAvailable>false</driveThruAvailable><language>Spanish</language><taxReference>1uC61VJf</taxReference><operations /></restaurantConfig>