<restaurantConfig><name>nYElQyp0HY</name><location><city>El Paso</city><zipcode>42952</zipcode></location><currency>USD</currency><timezone>EST</timezone><menu><category><name>Burgers</name><item><name>Big Mac</name><price>2.5</price></item><item><name>McChicken</name><price>5.47</price></item><item><name>Filet-O-Fish</name><price>6.45</price></item><item><name>Quarter Pounder with Cheese</name><price>3.66</price></item><item><name>McDouble</name><price>6.53</price></item></category><category><name>Chicken &amp; Sandwiches</name><item><name>McChicken Deluxe</name><price>3.81</price></item></category></menu><employees><employee><name>XGt62vno</name><position>Manager</position><hourlyWage>14.31</hourlyWage></employee><employee><name>csTO0rU0</name><position>Cashier</position><hourlyWage>14.5</hourlyWage></employee><employee><name>l1Xgkbj3</name><position>Cashier</position><hourlyWage>15.79</hourlyWage></employee><employee><name>IhJcHGaG</name><position>Manager</position><hourlyWage>13.78</hourlyWage></employee><employee><name>R0P0ftTL</name><position>Cook</position><hourlyWage>16.97</hourlyWage></employee><employee><name>hqryL2Xo</name><position>Cashier</position><hourlyWage>9.7</hourlyWage></employee><employee><name>DejwMFbW</name><position>Waiter</position><hourlyWage>15.15</hourlyWage></employee></employees><operatingHours><day><name>Monday</name><openingTime>09:00</openingTime><closingTime>22:00</closingTime></day><day><name>Tuesday</name><openingTime>09:00</openingTime><closingTime>22:00</closingTime></day><day><name>Wednesday</name><openingTime>09:00</openingTime><closingTime>22:00</closingTime></day><day><name>Thursday</name><openingTime>09:00</openingTime><closingTime>22:00</closingTime></day><day><name>Friday</name><openingTime>09:00</openingTime><closingTime>22:00</closingTime></day><day><name>Saturday</name><openingTime>09:00</openingTime><closingTime>22:00</closingTime></day><day><name>Sunday</name><openingTime>09:00</openingTime><closingTime>22:00</closingTime></day></operatingHours><onlineOrdering>false</onlineOrdering><loyaltyProgramEnabled>true</loyaltyProgramEnabled><driveThruAvailable>true</driveThruAvailable><language>German</language><taxReference>uJDwf1qa</taxReference><operations /></restaurantConfig>