<restaurantConfig><name>KPHEHUufH8</name><location><city>El Paso</city><zipcode>47546</zipcode></location><currency>USD</currency><timezone>EST</timezone><menu><category><name>Burgers</name><item><name>Big Mac</name><price>3.87</price></item><item><name>Filet-O-Fish</name><price>3.99</price></item><item><name>McChicken</name><price>3.37</price></item><item><name>McDouble</name><price>5.62</price></item><item><name>Quarter Pounder with Cheese</name><price>6.13</price></item></category><category><name>Chicken &amp; Sandwiches</name><item><name>McChicken Deluxe</name><price>3.05</price></item><item><name>Buttermilk Crispy Chicken Sandwich</name><price>9.38</price></item><item><name>Artisan Grilled Chicken Sandwich</name><price>6.96</price></item></category><category><name>Breakfast</name><item><name>Sausage McMuffin</name><price>4.23</price></item><item><name>Egg McMuffin</name><price>2.74</price></item><item><name>Hotcakes</name><price>6.78</price></item><item><name>Big Breakfast</name><price>1.68</price></item></category><category><name>Snacks &amp; Sides</name><item><name>French Fries</name><price>9.46</price></item><item><name>McNuggets</name><price>8.85</price></item><item><name>Apple Slices</name><price>1.07</price></item></category></menu><employees><employee><name>cscBfX77</name><position>Cook</position><hourlyWage>16.78</hourlyWage></employee><employee><name>r0gqKOnj</name><position>Manager</position><hourlyWage>13.03</hourlyWage></employee><employee><name>MFbkHKvY</name><position>Cashier</position><hourlyWage>19.14</hourlyWage></employee><employee><name>ZUpmG5kv</name><position>Cashier</position><hourlyWage>16.01</hourlyWage></employee><employee><name>XUy3VJDU</name><position>Cook</position><hourlyWage>10.74</hourlyWage></employee><employee><name>jhzr6mqs</name><position>Waiter</position><hourlyWage>14.4</hourlyWage></employee><employee><name>sZc3Q8cB</name><position>Manager</position><hourlyWage>16.38</hourlyWage></employee><employee><name>BLldXppm</name><position>Manager</position><hourlyWage>18.86</hourlyWage></employee><employee><name>riLG0GtN</name><position>Cook</position><hourlyWage>16.63</hourlyWage></employee><employee><name>xDf6HNuU</name><position>Waiter</position><hourlyWage>18.46</hourlyWage></employee></employees><operatingHours><day><name>Monday</name><openingTime>09:00</openingTime><closingTime>22:00</closingTime></day><day><name>Tuesday</name><openingTime>09:00</openingTime><closingTime>22:00</closingTime></day><day><name>Wednesday</name><openingTime>09:00</openingTime><closingTime>22:00</closingTime></day><day><name>Thursday</name><openingTime>09:00</openingTime><closingTime>22:00</closingTime></day><day><name>Friday</name><openingTime>09:00</openingTime><closingTime>22:00</closingTime></day><day><name>Saturday</name><openingTime>09:00</openingTime><closingTime>22:00</closingTime></day><day><name>Sunday</name><openingTime>09:00</openingTime><closingTime>22:00</closingTime></day></operatingHours><onlineOrdering>false</onlineOrdering><loyaltyProgramEnabled>true</loyaltyProgramEnabled><driveThruAvailable>false</driveThruAvailable><language>English</language><taxReference>Wu3DQ9BM</taxReference><operations /></restaurantConfig>