<restaurantConfig><name>4aWej3bUVK</name><location><city>Portland</city><zipcode>74073</zipcode></location><currency>USD</currency><timezone>EST</timezone><menu><category><name>Burgers</name><item><name>Filet-O-Fish</name><price>1.48</price></item><item><name>McChicken</name><price>8.83</price></item><item><name>Big Mac</name><price>4.88</price></item></category><category><name>Chicken &amp; Sandwiches</name><item><name>Buttermilk Crispy Chicken Sandwich</name><price>4.3</price></item><item><name>McChicken Deluxe</name><price>5.77</price></item></category><category><name>Snacks &amp; Sides</name><item><name>Apple Slices</name><price>1.56</price></item></category></menu><employees><employee><name>qirBUnvP</name><position>Cashier</position><hourlyWage>18.66</hourlyWage></employee><employee><name>zF7uc805</name><position>Cashier</position><hourlyWage>15.65</hourlyWage></employee><employee><name>zQ7ou7RT</name><position>Cashier</position><hourlyWage>16.21</hourlyWage></employee><employee><name>uSTuVlYQ</name><position>Cook</position><hourlyWage>19.07</hourlyWage></employee><employee><name>TdDfvC1g</name><position>Cashier</position><hourlyWage>12.97</hourlyWage></employee><employee><name>Mg8snSkr</name><position>Waiter</position><hourlyWage>17.33</hourlyWage></employee><employee><name>3KigsVwE</name><position>Cook</position><hourlyWage>9.04</hourlyWage></employee><employee><name>7W9Hvy2x</name><position>Cashier</position><hourlyWage>10.71</hourlyWage></employee><employee><name>WUpo1vL4</name><position>Cashier</position><hourlyWage>8.84</hourlyWage></employee><employee><name>a7hWO9H6</name><position>Cashier</position><hourlyWage>14.2</hourlyWage></employee></employees><operatingHours><day><name>Monday</name><openingTime>09:00</openingTime><closingTime>22:00</closingTime></day><day><name>Tuesday</name><openingTime>09:00</openingTime><closingTime>22:00</closingTime></day><day><name>Wednesday</name><openingTime>09:00</openingTime><closingTime>22:00</closingTime></day><day><name>Thursday</name><openingTime>09:00</openingTime><closingTime>22:00</closingTime></day><day><name>Friday</name><openingTime>09:00</openingTime><closingTime>22:00</closingTime></day><day><name>Saturday</name><openingTime>09:00</openingTime><closingTime>22:00</closingTime></day><day><name>Sunday</name><openingTime>09:00</openingTime><closingTime>22:00</closingTime></day></operatingHours><onlineOrdering>false</onlineOrdering><loyaltyProgramEnabled>false</loyaltyProgramEnabled><driveThruAvailable>true</driveThruAvailable><language>German</language><taxReference>nfwufVHq</taxReference><operations /></restaurantConfig>