<restaurantConfig><name>23Al9dkEuq</name><location><city>Miami</city><zipcode>44985</zipcode></location><currency>USD</currency><timezone>EST</timezone><menu><category><name>Chicken &amp; Sandwiches</name><item><name>Artisan Grilled Chicken Sandwich</name><price>3.67</price></item><item><name>Buttermilk Crispy Chicken Sandwich</name><price>9.18</price></item></category><category><name>Salads</name><item><name>Side Salad</name><price>7.97</price></item></category><category><name>Breakfast</name><item><name>Hotcakes</name><price>3.18</price></item><item><name>Egg McMuffin</name><price>4.22</price></item></category><category><name>Snacks &amp; Sides</name><item><name>McNuggets</name><price>2.02</price></item></category></menu><employees><employee><name>fccukSZC</name><position>Waiter</position><hourlyWage>14.77</hourlyWage></employee><employee><name>MrLnp0i0</name><position>Cook</position><hourlyWage>15.68</hourlyWage></employee></employees><operatingHours><day><name>Monday</name><openingTime>09:00</openingTime><closingTime>22:00</closingTime></day><day><name>Tuesday</name><openingTime>09:00</openingTime><closingTime>22:00</closingTime></day><day><name>Wednesday</name><openingTime>09:00</openingTime><closingTime>22:00</closingTime></day><day><name>Thursday</name><openingTime>09:00</openingTime><closingTime>22:00</closingTime></day><day><name>Friday</name><openingTime>09:00</openingTime><closingTime>22:00</closingTime></day><day><name>Saturday</name><openingTime>09:00</openingTime><closingTime>22:00</closingTime></day><day><name>Sunday</name><openingTime>09:00</openingTime><closingTime>22:00</closingTime></day></operatingHours><onlineOrdering>true</onlineOrdering><loyaltyProgramEnabled>false</loyaltyProgramEnabled><driveThruAvailable>true</driveThruAvailable><language>English</language><taxReference>yDrxzxWc</taxReference><operations /></restaurantConfig>