<restaurantConfig><name>aTNHZvucYn</name><location><city>Memphis</city><zipcode>65676</zipcode></location><currency>USD</currency><timezone>EST</timezone><menu><category><name>Salads</name><item><name>Side Salad</name><price>8.94</price></item></category><category><name>Breakfast</name><item><name>Hotcakes</name><price>3.82</price></item><item><name>Hash Browns</name><price>1.44</price></item></category></menu><employees><employee><name>iktoCS75</name><position>Cook</position><hourlyWage>11.84</hourlyWage></employee><employee><name>P7hXB4KF</name><position>Cook</position><hourlyWage>11.92</hourlyWage></employee><employee><name>h5kdXedo</name><position>Cook</position><hourlyWage>16.16</hourlyWage></employee><employee><name>z57ZhuV0</name><position>Waiter</position><hourlyWage>15.13</hourlyWage></employee><employee><name>bd8xsQ5h</name><position>Cashier</position><hourlyWage>17.36</hourlyWage></employee></employees><operatingHours><day><name>Monday</name><openingTime>09:00</openingTime><closingTime>22:00</closingTime></day><day><name>Tuesday</name><openingTime>09:00</openingTime><closingTime>22:00</closingTime></day><day><name>Wednesday</name><openingTime>09:00</openingTime><closingTime>22:00</closingTime></day><day><name>Thursday</name><openingTime>09:00</openingTime><closingTime>22:00</closingTime></day><day><name>Friday</name><openingTime>09:00</openingTime><closingTime>22:00</closingTime></day><day><name>Saturday</name><openingTime>09:00</openingTime><closingTime>22:00</closingTime></day><day><name>Sunday</name><openingTime>09:00</openingTime><closingTime>22:00</closingTime></day></operatingHours><onlineOrdering>true</onlineOrdering><loyaltyProgramEnabled>true</loyaltyProgramEnabled><driveThruAvailable>true</driveThruAvailable><language>French</language><taxReference>SUmRl7CR</taxReference><operations /></restaurantConfig>