<restaurantConfig><name>x2WkI1hNTG</name><location><city>Washington</city><zipcode>11097</zipcode></location><currency>USD</currency><timezone>EST</timezone><menu><category><name>Burgers</name><item><name>Quarter Pounder with Cheese</name><price>5.02</price></item></category><category><name>Salads</name><item><name>Southwest Grilled Chicken Salad</name><price>7.24</price></item><item><name>Bacon Ranch Salad</name><price>8.12</price></item><item><name>Side Salad</name><price>2.39</price></item></category></menu><employees><employee><name>8TfflYJS</name><position>Waiter</position><hourlyWage>8.02</hourlyWage></employee><employee><name>tvdJ3drm</name><position>Waiter</position><hourlyWage>10.84</hourlyWage></employee></employees><operatingHours><day><name>Monday</name><openingTime>09:00</openingTime><closingTime>22:00</closingTime></day><day><name>Tuesday</name><openingTime>09:00</openingTime><closingTime>22:00</closingTime></day><day><name>Wednesday</name><openingTime>09:00</openingTime><closingTime>22:00</closingTime></day><day><name>Thursday</name><openingTime>09:00</openingTime><closingTime>22:00</closingTime></day><day><name>Friday</name><openingTime>09:00</openingTime><closingTime>22:00</closingTime></day><day><name>Saturday</name><openingTime>09:00</openingTime><closingTime>22:00</closingTime></day><day><name>Sunday</name><openingTime>09:00</openingTime><closingTime>22:00</closingTime></day></operatingHours><onlineOrdering>false</onlineOrdering><loyaltyProgramEnabled>true</loyaltyProgramEnabled><driveThruAvailable>true</driveThruAvailable><language>German</language><taxReference>Rr90Y2HE</taxReference><operations /></restaurantConfig>