<restaurantConfig><name>tGNT8cRBk2</name><location><city>Columbus</city><zipcode>76847</zipcode></location><currency>USD</currency><timezone>EST</timezone><menu><category><name>Breakfast</name><item><name>Egg McMuffin</name><price>4.43</price></item><item><name>Big Breakfast</name><price>8.18</price></item><item><name>Sausage McMuffin</name><price>4.03</price></item></category><category><name>Snacks &amp; Sides</name><item><name>McNuggets</name><price>3.29</price></item></category></menu><employees><employee><name>KHmKGgPg</name><position>Manager</position><hourlyWage>13.59</hourlyWage></employee><employee><name>paKjThYr</name><position>Manager</position><hourlyWage>9.22</hourlyWage></employee><employee><name>e0BNmUCx</name><position>Cashier</position><hourlyWage>11.16</hourlyWage></employee><employee><name>QVm58bb4</name><position>Cashier</position><hourlyWage>13.88</hourlyWage></employee><employee><name>tzxntcGA</name><position>Cashier</position><hourlyWage>14.38</hourlyWage></employee><employee><name>4BdAYKKk</name><position>Waiter</position><hourlyWage>15.69</hourlyWage></employee><employee><name>ekkLOe0h</name><position>Waiter</position><hourlyWage>12.57</hourlyWage></employee><employee><name>ClSeDfTN</name><position>Cook</position><hourlyWage>9.74</hourlyWage></employee></employees><operatingHours><day><name>Monday</name><openingTime>09:00</openingTime><closingTime>22:00</closingTime></day><day><name>Tuesday</name><openingTime>09:00</openingTime><closingTime>22:00</closingTime></day><day><name>Wednesday</name><openingTime>09:00</openingTime><closingTime>22:00</closingTime></day><day><name>Thursday</name><openingTime>09:00</openingTime><closingTime>22:00</closingTime></day><day><name>Friday</name><openingTime>09:00</openingTime><closingTime>22:00</closingTime></day><day><name>Saturday</name><openingTime>09:00</openingTime><closingTime>22:00</closingTime></day><day><name>Sunday</name><openingTime>09:00</openingTime><closingTime>22:00</closingTime></day></operatingHours><onlineOrdering>false</onlineOrdering><loyaltyProgramEnabled>false</loyaltyProgramEnabled><driveThruAvailable>true</driveThruAvailable><language>English</language><taxReference>vHpbBT0r</taxReference><operations /></restaurantConfig>