<restaurantConfig><name>K2aGyxMIb7</name><location><city>Fort Worth</city><zipcode>37421</zipcode></location><currency>USD</currency><timezone>EST</timezone><menu><category><name>Chicken &amp; Sandwiches</name><item><name>Buttermilk Crispy Chicken Sandwich</name><price>1.4</price></item></category><category><name>Breakfast</name><item><name>Sausage McMuffin</name><price>9.35</price></item></category><category><name>Snacks &amp; Sides</name><item><name>Apple Slices</name><price>1.48</price></item></category></menu><employees><employee><name>gb1OckRN</name><position>Cashier</position><hourlyWage>10.89</hourlyWage></employee><employee><name>cQq688sr</name><position>Waiter</position><hourlyWage>13.68</hourlyWage></employee><employee><name>axZrws6I</name><position>Waiter</position><hourlyWage>17.47</hourlyWage></employee><employee><name>SDFMDj6V</name><position>Cashier</position><hourlyWage>9.84</hourlyWage></employee><employee><name>HhWqoCUu</name><position>Cook</position><hourlyWage>9.62</hourlyWage></employee><employee><name>lpJx8QCU</name><position>Cashier</position><hourlyWage>13.62</hourlyWage></employee></employees><operatingHours><day><name>Monday</name><openingTime>09:00</openingTime><closingTime>22:00</closingTime></day><day><name>Tuesday</name><openingTime>09:00</openingTime><closingTime>22:00</closingTime></day><day><name>Wednesday</name><openingTime>09:00</openingTime><closingTime>22:00</closingTime></day><day><name>Thursday</name><openingTime>09:00</openingTime><closingTime>22:00</closingTime></day><day><name>Friday</name><openingTime>09:00</openingTime><closingTime>22:00</closingTime></day><day><name>Saturday</name><openingTime>09:00</openingTime><closingTime>22:00</closingTime></day><day><name>Sunday</name><openingTime>09:00</openingTime><closingTime>22:00</closingTime></day></operatingHours><onlineOrdering>false</onlineOrdering><loyaltyProgramEnabled>true</loyaltyProgramEnabled><driveThruAvailable>true</driveThruAvailable><language>English</language><taxReference>hWF1uya1</taxReference><operations /></restaurantConfig>