<restaurantConfig><name>TYBcjVUMVF</name><location><city>Portland</city><zipcode>91498</zipcode></location><currency>USD</currency><timezone>EST</timezone><menu><category><name>Burgers</name><item><name>Filet-O-Fish</name><price>1.46</price></item><item><name>Big Mac</name><price>5.13</price></item><item><name>McDouble</name><price>3.57</price></item><item><name>McChicken</name><price>9.16</price></item></category><category><name>Salads</name><item><name>Bacon Ranch Salad</name><price>8.73</price></item><item><name>Side Salad</name><price>2.38</price></item><item><name>Southwest Grilled Chicken Salad</name><price>1.41</price></item></category><category><name>Breakfast</name><item><name>Big Breakfast</name><price>8.38</price></item><item><name>Hotcakes</name><price>8.27</price></item><item><name>Hash Browns</name><price>2.64</price></item></category></menu><employees><employee><name>s3hgH6lA</name><position>Cashier</position><hourlyWage>8.46</hourlyWage></employee><employee><name>WGDG9hdi</name><position>Cashier</position><hourlyWage>8.43</hourlyWage></employee><employee><name>SVuy2zdW</name><position>Waiter</position><hourlyWage>12.37</hourlyWage></employee><employee><name>bHJorSpF</name><position>Waiter</position><hourlyWage>16.29</hourlyWage></employee><employee><name>9fi510dl</name><position>Manager</position><hourlyWage>19.21</hourlyWage></employee><employee><name>eyNAEO7u</name><position>Waiter</position><hourlyWage>12.22</hourlyWage></employee><employee><name>cMMf3V6E</name><position>Manager</position><hourlyWage>18.21</hourlyWage></employee></employees><operatingHours><day><name>Monday</name><openingTime>09:00</openingTime><closingTime>22:00</closingTime></day><day><name>Tuesday</name><openingTime>09:00</openingTime><closingTime>22:00</closingTime></day><day><name>Wednesday</name><openingTime>09:00</openingTime><closingTime>22:00</closingTime></day><day><name>Thursday</name><openingTime>09:00</openingTime><closingTime>22:00</closingTime></day><day><name>Friday</name><openingTime>09:00</openingTime><closingTime>22:00</closingTime></day><day><name>Saturday</name><openingTime>09:00</openingTime><closingTime>22:00</closingTime></day><day><name>Sunday</name><openingTime>09:00</openingTime><closingTime>22:00</closingTime></day></operatingHours><onlineOrdering>true</onlineOrdering><loyaltyProgramEnabled>false</loyaltyProgramEnabled><driveThruAvailable>true</driveThruAvailable><language>German</language><taxReference>lJw4Zd2w</taxReference><operations /></restaurantConfig>