<restaurantConfig><name>3iFWKVQ3Mi</name><location><city>Tucson</city><zipcode>21548</zipcode></location><currency>USD</currency><timezone>EST</timezone><menu><category><name>Salads</name><item><name>Southwest Grilled Chicken Salad</name><price>9.9</price></item></category><category><name>Snacks &amp; Sides</name><item><name>Apple Slices</name><price>4.19</price></item></category></menu><employees><employee><name>3hIloEKx</name><position>Cook</position><hourlyWage>8.56</hourlyWage></employee></employees><operatingHours><day><name>Monday</name><openingTime>09:00</openingTime><closingTime>22:00</closingTime></day><day><name>Tuesday</name><openingTime>09:00</openingTime><closingTime>22:00</closingTime></day><day><name>Wednesday</name><openingTime>09:00</openingTime><closingTime>22:00</closingTime></day><day><name>Thursday</name><openingTime>09:00</openingTime><closingTime>22:00</closingTime></day><day><name>Friday</name><openingTime>09:00</openingTime><closingTime>22:00</closingTime></day><day><name>Saturday</name><openingTime>09:00</openingTime><closingTime>22:00</closingTime></day><day><name>Sunday</name><openingTime>09:00</openingTime><closingTime>22:00</closingTime></day></operatingHours><onlineOrdering>true</onlineOrdering><loyaltyProgramEnabled>true</loyaltyProgramEnabled><driveThruAvailable>false</driveThruAvailable><language>German</language><taxReference>eMocP4vE</taxReference><operations /></restaurantConfig>