<restaurantConfig><name>20zriTkb3C</name><location><city>Chicago</city><zipcode>54437</zipcode></location><currency>USD</currency><timezone>EST</timezone><menu><category><name>Burgers</name><item><name>McChicken</name><price>9.45</price></item></category><category><name>Chicken &amp; Sandwiches</name><item><name>Buttermilk Crispy Chicken Sandwich</name><price>2.97</price></item><item><name>McChicken Deluxe</name><price>5.38</price></item></category><category><name>Breakfast</name><item><name>Egg McMuffin</name><price>7.17</price></item><item><name>Big Breakfast</name><price>6.22</price></item><item><name>Hash Browns</name><price>3.64</price></item><item><name>Sausage McMuffin</name><price>5.72</price></item></category></menu><employees><employee><name>5KMMoJ9L</name><position>Cashier</position><hourlyWage>8.08</hourlyWage></employee></employees><operatingHours><day><name>Monday</name><openingTime>09:00</openingTime><closingTime>22:00</closingTime></day><day><name>Tuesday</name><openingTime>09:00</openingTime><closingTime>22:00</closingTime></day><day><name>Wednesday</name><openingTime>09:00</openingTime><closingTime>22:00</closingTime></day><day><name>Thursday</name><openingTime>09:00</openingTime><closingTime>22:00</closingTime></day><day><name>Friday</name><openingTime>09:00</openingTime><closingTime>22:00</closingTime></day><day><name>Saturday</name><openingTime>09:00</openingTime><closingTime>22:00</closingTime></day><day><name>Sunday</name><openingTime>09:00</openingTime><closingTime>22:00</closingTime></day></operatingHours><onlineOrdering>true</onlineOrdering><loyaltyProgramEnabled>false</loyaltyProgramEnabled><driveThruAvailable>false</driveThruAvailable><language>Spanish</language><taxReference>uQdXwXwp</taxReference><operations /></restaurantConfig>