<restaurantConfig><name>NAz0DKXgwj</name><location><city>Las Vegas</city><zipcode>62723</zipcode></location><currency>USD</currency><timezone>EST</timezone><menu><category><name>Burgers</name><item><name>Filet-O-Fish</name><price>2.61</price></item><item><name>McChicken</name><price>8.72</price></item><item><name>Big Mac</name><price>5.45</price></item><item><name>McDouble</name><price>7.16</price></item><item><name>Quarter Pounder with Cheese</name><price>9.1</price></item></category><category><name>Salads</name><item><name>Southwest Grilled Chicken Salad</name><price>5.43</price></item><item><name>Side Salad</name><price>6.13</price></item><item><name>Bacon Ranch Salad</name><price>6.48</price></item></category><category><name>Snacks &amp; Sides</name><item><name>French Fries</name><price>3.33</price></item><item><name>McNuggets</name><price>5.99</price></item><item><name>Apple Slices</name><price>4.73</price></item></category></menu><employees><employee><name>DT7YkVIB</name><position>Cook</position><hourlyWage>19.07</hourlyWage></employee><employee><name>lweJogAz</name><position>Waiter</position><hourlyWage>8.68</hourlyWage></employee><employee><name>jo4TfJCI</name><position>Cook</position><hourlyWage>8.94</hourlyWage></employee><employee><name>N1Rzlt45</name><position>Cook</position><hourlyWage>19.88</hourlyWage></employee><employee><name>HRP33McU</name><position>Cashier</position><hourlyWage>17.31</hourlyWage></employee><employee><name>tqZswNCH</name><position>Waiter</position><hourlyWage>8.65</hourlyWage></employee><employee><name>YDnEfVRo</name><position>Cashier</position><hourlyWage>19.69</hourlyWage></employee></employees><operatingHours><day><name>Monday</name><openingTime>09:00</openingTime><closingTime>22:00</closingTime></day><day><name>Tuesday</name><openingTime>09:00</openingTime><closingTime>22:00</closingTime></day><day><name>Wednesday</name><openingTime>09:00</openingTime><closingTime>22:00</closingTime></day><day><name>Thursday</name><openingTime>09:00</openingTime><closingTime>22:00</closingTime></day><day><name>Friday</name><openingTime>09:00</openingTime><closingTime>22:00</closingTime></day><day><name>Saturday</name><openingTime>09:00</openingTime><closingTime>22:00</closingTime></day><day><name>Sunday</name><openingTime>09:00</openingTime><closingTime>22:00</closingTime></day></operatingHours><onlineOrdering>true</onlineOrdering><loyaltyProgramEnabled>true</loyaltyProgramEnabled><driveThruAvailable>true</driveThruAvailable><language>English</language><taxReference>QuGTwq4R</taxReference><operations /></restaurantConfig>