<restaurantConfig><name>ErWbgc5Q2r</name><location><city>Philadelphia</city><zipcode>26330</zipcode></location><currency>USD</currency><timezone>EST</timezone><menu><category><name>Chicken &amp; Sandwiches</name><item><name>Spicy McChicken</name><price>4.61</price></item></category><category><name>Salads</name><item><name>Southwest Grilled Chicken Salad</name><price>5.97</price></item><item><name>Side Salad</name><price>7.57</price></item><item><name>Bacon Ranch Salad</name><price>7.83</price></item></category><category><name>Snacks &amp; Sides</name><item><name>Apple Slices</name><price>1.11</price></item></category></menu><employees><employee><name>VHcwEgfp</name><position>Cashier</position><hourlyWage>8.3</hourlyWage></employee><employee><name>3CsuCB6n</name><position>Manager</position><hourlyWage>14.04</hourlyWage></employee><employee><name>nKw43k4V</name><position>Waiter</position><hourlyWage>15.85</hourlyWage></employee></employees><operatingHours><day><name>Monday</name><openingTime>09:00</openingTime><closingTime>22:00</closingTime></day><day><name>Tuesday</name><openingTime>09:00</openingTime><closingTime>22:00</closingTime></day><day><name>Wednesday</name><openingTime>09:00</openingTime><closingTime>22:00</closingTime></day><day><name>Thursday</name><openingTime>09:00</openingTime><closingTime>22:00</closingTime></day><day><name>Friday</name><openingTime>09:00</openingTime><closingTime>22:00</closingTime></day><day><name>Saturday</name><openingTime>09:00</openingTime><closingTime>22:00</closingTime></day><day><name>Sunday</name><openingTime>09:00</openingTime><closingTime>22:00</closingTime></day></operatingHours><onlineOrdering>false</onlineOrdering><loyaltyProgramEnabled>false</loyaltyProgramEnabled><driveThruAvailable>false</driveThruAvailable><language>English</language><taxReference>1cUHZGk0</taxReference><operations /></restaurantConfig>