<restaurantConfig><name>nGm7UtlE5y</name><location><city>Mesa</city><zipcode>77949</zipcode></location><currency>USD</currency><timezone>EST</timezone><menu><category><name>Chicken &amp; Sandwiches</name><item><name>Buttermilk Crispy Chicken Sandwich</name><price>2.0</price></item><item><name>McChicken Deluxe</name><price>7.92</price></item><item><name>Artisan Grilled Chicken Sandwich</name><price>8.02</price></item><item><name>Spicy McChicken</name><price>8.52</price></item></category><category><name>Salads</name><item><name>Southwest Grilled Chicken Salad</name><price>9.98</price></item><item><name>Side Salad</name><price>1.61</price></item><item><name>Bacon Ranch Salad</name><price>9.51</price></item></category></menu><employees><employee><name>IXBVZPlI</name><position>Cashier</position><hourlyWage>16.57</hourlyWage></employee><employee><name>smF9sZqq</name><position>Cashier</position><hourlyWage>18.16</hourlyWage></employee><employee><name>dUiCadtC</name><position>Manager</position><hourlyWage>8.29</hourlyWage></employee><employee><name>qlzPytyK</name><position>Cook</position><hourlyWage>9.62</hourlyWage></employee><employee><name>ZmMcrhok</name><position>Manager</position><hourlyWage>18.0</hourlyWage></employee><employee><name>h3jyfe0N</name><position>Waiter</position><hourlyWage>14.3</hourlyWage></employee><employee><name>WfvfWpU6</name><position>Cashier</position><hourlyWage>12.38</hourlyWage></employee></employees><operatingHours><day><name>Monday</name><openingTime>09:00</openingTime><closingTime>22:00</closingTime></day><day><name>Tuesday</name><openingTime>09:00</openingTime><closingTime>22:00</closingTime></day><day><name>Wednesday</name><openingTime>09:00</openingTime><closingTime>22:00</closingTime></day><day><name>Thursday</name><openingTime>09:00</openingTime><closingTime>22:00</closingTime></day><day><name>Friday</name><openingTime>09:00</openingTime><closingTime>22:00</closingTime></day><day><name>Saturday</name><openingTime>09:00</openingTime><closingTime>22:00</closingTime></day><day><name>Sunday</name><openingTime>09:00</openingTime><closingTime>22:00</closingTime></day></operatingHours><onlineOrdering>true</onlineOrdering><loyaltyProgramEnabled>true</loyaltyProgramEnabled><driveThruAvailable>true</driveThruAvailable><language>English</language><taxReference>JTeqzOES</taxReference><operations /></restaurantConfig>