<restaurantConfig><name>oZ4zDUhU1l</name><location><city>San Francisco</city><zipcode>54452</zipcode></location><currency>USD</currency><timezone>EST</timezone><menu><category><name>Burgers</name><item><name>McChicken</name><price>2.98</price></item><item><name>Filet-O-Fish</name><price>7.1</price></item><item><name>Big Mac</name><price>2.72</price></item><item><name>McDouble</name><price>5.52</price></item><item><name>Quarter Pounder with Cheese</name><price>5.77</price></item></category><category><name>Salads</name><item><name>Side Salad</name><price>7.17</price></item></category><category><name>Breakfast</name><item><name>Hotcakes</name><price>9.72</price></item></category></menu><employees><employee><name>CaZK0Aoe</name><position>Cook</position><hourlyWage>14.27</hourlyWage></employee><employee><name>KoctsY1F</name><position>Cook</position><hourlyWage>18.09</hourlyWage></employee><employee><name>9D1jFWeS</name><position>Cook</position><hourlyWage>14.11</hourlyWage></employee><employee><name>w1Db0PAV</name><position>Waiter</position><hourlyWage>9.56</hourlyWage></employee><employee><name>3nl4Vuep</name><position>Manager</position><hourlyWage>17.13</hourlyWage></employee><employee><name>7gMEotBv</name><position>Waiter</position><hourlyWage>10.3</hourlyWage></employee></employees><operatingHours><day><name>Monday</name><openingTime>09:00</openingTime><closingTime>22:00</closingTime></day><day><name>Tuesday</name><openingTime>09:00</openingTime><closingTime>22:00</closingTime></day><day><name>Wednesday</name><openingTime>09:00</openingTime><closingTime>22:00</closingTime></day><day><name>Thursday</name><openingTime>09:00</openingTime><closingTime>22:00</closingTime></day><day><name>Friday</name><openingTime>09:00</openingTime><closingTime>22:00</closingTime></day><day><name>Saturday</name><openingTime>09:00</openingTime><closingTime>22:00</closingTime></day><day><name>Sunday</name><openingTime>09:00</openingTime><closingTime>22:00</closingTime></day></operatingHours><onlineOrdering>false</onlineOrdering><loyaltyProgramEnabled>false</loyaltyProgramEnabled><driveThruAvailable>false</driveThruAvailable><language>Spanish</language><taxReference>9mzcuyqy</taxReference><operations /></restaurantConfig>