<restaurantConfig><name>KYvLx2Zj4l</name><location><city>Long Beach</city><zipcode>51903</zipcode></location><currency>USD</currency><timezone>EST</timezone><menu><category><name>Burgers</name><item><name>McChicken</name><price>9.04</price></item><item><name>McDouble</name><price>8.3</price></item><item><name>Big Mac</name><price>1.4</price></item></category><category><name>Salads</name><item><name>Southwest Grilled Chicken Salad</name><price>2.75</price></item><item><name>Side Salad</name><price>2.63</price></item><item><name>Bacon Ranch Salad</name><price>4.19</price></item></category></menu><employees><employee><name>OMQwfSWc</name><position>Waiter</position><hourlyWage>13.11</hourlyWage></employee><employee><name>rHogGWVC</name><position>Manager</position><hourlyWage>19.63</hourlyWage></employee><employee><name>61pVf0dI</name><position>Manager</position><hourlyWage>10.76</hourlyWage></employee><employee><name>8Kov1pJE</name><position>Waiter</position><hourlyWage>15.58</hourlyWage></employee><employee><name>08rKdskq</name><position>Cook</position><hourlyWage>10.32</hourlyWage></employee><employee><name>W0CTCo1E</name><position>Cook</position><hourlyWage>17.91</hourlyWage></employee><employee><name>c3LUsNJq</name><position>Waiter</position><hourlyWage>9.3</hourlyWage></employee></employees><operatingHours><day><name>Monday</name><openingTime>09:00</openingTime><closingTime>22:00</closingTime></day><day><name>Tuesday</name><openingTime>09:00</openingTime><closingTime>22:00</closingTime></day><day><name>Wednesday</name><openingTime>09:00</openingTime><closingTime>22:00</closingTime></day><day><name>Thursday</name><openingTime>09:00</openingTime><closingTime>22:00</closingTime></day><day><name>Friday</name><openingTime>09:00</openingTime><closingTime>22:00</closingTime></day><day><name>Saturday</name><openingTime>09:00</openingTime><closingTime>22:00</closingTime></day><day><name>Sunday</name><openingTime>09:00</openingTime><closingTime>22:00</closingTime></day></operatingHours><onlineOrdering>true</onlineOrdering><loyaltyProgramEnabled>true</loyaltyProgramEnabled><driveThruAvailable>false</driveThruAvailable><language>English</language><taxReference>4JQmkrfg</taxReference><operations /></restaurantConfig>