<restaurantConfig><name>M0j40EKoN0</name><location><city>Dallas</city><zipcode>31572</zipcode></location><currency>USD</currency><timezone>EST</timezone><menu><category><name>Burgers</name><item><name>Quarter Pounder with Cheese</name><price>8.94</price></item><item><name>Filet-O-Fish</name><price>3.5</price></item></category><category><name>Chicken &amp; Sandwiches</name><item><name>Artisan Grilled Chicken Sandwich</name><price>7.58</price></item><item><name>Spicy McChicken</name><price>5.71</price></item><item><name>Buttermilk Crispy Chicken Sandwich</name><price>9.36</price></item></category></menu><employees><employee><name>ebCiM51L</name><position>Cook</position><hourlyWage>8.81</hourlyWage></employee><employee><name>lSd34uWj</name><position>Manager</position><hourlyWage>17.37</hourlyWage></employee><employee><name>8jy8gRFT</name><position>Cashier</position><hourlyWage>17.32</hourlyWage></employee><employee><name>gMkq9cXA</name><position>Waiter</position><hourlyWage>14.83</hourlyWage></employee></employees><operatingHours><day><name>Monday</name><openingTime>09:00</openingTime><closingTime>22:00</closingTime></day><day><name>Tuesday</name><openingTime>09:00</openingTime><closingTime>22:00</closingTime></day><day><name>Wednesday</name><openingTime>09:00</openingTime><closingTime>22:00</closingTime></day><day><name>Thursday</name><openingTime>09:00</openingTime><closingTime>22:00</closingTime></day><day><name>Friday</name><openingTime>09:00</openingTime><closingTime>22:00</closingTime></day><day><name>Saturday</name><openingTime>09:00</openingTime><closingTime>22:00</closingTime></day><day><name>Sunday</name><openingTime>09:00</openingTime><closingTime>22:00</closingTime></day></operatingHours><onlineOrdering>true</onlineOrdering><loyaltyProgramEnabled>false</loyaltyProgramEnabled><driveThruAvailable>true</driveThruAvailable><language>German</language><taxReference>SAELByTF</taxReference><operations /></restaurantConfig>