<restaurantConfig><name>U2RrEHY8lq</name><location><city>Long Beach</city><zipcode>50580</zipcode></location><currency>USD</currency><timezone>EST</timezone><menu><category><name>Chicken &amp; Sandwiches</name><item><name>Spicy McChicken</name><price>8.11</price></item><item><name>McChicken Deluxe</name><price>4.1</price></item></category><category><name>Salads</name><item><name>Side Salad</name><price>9.74</price></item><item><name>Southwest Grilled Chicken Salad</name><price>6.1</price></item></category><category><name>Breakfast</name><item><name>Sausage McMuffin</name><price>4.21</price></item><item><name>Big Breakfast</name><price>2.98</price></item><item><name>Hotcakes</name><price>8.51</price></item><item><name>Hash Browns</name><price>8.75</price></item><item><name>Egg McMuffin</name><price>2.29</price></item></category><category><name>Snacks &amp; Sides</name><item><name>Apple Slices</name><price>3.54</price></item><item><name>French Fries</name><price>6.45</price></item></category></menu><employees><employee><name>RCyM4yxc</name><position>Cashier</position><hourlyWage>12.22</hourlyWage></employee><employee><name>YHEboWCK</name><position>Waiter</position><hourlyWage>18.43</hourlyWage></employee><employee><name>ENXy5mMU</name><position>Manager</position><hourlyWage>10.71</hourlyWage></employee><employee><name>tWgRJ7gR</name><position>Manager</position><hourlyWage>14.53</hourlyWage></employee><employee><name>KiST4vUY</name><position>Cashier</position><hourlyWage>10.5</hourlyWage></employee><employee><name>H8HWV5Pu</name><position>Cook</position><hourlyWage>17.46</hourlyWage></employee><employee><name>w6cI34Tx</name><position>Cook</position><hourlyWage>9.4</hourlyWage></employee><employee><name>zbQ0utjt</name><position>Cook</position><hourlyWage>11.37</hourlyWage></employee><employee><name>4R8MvIxr</name><position>Manager</position><hourlyWage>17.28</hourlyWage></employee><employee><name>O8mhJ6Mv</name><position>Cook</position><hourlyWage>9.99</hourlyWage></employee></employees><operatingHours><day><name>Monday</name><openingTime>09:00</openingTime><closingTime>22:00</closingTime></day><day><name>Tuesday</name><openingTime>09:00</openingTime><closingTime>22:00</closingTime></day><day><name>Wednesday</name><openingTime>09:00</openingTime><closingTime>22:00</closingTime></day><day><name>Thursday</name><openingTime>09:00</openingTime><closingTime>22:00</closingTime></day><day><name>Friday</name><openingTime>09:00</openingTime><closingTime>22:00</closingTime></day><day><name>Saturday</name><openingTime>09:00</openingTime><closingTime>22:00</closingTime></day><day><name>Sunday</name><openingTime>09:00</openingTime><closingTime>22:00</closingTime></day></operatingHours><onlineOrdering>true</onlineOrdering><loyaltyProgramEnabled>false</loyaltyProgramEnabled><driveThruAvailable>true</driveThruAvailable><language>French</language><taxReference>EKNPXmyX</taxReference><operations /></restaurantConfig>