<restaurantConfig><name>LfMigXrEvY</name><location><city>Chicago</city><zipcode>89655</zipcode></location><currency>USD</currency><timezone>EST</timezone><menu><category><name>Burgers</name><item><name>Quarter Pounder with Cheese</name><price>1.99</price></item></category><category><name>Salads</name><item><name>Bacon Ranch Salad</name><price>8.23</price></item><item><name>Southwest Grilled Chicken Salad</name><price>9.96</price></item><item><name>Side Salad</name><price>4.85</price></item></category><category><name>Snacks &amp; Sides</name><item><name>French Fries</name><price>4.9</price></item><item><name>Apple Slices</name><price>9.55</price></item></category></menu><employees><employee><name>tnlj5fMz</name><position>Cook</position><hourlyWage>17.75</hourlyWage></employee><employee><name>LhsV99ZG</name><position>Waiter</position><hourlyWage>18.13</hourlyWage></employee><employee><name>j76OMYZm</name><position>Waiter</position><hourlyWage>15.97</hourlyWage></employee><employee><name>8wBG3cSS</name><position>Cashier</position><hourlyWage>10.87</hourlyWage></employee></employees><operatingHours><day><name>Monday</name><openingTime>09:00</openingTime><closingTime>22:00</closingTime></day><day><name>Tuesday</name><openingTime>09:00</openingTime><closingTime>22:00</closingTime></day><day><name>Wednesday</name><openingTime>09:00</openingTime><closingTime>22:00</closingTime></day><day><name>Thursday</name><openingTime>09:00</openingTime><closingTime>22:00</closingTime></day><day><name>Friday</name><openingTime>09:00</openingTime><closingTime>22:00</closingTime></day><day><name>Saturday</name><openingTime>09:00</openingTime><closingTime>22:00</closingTime></day><day><name>Sunday</name><openingTime>09:00</openingTime><closingTime>22:00</closingTime></day></operatingHours><onlineOrdering>false</onlineOrdering><loyaltyProgramEnabled>true</loyaltyProgramEnabled><driveThruAvailable>true</driveThruAvailable><language>French</language><taxReference>slwYBwjK</taxReference><operations /></restaurantConfig>