<restaurantConfig><name>AmcHfU1OX3</name><location><city>Detroit</city><zipcode>10061</zipcode></location><currency>USD</currency><timezone>EST</timezone><menu><category><name>Burgers</name><item><name>Quarter Pounder with Cheese</name><price>4.65</price></item><item><name>Big Mac</name><price>1.17</price></item><item><name>Filet-O-Fish</name><price>2.8</price></item><item><name>McDouble</name><price>2.92</price></item></category><category><name>Chicken &amp; Sandwiches</name><item><name>Spicy McChicken</name><price>9.27</price></item></category><category><name>Salads</name><item><name>Southwest Grilled Chicken Salad</name><price>6.51</price></item><item><name>Bacon Ranch Salad</name><price>6.32</price></item><item><name>Side Salad</name><price>1.79</price></item></category><category><name>Breakfast</name><item><name>Hash Browns</name><price>8.89</price></item><item><name>Hotcakes</name><price>2.16</price></item></category></menu><employees><employee><name>ZIy7pLbL</name><position>Waiter</position><hourlyWage>9.9</hourlyWage></employee><employee><name>iaQih4rL</name><position>Cashier</position><hourlyWage>8.07</hourlyWage></employee><employee><name>GJZde7pb</name><position>Cashier</position><hourlyWage>13.89</hourlyWage></employee></employees><operatingHours><day><name>Monday</name><openingTime>09:00</openingTime><closingTime>22:00</closingTime></day><day><name>Tuesday</name><openingTime>09:00</openingTime><closingTime>22:00</closingTime></day><day><name>Wednesday</name><openingTime>09:00</openingTime><closingTime>22:00</closingTime></day><day><name>Thursday</name><openingTime>09:00</openingTime><closingTime>22:00</closingTime></day><day><name>Friday</name><openingTime>09:00</openingTime><closingTime>22:00</closingTime></day><day><name>Saturday</name><openingTime>09:00</openingTime><closingTime>22:00</closingTime></day><day><name>Sunday</name><openingTime>09:00</openingTime><closingTime>22:00</closingTime></day></operatingHours><onlineOrdering>true</onlineOrdering><loyaltyProgramEnabled>true</loyaltyProgramEnabled><driveThruAvailable>false</driveThruAvailable><language>German</language><taxReference>9KOl5aEX</taxReference><operations /></restaurantConfig>