<restaurantConfig><name>sdVjvHdUh7</name><location><city>Virginia Beach</city><zipcode>12617</zipcode></location><currency>USD</currency><timezone>EST</timezone><menu><category><name>Chicken &amp; Sandwiches</name><item><name>Artisan Grilled Chicken Sandwich</name><price>6.3</price></item></category><category><name>Snacks &amp; Sides</name><item><name>French Fries</name><price>3.05</price></item><item><name>McNuggets</name><price>8.37</price></item><item><name>Apple Slices</name><price>8.68</price></item></category></menu><employees><employee><name>pkViQKkw</name><position>Manager</position><hourlyWage>8.97</hourlyWage></employee><employee><name>MGJv7dvn</name><position>Manager</position><hourlyWage>19.89</hourlyWage></employee><employee><name>CPMchiPQ</name><position>Manager</position><hourlyWage>9.56</hourlyWage></employee><employee><name>V1vheJkg</name><position>Manager</position><hourlyWage>8.44</hourlyWage></employee><employee><name>SeQoInYE</name><position>Cashier</position><hourlyWage>18.77</hourlyWage></employee></employees><operatingHours><day><name>Monday</name><openingTime>09:00</openingTime><closingTime>22:00</closingTime></day><day><name>Tuesday</name><openingTime>09:00</openingTime><closingTime>22:00</closingTime></day><day><name>Wednesday</name><openingTime>09:00</openingTime><closingTime>22:00</closingTime></day><day><name>Thursday</name><openingTime>09:00</openingTime><closingTime>22:00</closingTime></day><day><name>Friday</name><openingTime>09:00</openingTime><closingTime>22:00</closingTime></day><day><name>Saturday</name><openingTime>09:00</openingTime><closingTime>22:00</closingTime></day><day><name>Sunday</name><openingTime>09:00</openingTime><closingTime>22:00</closingTime></day></operatingHours><onlineOrdering>true</onlineOrdering><loyaltyProgramEnabled>true</loyaltyProgramEnabled><driveThruAvailable>false</driveThruAvailable><language>German</language><taxReference>lEiXor4q</taxReference><operations /></restaurantConfig>