<restaurantConfig><name>RzI5kqlIPD</name><location><city>Seattle</city><zipcode>30514</zipcode></location><currency>USD</currency><timezone>EST</timezone><menu><category><name>Breakfast</name><item><name>Hotcakes</name><price>5.02</price></item><item><name>Big Breakfast</name><price>9.01</price></item><item><name>Hash Browns</name><price>4.72</price></item><item><name>Egg McMuffin</name><price>1.31</price></item><item><name>Sausage McMuffin</name><price>2.62</price></item></category><category><name>Snacks &amp; Sides</name><item><name>Apple Slices</name><price>7.88</price></item><item><name>French Fries</name><price>6.63</price></item></category></menu><employees><employee><name>IzLCDvol</name><position>Cook</position><hourlyWage>15.41</hourlyWage></employee><employee><name>B56mRo9A</name><position>Manager</position><hourlyWage>8.11</hourlyWage></employee><employee><name>0dfOdLhH</name><position>Manager</position><hourlyWage>9.92</hourlyWage></employee><employee><name>odpcdO1N</name><position>Cashier</position><hourlyWage>17.45</hourlyWage></employee><employee><name>C90ExFwI</name><position>Cook</position><hourlyWage>8.42</hourlyWage></employee></employees><operatingHours><day><name>Monday</name><openingTime>09:00</openingTime><closingTime>22:00</closingTime></day><day><name>Tuesday</name><openingTime>09:00</openingTime><closingTime>22:00</closingTime></day><day><name>Wednesday</name><openingTime>09:00</openingTime><closingTime>22:00</closingTime></day><day><name>Thursday</name><openingTime>09:00</openingTime><closingTime>22:00</closingTime></day><day><name>Friday</name><openingTime>09:00</openingTime><closingTime>22:00</closingTime></day><day><name>Saturday</name><openingTime>09:00</openingTime><closingTime>22:00</closingTime></day><day><name>Sunday</name><openingTime>09:00</openingTime><closingTime>22:00</closingTime></day></operatingHours><onlineOrdering>true</onlineOrdering><loyaltyProgramEnabled>false</loyaltyProgramEnabled><driveThruAvailable>true</driveThruAvailable><language>Spanish</language><taxReference>imfr9YcN</taxReference><operations /></restaurantConfig>