<restaurantConfig><name>dxjz59WDyQ</name><location><city>Milwaukee</city><zipcode>63020</zipcode></location><currency>USD</currency><timezone>EST</timezone><menu><category><name>Burgers</name><item><name>McChicken</name><price>3.13</price></item><item><name>Quarter Pounder with Cheese</name><price>3.85</price></item><item><name>Big Mac</name><price>7.05</price></item><item><name>Filet-O-Fish</name><price>5.59</price></item></category><category><name>Salads</name><item><name>Bacon Ranch Salad</name><price>4.64</price></item></category><category><name>Breakfast</name><item><name>Hash Browns</name><price>8.41</price></item></category><category><name>Snacks &amp; Sides</name><item><name>French Fries</name><price>8.59</price></item><item><name>Apple Slices</name><price>7.06</price></item><item><name>McNuggets</name><price>2.28</price></item></category></menu><employees><employee><name>MJ7Vzri0</name><position>Manager</position><hourlyWage>8.63</hourlyWage></employee></employees><operatingHours><day><name>Monday</name><openingTime>09:00</openingTime><closingTime>22:00</closingTime></day><day><name>Tuesday</name><openingTime>09:00</openingTime><closingTime>22:00</closingTime></day><day><name>Wednesday</name><openingTime>09:00</openingTime><closingTime>22:00</closingTime></day><day><name>Thursday</name><openingTime>09:00</openingTime><closingTime>22:00</closingTime></day><day><name>Friday</name><openingTime>09:00</openingTime><closingTime>22:00</closingTime></day><day><name>Saturday</name><openingTime>09:00</openingTime><closingTime>22:00</closingTime></day><day><name>Sunday</name><openingTime>09:00</openingTime><closingTime>22:00</closingTime></day></operatingHours><onlineOrdering>true</onlineOrdering><loyaltyProgramEnabled>true</loyaltyProgramEnabled><driveThruAvailable>true</driveThruAvailable><language>French</language><taxReference>CrHnaIQf</taxReference><operations /></restaurantConfig>