<restaurantConfig><name>BFKRriAhja</name><location><city>San Diego</city><zipcode>50754</zipcode></location><currency>USD</currency><timezone>EST</timezone><menu><category><name>Burgers</name><item><name>Quarter Pounder with Cheese</name><price>7.42</price></item></category><category><name>Chicken &amp; Sandwiches</name><item><name>Spicy McChicken</name><price>9.91</price></item><item><name>Artisan Grilled Chicken Sandwich</name><price>7.73</price></item><item><name>McChicken Deluxe</name><price>9.88</price></item><item><name>Buttermilk Crispy Chicken Sandwich</name><price>4.85</price></item></category><category><name>Breakfast</name><item><name>Egg McMuffin</name><price>7.69</price></item><item><name>Hotcakes</name><price>2.99</price></item></category><category><name>Snacks &amp; Sides</name><item><name>French Fries</name><price>1.74</price></item></category></menu><employees><employee><name>Q6NZbFZH</name><position>Cook</position><hourlyWage>8.34</hourlyWage></employee><employee><name>h7VuDOBW</name><position>Waiter</position><hourlyWage>13.39</hourlyWage></employee><employee><name>TxFxJqMV</name><position>Cook</position><hourlyWage>12.82</hourlyWage></employee><employee><name>9BAoWwzU</name><position>Waiter</position><hourlyWage>16.6</hourlyWage></employee><employee><name>4BTDG4Pe</name><position>Cashier</position><hourlyWage>8.41</hourlyWage></employee><employee><name>ymiHLhNR</name><position>Manager</position><hourlyWage>17.09</hourlyWage></employee><employee><name>o1sdJBxQ</name><position>Cashier</position><hourlyWage>13.16</hourlyWage></employee><employee><name>0TVGLVag</name><position>Cashier</position><hourlyWage>19.31</hourlyWage></employee><employee><name>v4Aq0VXs</name><position>Cook</position><hourlyWage>15.17</hourlyWage></employee><employee><name>r5vma0uk</name><position>Cashier</position><hourlyWage>18.69</hourlyWage></employee></employees><operatingHours><day><name>Monday</name><openingTime>09:00</openingTime><closingTime>22:00</closingTime></day><day><name>Tuesday</name><openingTime>09:00</openingTime><closingTime>22:00</closingTime></day><day><name>Wednesday</name><openingTime>09:00</openingTime><closingTime>22:00</closingTime></day><day><name>Thursday</name><openingTime>09:00</openingTime><closingTime>22:00</closingTime></day><day><name>Friday</name><openingTime>09:00</openingTime><closingTime>22:00</closingTime></day><day><name>Saturday</name><openingTime>09:00</openingTime><closingTime>22:00</closingTime></day><day><name>Sunday</name><openingTime>09:00</openingTime><closingTime>22:00</closingTime></day></operatingHours><onlineOrdering>true</onlineOrdering><loyaltyProgramEnabled>true</loyaltyProgramEnabled><driveThruAvailable>true</driveThruAvailable><language>German</language><taxReference>uty7DE0h</taxReference><operations /></restaurantConfig>