<restaurantConfig><name>rSbJD4nuAE</name><location><city>Fort Worth</city><zipcode>37150</zipcode></location><currency>USD</currency><timezone>EST</timezone><menu><category><name>Burgers</name><item><name>McDouble</name><price>9.29</price></item><item><name>Big Mac</name><price>5.47</price></item><item><name>Quarter Pounder with Cheese</name><price>7.37</price></item></category><category><name>Chicken &amp; Sandwiches</name><item><name>Buttermilk Crispy Chicken Sandwich</name><price>5.94</price></item><item><name>Spicy McChicken</name><price>7.99</price></item><item><name>McChicken Deluxe</name><price>8.63</price></item><item><name>Artisan Grilled Chicken Sandwich</name><price>8.96</price></item></category><category><name>Salads</name><item><name>Bacon Ranch Salad</name><price>6.33</price></item><item><name>Side Salad</name><price>7.98</price></item><item><name>Southwest Grilled Chicken Salad</name><price>4.53</price></item></category></menu><employees><employee><name>ZDihuKWT</name><position>Manager</position><hourlyWage>13.19</hourlyWage></employee><employee><name>IUtLz07C</name><position>Waiter</position><hourlyWage>14.02</hourlyWage></employee><employee><name>n8zvoUux</name><position>Cook</position><hourlyWage>16.76</hourlyWage></employee><employee><name>UWahKC8v</name><position>Waiter</position><hourlyWage>16.56</hourlyWage></employee><employee><name>X4ZQXFlO</name><position>Manager</position><hourlyWage>19.78</hourlyWage></employee><employee><name>LkVpc1YP</name><position>Waiter</position><hourlyWage>13.2</hourlyWage></employee><employee><name>9Aqxk3lz</name><position>Waiter</position><hourlyWage>16.79</hourlyWage></employee></employees><operatingHours><day><name>Monday</name><openingTime>09:00</openingTime><closingTime>22:00</closingTime></day><day><name>Tuesday</name><openingTime>09:00</openingTime><closingTime>22:00</closingTime></day><day><name>Wednesday</name><openingTime>09:00</openingTime><closingTime>22:00</closingTime></day><day><name>Thursday</name><openingTime>09:00</openingTime><closingTime>22:00</closingTime></day><day><name>Friday</name><openingTime>09:00</openingTime><closingTime>22:00</closingTime></day><day><name>Saturday</name><openingTime>09:00</openingTime><closingTime>22:00</closingTime></day><day><name>Sunday</name><openingTime>09:00</openingTime><closingTime>22:00</closingTime></day></operatingHours><onlineOrdering>true</onlineOrdering><loyaltyProgramEnabled>false</loyaltyProgramEnabled><driveThruAvailable>true</driveThruAvailable><language>Spanish</language><taxReference>lvMf8eUz</taxReference><operations /></restaurantConfig>