<restaurantConfig><name>3KZsqL52Os</name><location><city>Colorado Springs</city><zipcode>62271</zipcode></location><currency>USD</currency><timezone>EST</timezone><menu><category><name>Snacks &amp; Sides</name><item><name>Apple Slices</name><price>8.41</price></item><item><name>French Fries</name><price>1.34</price></item><item><name>McNuggets</name><price>7.02</price></item></category></menu><employees><employee><name>Ao37qDq0</name><position>Cook</position><hourlyWage>9.03</hourlyWage></employee><employee><name>K5L53CLT</name><position>Cashier</position><hourlyWage>15.41</hourlyWage></employee><employee><name>1ZVNrbIM</name><position>Manager</position><hourlyWage>14.71</hourlyWage></employee></employees><operatingHours><day><name>Monday</name><openingTime>09:00</openingTime><closingTime>22:00</closingTime></day><day><name>Tuesday</name><openingTime>09:00</openingTime><closingTime>22:00</closingTime></day><day><name>Wednesday</name><openingTime>09:00</openingTime><closingTime>22:00</closingTime></day><day><name>Thursday</name><openingTime>09:00</openingTime><closingTime>22:00</closingTime></day><day><name>Friday</name><openingTime>09:00</openingTime><closingTime>22:00</closingTime></day><day><name>Saturday</name><openingTime>09:00</openingTime><closingTime>22:00</closingTime></day><day><name>Sunday</name><openingTime>09:00</openingTime><closingTime>22:00</closingTime></day></operatingHours><onlineOrdering>false</onlineOrdering><loyaltyProgramEnabled>false</loyaltyProgramEnabled><driveThruAvailable>false</driveThruAvailable><language>English</language><taxReference>cxEOWVz1</taxReference><operations /></restaurantConfig>