<restaurantConfig><name>YWH0PxMaif</name><location><city>El Paso</city><zipcode>99195</zipcode></location><currency>USD</currency><timezone>EST</timezone><menu><category><name>Burgers</name><item><name>Quarter Pounder with Cheese</name><price>8.03</price></item><item><name>Filet-O-Fish</name><price>6.91</price></item><item><name>McDouble</name><price>1.65</price></item><item><name>McChicken</name><price>3.56</price></item><item><name>Big Mac</name><price>2.22</price></item></category><category><name>Breakfast</name><item><name>Sausage McMuffin</name><price>2.1</price></item><item><name>Big Breakfast</name><price>7.35</price></item></category></menu><employees><employee><name>NvCRdXZ8</name><position>Cook</position><hourlyWage>14.83</hourlyWage></employee><employee><name>HfGpcd5X</name><position>Cook</position><hourlyWage>15.75</hourlyWage></employee></employees><operatingHours><day><name>Monday</name><openingTime>09:00</openingTime><closingTime>22:00</closingTime></day><day><name>Tuesday</name><openingTime>09:00</openingTime><closingTime>22:00</closingTime></day><day><name>Wednesday</name><openingTime>09:00</openingTime><closingTime>22:00</closingTime></day><day><name>Thursday</name><openingTime>09:00</openingTime><closingTime>22:00</closingTime></day><day><name>Friday</name><openingTime>09:00</openingTime><closingTime>22:00</closingTime></day><day><name>Saturday</name><openingTime>09:00</openingTime><closingTime>22:00</closingTime></day><day><name>Sunday</name><openingTime>09:00</openingTime><closingTime>22:00</closingTime></day></operatingHours><onlineOrdering>true</onlineOrdering><loyaltyProgramEnabled>true</loyaltyProgramEnabled><driveThruAvailable>false</driveThruAvailable><language>English</language><taxReference>JA2gcwO0</taxReference><operations /></restaurantConfig>