<restaurantConfig><name>1AVJUcG6F2</name><location><city>San Jose</city><zipcode>66448</zipcode></location><currency>USD</currency><timezone>EST</timezone><menu><category><name>Burgers</name><item><name>Filet-O-Fish</name><price>7.52</price></item></category><category><name>Chicken &amp; Sandwiches</name><item><name>Spicy McChicken</name><price>4.2</price></item><item><name>Buttermilk Crispy Chicken Sandwich</name><price>5.04</price></item></category><category><name>Salads</name><item><name>Bacon Ranch Salad</name><price>5.02</price></item><item><name>Southwest Grilled Chicken Salad</name><price>5.79</price></item><item><name>Side Salad</name><price>7.74</price></item></category><category><name>Breakfast</name><item><name>Egg McMuffin</name><price>2.25</price></item><item><name>Hotcakes</name><price>3.48</price></item></category><category><name>Snacks &amp; Sides</name><item><name>McNuggets</name><price>6.26</price></item><item><name>French Fries</name><price>2.1</price></item><item><name>Apple Slices</name><price>9.46</price></item></category></menu><employees><employee><name>cyJxz5qM</name><position>Waiter</position><hourlyWage>9.4</hourlyWage></employee><employee><name>mNLhvVzU</name><position>Manager</position><hourlyWage>10.05</hourlyWage></employee><employee><name>ULi5sjhC</name><position>Manager</position><hourlyWage>13.09</hourlyWage></employee></employees><operatingHours><day><name>Monday</name><openingTime>09:00</openingTime><closingTime>22:00</closingTime></day><day><name>Tuesday</name><openingTime>09:00</openingTime><closingTime>22:00</closingTime></day><day><name>Wednesday</name><openingTime>09:00</openingTime><closingTime>22:00</closingTime></day><day><name>Thursday</name><openingTime>09:00</openingTime><closingTime>22:00</closingTime></day><day><name>Friday</name><openingTime>09:00</openingTime><closingTime>22:00</closingTime></day><day><name>Saturday</name><openingTime>09:00</openingTime><closingTime>22:00</closingTime></day><day><name>Sunday</name><openingTime>09:00</openingTime><closingTime>22:00</closingTime></day></operatingHours><onlineOrdering>false</onlineOrdering><loyaltyProgramEnabled>true</loyaltyProgramEnabled><driveThruAvailable>false</driveThruAvailable><language>English</language><taxReference>5vfCPJML</taxReference><operations /></restaurantConfig>