<restaurantConfig><name>E3LhGheclz</name><location><city>Sacramento</city><zipcode>24219</zipcode></location><currency>USD</currency><timezone>EST</timezone><menu><category><name>Burgers</name><item><name>Filet-O-Fish</name><price>1.72</price></item><item><name>McChicken</name><price>7.13</price></item><item><name>Big Mac</name><price>7.99</price></item><item><name>Quarter Pounder with Cheese</name><price>6.86</price></item><item><name>McDouble</name><price>6.29</price></item></category><category><name>Chicken &amp; Sandwiches</name><item><name>Spicy McChicken</name><price>5.39</price></item></category><category><name>Salads</name><item><name>Bacon Ranch Salad</name><price>4.02</price></item><item><name>Southwest Grilled Chicken Salad</name><price>2.95</price></item></category><category><name>Breakfast</name><item><name>Egg McMuffin</name><price>7.59</price></item></category><category><name>Snacks &amp; Sides</name><item><name>McNuggets</name><price>6.29</price></item><item><name>Apple Slices</name><price>2.48</price></item></category></menu><employees><employee><name>Bwjg62CM</name><position>Manager</position><hourlyWage>16.16</hourlyWage></employee><employee><name>hp5ENBzU</name><position>Cashier</position><hourlyWage>16.81</hourlyWage></employee><employee><name>nEtgEWbr</name><position>Cook</position><hourlyWage>9.33</hourlyWage></employee><employee><name>fV14EQqy</name><position>Cashier</position><hourlyWage>17.56</hourlyWage></employee><employee><name>gpQEK7cU</name><position>Cashier</position><hourlyWage>13.82</hourlyWage></employee><employee><name>kZKUluJ6</name><position>Cook</position><hourlyWage>10.67</hourlyWage></employee><employee><name>WLQ9QGo7</name><position>Manager</position><hourlyWage>18.51</hourlyWage></employee><employee><name>DswL00wP</name><position>Cashier</position><hourlyWage>12.95</hourlyWage></employee><employee><name>QiPuG7VK</name><position>Waiter</position><hourlyWage>8.65</hourlyWage></employee><employee><name>yeQkHOke</name><position>Waiter</position><hourlyWage>16.8</hourlyWage></employee></employees><operatingHours><day><name>Monday</name><openingTime>09:00</openingTime><closingTime>22:00</closingTime></day><day><name>Tuesday</name><openingTime>09:00</openingTime><closingTime>22:00</closingTime></day><day><name>Wednesday</name><openingTime>09:00</openingTime><closingTime>22:00</closingTime></day><day><name>Thursday</name><openingTime>09:00</openingTime><closingTime>22:00</closingTime></day><day><name>Friday</name><openingTime>09:00</openingTime><closingTime>22:00</closingTime></day><day><name>Saturday</name><openingTime>09:00</openingTime><closingTime>22:00</closingTime></day><day><name>Sunday</name><openingTime>09:00</openingTime><closingTime>22:00</closingTime></day></operatingHours><onlineOrdering>false</onlineOrdering><loyaltyProgramEnabled>true</loyaltyProgramEnabled><driveThruAvailable>true</driveThruAvailable><language>French</language><taxReference>0EkqLcDS</taxReference><operations /></restaurantConfig>