<restaurantConfig><name>ZoapAgS3G4</name><location><city>Louisville</city><zipcode>45096</zipcode></location><currency>USD</currency><timezone>EST</timezone><menu><category><name>Burgers</name><item><name>McChicken</name><price>7.5</price></item></category><category><name>Salads</name><item><name>Side Salad</name><price>5.33</price></item></category></menu><employees><employee><name>uxCgLlmN</name><position>Waiter</position><hourlyWage>9.65</hourlyWage></employee><employee><name>dwY6LMUZ</name><position>Cook</position><hourlyWage>17.8</hourlyWage></employee></employees><operatingHours><day><name>Monday</name><openingTime>09:00</openingTime><closingTime>22:00</closingTime></day><day><name>Tuesday</name><openingTime>09:00</openingTime><closingTime>22:00</closingTime></day><day><name>Wednesday</name><openingTime>09:00</openingTime><closingTime>22:00</closingTime></day><day><name>Thursday</name><openingTime>09:00</openingTime><closingTime>22:00</closingTime></day><day><name>Friday</name><openingTime>09:00</openingTime><closingTime>22:00</closingTime></day><day><name>Saturday</name><openingTime>09:00</openingTime><closingTime>22:00</closingTime></day><day><name>Sunday</name><openingTime>09:00</openingTime><closingTime>22:00</closingTime></day></operatingHours><onlineOrdering>true</onlineOrdering><loyaltyProgramEnabled>false</loyaltyProgramEnabled><driveThruAvailable>false</driveThruAvailable><language>Spanish</language><taxReference>AL3r2WXo</taxReference><operations /></restaurantConfig>