<restaurantConfig><name>LuEjs3fXix</name><location><city>Oklahoma City</city><zipcode>47111</zipcode></location><currency>USD</currency><timezone>EST</timezone><menu><category><name>Burgers</name><item><name>McDouble</name><price>2.23</price></item><item><name>Filet-O-Fish</name><price>8.57</price></item><item><name>Quarter Pounder with Cheese</name><price>5.5</price></item><item><name>Big Mac</name><price>4.64</price></item><item><name>McChicken</name><price>1.35</price></item></category><category><name>Breakfast</name><item><name>Egg McMuffin</name><price>6.27</price></item><item><name>Hash Browns</name><price>6.67</price></item><item><name>Big Breakfast</name><price>1.25</price></item><item><name>Sausage McMuffin</name><price>7.06</price></item><item><name>Hotcakes</name><price>4.73</price></item></category></menu><employees><employee><name>nNN8jjOS</name><position>Manager</position><hourlyWage>14.19</hourlyWage></employee><employee><name>QnkI0K95</name><position>Waiter</position><hourlyWage>8.78</hourlyWage></employee></employees><operatingHours><day><name>Monday</name><openingTime>09:00</openingTime><closingTime>22:00</closingTime></day><day><name>Tuesday</name><openingTime>09:00</openingTime><closingTime>22:00</closingTime></day><day><name>Wednesday</name><openingTime>09:00</openingTime><closingTime>22:00</closingTime></day><day><name>Thursday</name><openingTime>09:00</openingTime><closingTime>22:00</closingTime></day><day><name>Friday</name><openingTime>09:00</openingTime><closingTime>22:00</closingTime></day><day><name>Saturday</name><openingTime>09:00</openingTime><closingTime>22:00</closingTime></day><day><name>Sunday</name><openingTime>09:00</openingTime><closingTime>22:00</closingTime></day></operatingHours><onlineOrdering>true</onlineOrdering><loyaltyProgramEnabled>false</loyaltyProgramEnabled><driveThruAvailable>true</driveThruAvailable><language>German</language><taxReference>qqPtLTRt</taxReference><operations /></restaurantConfig>