<restaurantConfig><name>dIS2fpbBr5</name><location><city>Dallas</city><zipcode>73628</zipcode></location><currency>USD</currency><timezone>EST</timezone><menu><category><name>Snacks &amp; Sides</name><item><name>French Fries</name><price>7.27</price></item><item><name>Apple Slices</name><price>5.13</price></item></category></menu><employees><employee><name>IxHQ1OXB</name><position>Cook</position><hourlyWage>17.98</hourlyWage></employee><employee><name>6OuD4x8R</name><position>Waiter</position><hourlyWage>17.19</hourlyWage></employee><employee><name>DgzwB6Ux</name><position>Manager</position><hourlyWage>14.3</hourlyWage></employee><employee><name>p5nPi3Il</name><position>Cashier</position><hourlyWage>8.54</hourlyWage></employee><employee><name>SYkwjc89</name><position>Manager</position><hourlyWage>19.01</hourlyWage></employee><employee><name>EX2LtGIA</name><position>Manager</position><hourlyWage>14.59</hourlyWage></employee><employee><name>QhBeZlCX</name><position>Cashier</position><hourlyWage>15.72</hourlyWage></employee><employee><name>EIPit01M</name><position>Cashier</position><hourlyWage>8.03</hourlyWage></employee><employee><name>RoJX7G5b</name><position>Waiter</position><hourlyWage>19.82</hourlyWage></employee><employee><name>aUYy8MHS</name><position>Cashier</position><hourlyWage>8.26</hourlyWage></employee></employees><operatingHours><day><name>Monday</name><openingTime>09:00</openingTime><closingTime>22:00</closingTime></day><day><name>Tuesday</name><openingTime>09:00</openingTime><closingTime>22:00</closingTime></day><day><name>Wednesday</name><openingTime>09:00</openingTime><closingTime>22:00</closingTime></day><day><name>Thursday</name><openingTime>09:00</openingTime><closingTime>22:00</closingTime></day><day><name>Friday</name><openingTime>09:00</openingTime><closingTime>22:00</closingTime></day><day><name>Saturday</name><openingTime>09:00</openingTime><closingTime>22:00</closingTime></day><day><name>Sunday</name><openingTime>09:00</openingTime><closingTime>22:00</closingTime></day></operatingHours><onlineOrdering>true</onlineOrdering><loyaltyProgramEnabled>true</loyaltyProgramEnabled><driveThruAvailable>true</driveThruAvailable><language>English</language><taxReference>UMCA5KGA</taxReference><operations /></restaurantConfig>