<restaurantConfig><name>UM8iAxtxb9</name><location><city>Chicago</city><zipcode>22432</zipcode></location><currency>USD</currency><timezone>EST</timezone><menu><category><name>Burgers</name><item><name>McChicken</name><price>2.0</price></item><item><name>McDouble</name><price>8.31</price></item><item><name>Quarter Pounder with Cheese</name><price>3.68</price></item></category><category><name>Chicken &amp; Sandwiches</name><item><name>Artisan Grilled Chicken Sandwich</name><price>4.99</price></item></category></menu><employees><employee><name>xJCxvTMc</name><position>Waiter</position><hourlyWage>19.33</hourlyWage></employee><employee><name>vf4ca1Uv</name><position>Manager</position><hourlyWage>9.98</hourlyWage></employee><employee><name>w8LVLZfL</name><position>Manager</position><hourlyWage>9.94</hourlyWage></employee><employee><name>i5FlSRYc</name><position>Cashier</position><hourlyWage>15.59</hourlyWage></employee><employee><name>KJX5JoGC</name><position>Cashier</position><hourlyWage>9.64</hourlyWage></employee><employee><name>kSCp2tAF</name><position>Waiter</position><hourlyWage>16.92</hourlyWage></employee><employee><name>oz0NC8hl</name><position>Cashier</position><hourlyWage>15.42</hourlyWage></employee><employee><name>pI5eCZQp</name><position>Waiter</position><hourlyWage>11.13</hourlyWage></employee><employee><name>WXlWkcPy</name><position>Manager</position><hourlyWage>19.32</hourlyWage></employee></employees><operatingHours><day><name>Monday</name><openingTime>09:00</openingTime><closingTime>22:00</closingTime></day><day><name>Tuesday</name><openingTime>09:00</openingTime><closingTime>22:00</closingTime></day><day><name>Wednesday</name><openingTime>09:00</openingTime><closingTime>22:00</closingTime></day><day><name>Thursday</name><openingTime>09:00</openingTime><closingTime>22:00</closingTime></day><day><name>Friday</name><openingTime>09:00</openingTime><closingTime>22:00</closingTime></day><day><name>Saturday</name><openingTime>09:00</openingTime><closingTime>22:00</closingTime></day><day><name>Sunday</name><openingTime>09:00</openingTime><closingTime>22:00</closingTime></day></operatingHours><onlineOrdering>true</onlineOrdering><loyaltyProgramEnabled>false</loyaltyProgramEnabled><driveThruAvailable>false</driveThruAvailable><language>French</language><taxReference>ZvJ8FzTM</taxReference><operations /></restaurantConfig>