<restaurantConfig><name>vcqzQ9UFgi</name><location><city>Memphis</city><zipcode>38719</zipcode></location><currency>USD</currency><timezone>EST</timezone><menu><category><name>Burgers</name><item><name>McChicken</name><price>9.22</price></item></category><category><name>Salads</name><item><name>Southwest Grilled Chicken Salad</name><price>2.59</price></item></category><category><name>Breakfast</name><item><name>Hotcakes</name><price>5.36</price></item><item><name>Big Breakfast</name><price>9.63</price></item><item><name>Hash Browns</name><price>9.81</price></item><item><name>Egg McMuffin</name><price>8.77</price></item><item><name>Sausage McMuffin</name><price>5.34</price></item></category><category><name>Snacks &amp; Sides</name><item><name>McNuggets</name><price>3.4</price></item></category></menu><employees><employee><name>whhbbsUa</name><position>Cashier</position><hourlyWage>8.98</hourlyWage></employee><employee><name>kCXLAEOk</name><position>Waiter</position><hourlyWage>16.32</hourlyWage></employee><employee><name>AcgYQekS</name><position>Manager</position><hourlyWage>19.55</hourlyWage></employee><employee><name>2vuIpoB1</name><position>Manager</position><hourlyWage>10.65</hourlyWage></employee><employee><name>MmpHKEHK</name><position>Cook</position><hourlyWage>10.43</hourlyWage></employee><employee><name>13ti2DNp</name><position>Manager</position><hourlyWage>15.08</hourlyWage></employee><employee><name>klgESnwe</name><position>Waiter</position><hourlyWage>15.79</hourlyWage></employee><employee><name>wRfRd5FI</name><position>Cashier</position><hourlyWage>16.71</hourlyWage></employee></employees><operatingHours><day><name>Monday</name><openingTime>09:00</openingTime><closingTime>22:00</closingTime></day><day><name>Tuesday</name><openingTime>09:00</openingTime><closingTime>22:00</closingTime></day><day><name>Wednesday</name><openingTime>09:00</openingTime><closingTime>22:00</closingTime></day><day><name>Thursday</name><openingTime>09:00</openingTime><closingTime>22:00</closingTime></day><day><name>Friday</name><openingTime>09:00</openingTime><closingTime>22:00</closingTime></day><day><name>Saturday</name><openingTime>09:00</openingTime><closingTime>22:00</closingTime></day><day><name>Sunday</name><openingTime>09:00</openingTime><closingTime>22:00</closingTime></day></operatingHours><onlineOrdering>true</onlineOrdering><loyaltyProgramEnabled>false</loyaltyProgramEnabled><driveThruAvailable>true</driveThruAvailable><language>German</language><taxReference>rUgkpOA0</taxReference><operations /></restaurantConfig>