<restaurantConfig><name>UN0xtm5jYL</name><location><city>Philadelphia</city><zipcode>74691</zipcode></location><currency>USD</currency><timezone>EST</timezone><menu><category><name>Breakfast</name><item><name>Hash Browns</name><price>4.17</price></item><item><name>Big Breakfast</name><price>8.1</price></item><item><name>Sausage McMuffin</name><price>9.1</price></item><item><name>Hotcakes</name><price>5.83</price></item><item><name>Egg McMuffin</name><price>1.93</price></item></category><category><name>Snacks &amp; Sides</name><item><name>McNuggets</name><price>6.71</price></item></category></menu><employees><employee><name>k7UqAFwk</name><position>Manager</position><hourlyWage>18.86</hourlyWage></employee><employee><name>WTm1hYdO</name><position>Cashier</position><hourlyWage>9.03</hourlyWage></employee><employee><name>cF1HLsOM</name><position>Cook</position><hourlyWage>10.71</hourlyWage></employee></employees><operatingHours><day><name>Monday</name><openingTime>09:00</openingTime><closingTime>22:00</closingTime></day><day><name>Tuesday</name><openingTime>09:00</openingTime><closingTime>22:00</closingTime></day><day><name>Wednesday</name><openingTime>09:00</openingTime><closingTime>22:00</closingTime></day><day><name>Thursday</name><openingTime>09:00</openingTime><closingTime>22:00</closingTime></day><day><name>Friday</name><openingTime>09:00</openingTime><closingTime>22:00</closingTime></day><day><name>Saturday</name><openingTime>09:00</openingTime><closingTime>22:00</closingTime></day><day><name>Sunday</name><openingTime>09:00</openingTime><closingTime>22:00</closingTime></day></operatingHours><onlineOrdering>true</onlineOrdering><loyaltyProgramEnabled>true</loyaltyProgramEnabled><driveThruAvailable>false</driveThruAvailable><language>German</language><taxReference>lDuFh21X</taxReference><operations /></restaurantConfig>