<restaurantConfig><name>lDvIOSkYt9</name><location><city>El Paso</city><zipcode>74058</zipcode></location><currency>USD</currency><timezone>EST</timezone><menu><category><name>Chicken &amp; Sandwiches</name><item><name>Buttermilk Crispy Chicken Sandwich</name><price>9.37</price></item><item><name>Spicy McChicken</name><price>6.93</price></item><item><name>McChicken Deluxe</name><price>7.18</price></item><item><name>Artisan Grilled Chicken Sandwich</name><price>3.66</price></item></category><category><name>Breakfast</name><item><name>Hash Browns</name><price>6.88</price></item><item><name>Hotcakes</name><price>9.07</price></item><item><name>Sausage McMuffin</name><price>7.33</price></item><item><name>Big Breakfast</name><price>5.65</price></item></category></menu><employees><employee><name>qYQv9y7n</name><position>Cook</position><hourlyWage>15.74</hourlyWage></employee><employee><name>FbQU6Kln</name><position>Cook</position><hourlyWage>18.02</hourlyWage></employee><employee><name>oyqKciTN</name><position>Waiter</position><hourlyWage>10.56</hourlyWage></employee></employees><operatingHours><day><name>Monday</name><openingTime>09:00</openingTime><closingTime>22:00</closingTime></day><day><name>Tuesday</name><openingTime>09:00</openingTime><closingTime>22:00</closingTime></day><day><name>Wednesday</name><openingTime>09:00</openingTime><closingTime>22:00</closingTime></day><day><name>Thursday</name><openingTime>09:00</openingTime><closingTime>22:00</closingTime></day><day><name>Friday</name><openingTime>09:00</openingTime><closingTime>22:00</closingTime></day><day><name>Saturday</name><openingTime>09:00</openingTime><closingTime>22:00</closingTime></day><day><name>Sunday</name><openingTime>09:00</openingTime><closingTime>22:00</closingTime></day></operatingHours><onlineOrdering>false</onlineOrdering><loyaltyProgramEnabled>false</loyaltyProgramEnabled><driveThruAvailable>true</driveThruAvailable><language>French</language><taxReference>mcd9FXm8</taxReference><operations /></restaurantConfig>