<restaurantConfig><name>OyaizT7X4Z</name><location><city>Louisville</city><zipcode>86621</zipcode></location><currency>USD</currency><timezone>EST</timezone><menu><category><name>Salads</name><item><name>Southwest Grilled Chicken Salad</name><price>5.1</price></item></category></menu><employees><employee><name>J9Hcwjs4</name><position>Manager</position><hourlyWage>14.49</hourlyWage></employee><employee><name>anleyJTn</name><position>Cashier</position><hourlyWage>10.3</hourlyWage></employee><employee><name>sVVGFUsx</name><position>Waiter</position><hourlyWage>16.17</hourlyWage></employee></employees><operatingHours><day><name>Monday</name><openingTime>09:00</openingTime><closingTime>22:00</closingTime></day><day><name>Tuesday</name><openingTime>09:00</openingTime><closingTime>22:00</closingTime></day><day><name>Wednesday</name><openingTime>09:00</openingTime><closingTime>22:00</closingTime></day><day><name>Thursday</name><openingTime>09:00</openingTime><closingTime>22:00</closingTime></day><day><name>Friday</name><openingTime>09:00</openingTime><closingTime>22:00</closingTime></day><day><name>Saturday</name><openingTime>09:00</openingTime><closingTime>22:00</closingTime></day><day><name>Sunday</name><openingTime>09:00</openingTime><closingTime>22:00</closingTime></day></operatingHours><onlineOrdering>true</onlineOrdering><loyaltyProgramEnabled>false</loyaltyProgramEnabled><driveThruAvailable>true</driveThruAvailable><language>Spanish</language><taxReference>6r0ONLig</taxReference><operations /></restaurantConfig>