<restaurantConfig><name>uDnsEbsDGC</name><location><city>Miami</city><zipcode>40497</zipcode></location><currency>USD</currency><timezone>EST</timezone><menu><category><name>Burgers</name><item><name>McDouble</name><price>1.69</price></item><item><name>Filet-O-Fish</name><price>2.44</price></item><item><name>Big Mac</name><price>5.94</price></item><item><name>Quarter Pounder with Cheese</name><price>9.96</price></item></category><category><name>Salads</name><item><name>Bacon Ranch Salad</name><price>9.2</price></item><item><name>Side Salad</name><price>4.83</price></item></category><category><name>Breakfast</name><item><name>Big Breakfast</name><price>9.79</price></item></category><category><name>Snacks &amp; Sides</name><item><name>McNuggets</name><price>7.44</price></item><item><name>French Fries</name><price>1.7</price></item></category></menu><employees><employee><name>g8tGCJ1M</name><position>Cashier</position><hourlyWage>13.91</hourlyWage></employee><employee><name>Tksj4yBv</name><position>Waiter</position><hourlyWage>16.44</hourlyWage></employee><employee><name>js9QHB6q</name><position>Cashier</position><hourlyWage>10.84</hourlyWage></employee><employee><name>REopl1kg</name><position>Cashier</position><hourlyWage>16.46</hourlyWage></employee><employee><name>qKGXnJ57</name><position>Waiter</position><hourlyWage>17.41</hourlyWage></employee><employee><name>L9891yDs</name><position>Cook</position><hourlyWage>8.99</hourlyWage></employee><employee><name>GFgTtoSn</name><position>Waiter</position><hourlyWage>8.44</hourlyWage></employee></employees><operatingHours><day><name>Monday</name><openingTime>09:00</openingTime><closingTime>22:00</closingTime></day><day><name>Tuesday</name><openingTime>09:00</openingTime><closingTime>22:00</closingTime></day><day><name>Wednesday</name><openingTime>09:00</openingTime><closingTime>22:00</closingTime></day><day><name>Thursday</name><openingTime>09:00</openingTime><closingTime>22:00</closingTime></day><day><name>Friday</name><openingTime>09:00</openingTime><closingTime>22:00</closingTime></day><day><name>Saturday</name><openingTime>09:00</openingTime><closingTime>22:00</closingTime></day><day><name>Sunday</name><openingTime>09:00</openingTime><closingTime>22:00</closingTime></day></operatingHours><onlineOrdering>true</onlineOrdering><loyaltyProgramEnabled>false</loyaltyProgramEnabled><driveThruAvailable>false</driveThruAvailable><language>French</language><taxReference>MeJ7yn5H</taxReference><operations /></restaurantConfig>