<restaurantConfig><name>vlmAk7Piwx</name><location><city>San Antonio</city><zipcode>55502</zipcode></location><currency>USD</currency><timezone>EST</timezone><menu><category><name>Breakfast</name><item><name>Egg McMuffin</name><price>7.3</price></item></category><category><name>Snacks &amp; Sides</name><item><name>Apple Slices</name><price>3.63</price></item><item><name>French Fries</name><price>4.6</price></item></category></menu><employees><employee><name>NwJsLoU7</name><position>Manager</position><hourlyWage>16.48</hourlyWage></employee><employee><name>W4y8Uo4M</name><position>Cashier</position><hourlyWage>13.05</hourlyWage></employee><employee><name>LbCfNwXr</name><position>Cook</position><hourlyWage>9.3</hourlyWage></employee><employee><name>BkgOnKBo</name><position>Manager</position><hourlyWage>13.79</hourlyWage></employee></employees><operatingHours><day><name>Monday</name><openingTime>09:00</openingTime><closingTime>22:00</closingTime></day><day><name>Tuesday</name><openingTime>09:00</openingTime><closingTime>22:00</closingTime></day><day><name>Wednesday</name><openingTime>09:00</openingTime><closingTime>22:00</closingTime></day><day><name>Thursday</name><openingTime>09:00</openingTime><closingTime>22:00</closingTime></day><day><name>Friday</name><openingTime>09:00</openingTime><closingTime>22:00</closingTime></day><day><name>Saturday</name><openingTime>09:00</openingTime><closingTime>22:00</closingTime></day><day><name>Sunday</name><openingTime>09:00</openingTime><closingTime>22:00</closingTime></day></operatingHours><onlineOrdering>true</onlineOrdering><loyaltyProgramEnabled>true</loyaltyProgramEnabled><driveThruAvailable>true</driveThruAvailable><language>French</language><taxReference>rvddApfK</taxReference><operations /></restaurantConfig>