<restaurantConfig><name>lR0FRCYHeQ</name><location><city>Las Vegas</city><zipcode>41365</zipcode></location><currency>USD</currency><timezone>EST</timezone><menu><category><name>Burgers</name><item><name>McDouble</name><price>7.71</price></item><item><name>McChicken</name><price>1.33</price></item></category><category><name>Salads</name><item><name>Southwest Grilled Chicken Salad</name><price>6.7</price></item><item><name>Bacon Ranch Salad</name><price>6.93</price></item></category><category><name>Snacks &amp; Sides</name><item><name>French Fries</name><price>2.42</price></item><item><name>McNuggets</name><price>6.88</price></item></category></menu><employees><employee><name>iWs0sPuo</name><position>Manager</position><hourlyWage>18.64</hourlyWage></employee><employee><name>IRgBraif</name><position>Manager</position><hourlyWage>11.42</hourlyWage></employee><employee><name>4m1otcZf</name><position>Cook</position><hourlyWage>10.16</hourlyWage></employee><employee><name>1Vb3dBMx</name><position>Cashier</position><hourlyWage>8.91</hourlyWage></employee><employee><name>lOzRSoew</name><position>Cook</position><hourlyWage>9.68</hourlyWage></employee><employee><name>g5c0LCL3</name><position>Manager</position><hourlyWage>14.63</hourlyWage></employee><employee><name>bxMHAxCm</name><position>Waiter</position><hourlyWage>18.34</hourlyWage></employee><employee><name>MDKqcNAw</name><position>Manager</position><hourlyWage>10.45</hourlyWage></employee><employee><name>6XAwvgRC</name><position>Manager</position><hourlyWage>8.98</hourlyWage></employee></employees><operatingHours><day><name>Monday</name><openingTime>09:00</openingTime><closingTime>22:00</closingTime></day><day><name>Tuesday</name><openingTime>09:00</openingTime><closingTime>22:00</closingTime></day><day><name>Wednesday</name><openingTime>09:00</openingTime><closingTime>22:00</closingTime></day><day><name>Thursday</name><openingTime>09:00</openingTime><closingTime>22:00</closingTime></day><day><name>Friday</name><openingTime>09:00</openingTime><closingTime>22:00</closingTime></day><day><name>Saturday</name><openingTime>09:00</openingTime><closingTime>22:00</closingTime></day><day><name>Sunday</name><openingTime>09:00</openingTime><closingTime>22:00</closingTime></day></operatingHours><onlineOrdering>false</onlineOrdering><loyaltyProgramEnabled>true</loyaltyProgramEnabled><driveThruAvailable>false</driveThruAvailable><language>Spanish</language><taxReference>8O5r7LpF</taxReference><operations /></restaurantConfig>