<restaurantConfig><name>FhZEoImOM7</name><location><city>Fresno</city><zipcode>13336</zipcode></location><currency>USD</currency><timezone>EST</timezone><menu><category><name>Burgers</name><item><name>Quarter Pounder with Cheese</name><price>3.91</price></item></category><category><name>Chicken &amp; Sandwiches</name><item><name>Artisan Grilled Chicken Sandwich</name><price>1.82</price></item><item><name>Spicy McChicken</name><price>1.24</price></item></category><category><name>Salads</name><item><name>Southwest Grilled Chicken Salad</name><price>3.76</price></item><item><name>Side Salad</name><price>4.73</price></item><item><name>Bacon Ranch Salad</name><price>2.84</price></item></category><category><name>Snacks &amp; Sides</name><item><name>Apple Slices</name><price>2.78</price></item><item><name>McNuggets</name><price>4.98</price></item></category></menu><employees><employee><name>kxSeaLsK</name><position>Waiter</position><hourlyWage>17.19</hourlyWage></employee><employee><name>c9tYXnZL</name><position>Cook</position><hourlyWage>9.42</hourlyWage></employee><employee><name>0MoutRTv</name><position>Cook</position><hourlyWage>13.58</hourlyWage></employee><employee><name>DAy1i9Vz</name><position>Manager</position><hourlyWage>10.75</hourlyWage></employee><employee><name>8p4Ooilg</name><position>Cashier</position><hourlyWage>11.25</hourlyWage></employee><employee><name>u8n6uCKh</name><position>Cook</position><hourlyWage>19.94</hourlyWage></employee><employee><name>8jweS6bh</name><position>Manager</position><hourlyWage>18.34</hourlyWage></employee><employee><name>LXzM0U30</name><position>Cook</position><hourlyWage>17.37</hourlyWage></employee></employees><operatingHours><day><name>Monday</name><openingTime>09:00</openingTime><closingTime>22:00</closingTime></day><day><name>Tuesday</name><openingTime>09:00</openingTime><closingTime>22:00</closingTime></day><day><name>Wednesday</name><openingTime>09:00</openingTime><closingTime>22:00</closingTime></day><day><name>Thursday</name><openingTime>09:00</openingTime><closingTime>22:00</closingTime></day><day><name>Friday</name><openingTime>09:00</openingTime><closingTime>22:00</closingTime></day><day><name>Saturday</name><openingTime>09:00</openingTime><closingTime>22:00</closingTime></day><day><name>Sunday</name><openingTime>09:00</openingTime><closingTime>22:00</closingTime></day></operatingHours><onlineOrdering>false</onlineOrdering><loyaltyProgramEnabled>false</loyaltyProgramEnabled><driveThruAvailable>true</driveThruAvailable><language>Spanish</language><taxReference>FXbi1mjP</taxReference><operations /></restaurantConfig>