<restaurantConfig><name>R6MxMkmcDD</name><location><city>Denver</city><zipcode>82470</zipcode></location><currency>USD</currency><timezone>EST</timezone><menu /><employees><employee><name>QqB2bEZJ</name><position>Waiter</position><hourlyWage>16.27</hourlyWage></employee><employee><name>j74aYPTZ</name><position>Waiter</position><hourlyWage>12.48</hourlyWage></employee><employee><name>ADShtdcB</name><position>Manager</position><hourlyWage>11.2</hourlyWage></employee><employee><name>CpqPqNbW</name><position>Manager</position><hourlyWage>12.46</hourlyWage></employee><employee><name>M3J7NV7Z</name><position>Cook</position><hourlyWage>13.35</hourlyWage></employee><employee><name>l5iIMpMS</name><position>Cashier</position><hourlyWage>17.6</hourlyWage></employee><employee><name>6stsfz4y</name><position>Waiter</position><hourlyWage>16.42</hourlyWage></employee><employee><name>YGbfggvh</name><position>Waiter</position><hourlyWage>18.46</hourlyWage></employee><employee><name>L7w01bR7</name><position>Cook</position><hourlyWage>17.91</hourlyWage></employee><employee><name>wFIlJjsX</name><position>Manager</position><hourlyWage>19.87</hourlyWage></employee></employees><operatingHours><day><name>Monday</name><openingTime>09:00</openingTime><closingTime>22:00</closingTime></day><day><name>Tuesday</name><openingTime>09:00</openingTime><closingTime>22:00</closingTime></day><day><name>Wednesday</name><openingTime>09:00</openingTime><closingTime>22:00</closingTime></day><day><name>Thursday</name><openingTime>09:00</openingTime><closingTime>22:00</closingTime></day><day><name>Friday</name><openingTime>09:00</openingTime><closingTime>22:00</closingTime></day><day><name>Saturday</name><openingTime>09:00</openingTime><closingTime>22:00</closingTime></day><day><name>Sunday</name><openingTime>09:00</openingTime><closingTime>22:00</closingTime></day></operatingHours><onlineOrdering>true</onlineOrdering><loyaltyProgramEnabled>false</loyaltyProgramEnabled><driveThruAvailable>false</driveThruAvailable><language>French</language><taxReference>TGNCCkjN</taxReference><operations /></restaurantConfig>