<restaurantConfig><name>vI1f5C3hSy</name><location><city>Washington</city><zipcode>79177</zipcode></location><currency>USD</currency><timezone>EST</timezone><menu><category><name>Burgers</name><item><name>Quarter Pounder with Cheese</name><price>6.85</price></item><item><name>McDouble</name><price>7.66</price></item><item><name>Big Mac</name><price>9.62</price></item><item><name>Filet-O-Fish</name><price>7.48</price></item></category><category><name>Chicken &amp; Sandwiches</name><item><name>Artisan Grilled Chicken Sandwich</name><price>5.67</price></item><item><name>Spicy McChicken</name><price>9.06</price></item><item><name>McChicken Deluxe</name><price>9.52</price></item></category><category><name>Salads</name><item><name>Side Salad</name><price>9.56</price></item></category><category><name>Breakfast</name><item><name>Big Breakfast</name><price>1.4</price></item><item><name>Sausage McMuffin</name><price>2.61</price></item><item><name>Egg McMuffin</name><price>7.65</price></item><item><name>Hash Browns</name><price>7.98</price></item></category></menu><employees><employee><name>Vy1q6rl8</name><position>Manager</position><hourlyWage>15.15</hourlyWage></employee><employee><name>T1ca8gr4</name><position>Cashier</position><hourlyWage>19.72</hourlyWage></employee><employee><name>wcjKKtOl</name><position>Waiter</position><hourlyWage>9.22</hourlyWage></employee><employee><name>uOwTsMxI</name><position>Waiter</position><hourlyWage>14.52</hourlyWage></employee><employee><name>ZF1zPl71</name><position>Cashier</position><hourlyWage>19.76</hourlyWage></employee><employee><name>pNKDKixM</name><position>Manager</position><hourlyWage>17.22</hourlyWage></employee><employee><name>D4GK1Q7Y</name><position>Manager</position><hourlyWage>14.59</hourlyWage></employee></employees><operatingHours><day><name>Monday</name><openingTime>09:00</openingTime><closingTime>22:00</closingTime></day><day><name>Tuesday</name><openingTime>09:00</openingTime><closingTime>22:00</closingTime></day><day><name>Wednesday</name><openingTime>09:00</openingTime><closingTime>22:00</closingTime></day><day><name>Thursday</name><openingTime>09:00</openingTime><closingTime>22:00</closingTime></day><day><name>Friday</name><openingTime>09:00</openingTime><closingTime>22:00</closingTime></day><day><name>Saturday</name><openingTime>09:00</openingTime><closingTime>22:00</closingTime></day><day><name>Sunday</name><openingTime>09:00</openingTime><closingTime>22:00</closingTime></day></operatingHours><onlineOrdering>true</onlineOrdering><loyaltyProgramEnabled>true</loyaltyProgramEnabled><driveThruAvailable>false</driveThruAvailable><language>German</language><taxReference>UN5aAspF</taxReference><operations /></restaurantConfig>