<restaurantConfig><name>Z9v5U7hQKG</name><location><city>Mesa</city><zipcode>79646</zipcode></location><currency>USD</currency><timezone>EST</timezone><menu><category><name>Chicken &amp; Sandwiches</name><item><name>McChicken Deluxe</name><price>4.43</price></item></category><category><name>Breakfast</name><item><name>Hash Browns</name><price>5.6</price></item></category></menu><employees><employee><name>s6VJ3Ut1</name><position>Cashier</position><hourlyWage>14.45</hourlyWage></employee><employee><name>WJzLqdJn</name><position>Cook</position><hourlyWage>17.87</hourlyWage></employee><employee><name>cFoqQUlH</name><position>Manager</position><hourlyWage>14.87</hourlyWage></employee></employees><operatingHours><day><name>Monday</name><openingTime>09:00</openingTime><closingTime>22:00</closingTime></day><day><name>Tuesday</name><openingTime>09:00</openingTime><closingTime>22:00</closingTime></day><day><name>Wednesday</name><openingTime>09:00</openingTime><closingTime>22:00</closingTime></day><day><name>Thursday</name><openingTime>09:00</openingTime><closingTime>22:00</closingTime></day><day><name>Friday</name><openingTime>09:00</openingTime><closingTime>22:00</closingTime></day><day><name>Saturday</name><openingTime>09:00</openingTime><closingTime>22:00</closingTime></day><day><name>Sunday</name><openingTime>09:00</openingTime><closingTime>22:00</closingTime></day></operatingHours><onlineOrdering>true</onlineOrdering><loyaltyProgramEnabled>true</loyaltyProgramEnabled><driveThruAvailable>true</driveThruAvailable><language>German</language><taxReference>mZ8VyC1Q</taxReference><operations /></restaurantConfig>