<restaurantConfig><name>pi3fHPfISt</name><location><city>Jacksonville</city><zipcode>37049</zipcode></location><currency>USD</currency><timezone>EST</timezone><menu><category><name>Chicken &amp; Sandwiches</name><item><name>Spicy McChicken</name><price>1.44</price></item><item><name>McChicken Deluxe</name><price>2.31</price></item><item><name>Artisan Grilled Chicken Sandwich</name><price>3.66</price></item></category><category><name>Salads</name><item><name>Bacon Ranch Salad</name><price>4.83</price></item><item><name>Southwest Grilled Chicken Salad</name><price>4.64</price></item></category></menu><employees><employee><name>Aink76Jr</name><position>Cook</position><hourlyWage>14.18</hourlyWage></employee><employee><name>FyW6Lvy7</name><position>Waiter</position><hourlyWage>13.61</hourlyWage></employee><employee><name>8UNQmfIW</name><position>Cashier</position><hourlyWage>14.39</hourlyWage></employee><employee><name>aZN4PMcb</name><position>Cook</position><hourlyWage>9.72</hourlyWage></employee></employees><operatingHours><day><name>Monday</name><openingTime>09:00</openingTime><closingTime>22:00</closingTime></day><day><name>Tuesday</name><openingTime>09:00</openingTime><closingTime>22:00</closingTime></day><day><name>Wednesday</name><openingTime>09:00</openingTime><closingTime>22:00</closingTime></day><day><name>Thursday</name><openingTime>09:00</openingTime><closingTime>22:00</closingTime></day><day><name>Friday</name><openingTime>09:00</openingTime><closingTime>22:00</closingTime></day><day><name>Saturday</name><openingTime>09:00</openingTime><closingTime>22:00</closingTime></day><day><name>Sunday</name><openingTime>09:00</openingTime><closingTime>22:00</closingTime></day></operatingHours><onlineOrdering>false</onlineOrdering><loyaltyProgramEnabled>true</loyaltyProgramEnabled><driveThruAvailable>false</driveThruAvailable><language>English</language><taxReference>YjXlZelr</taxReference><operations /></restaurantConfig>