<restaurantConfig><name>RxCFiIgPlO</name><location><city>Dallas</city><zipcode>11643</zipcode></location><currency>USD</currency><timezone>EST</timezone><menu><category><name>Burgers</name><item><name>McDouble</name><price>8.55</price></item></category></menu><employees><employee><name>r6zXitEn</name><position>Manager</position><hourlyWage>9.62</hourlyWage></employee><employee><name>QzvjVshp</name><position>Manager</position><hourlyWage>17.48</hourlyWage></employee><employee><name>OeMmmmwI</name><position>Manager</position><hourlyWage>8.64</hourlyWage></employee><employee><name>9a61jAOO</name><position>Cook</position><hourlyWage>14.72</hourlyWage></employee></employees><operatingHours><day><name>Monday</name><openingTime>09:00</openingTime><closingTime>22:00</closingTime></day><day><name>Tuesday</name><openingTime>09:00</openingTime><closingTime>22:00</closingTime></day><day><name>Wednesday</name><openingTime>09:00</openingTime><closingTime>22:00</closingTime></day><day><name>Thursday</name><openingTime>09:00</openingTime><closingTime>22:00</closingTime></day><day><name>Friday</name><openingTime>09:00</openingTime><closingTime>22:00</closingTime></day><day><name>Saturday</name><openingTime>09:00</openingTime><closingTime>22:00</closingTime></day><day><name>Sunday</name><openingTime>09:00</openingTime><closingTime>22:00</closingTime></day></operatingHours><onlineOrdering>false</onlineOrdering><loyaltyProgramEnabled>false</loyaltyProgramEnabled><driveThruAvailable>true</driveThruAvailable><language>English</language><taxReference>C4JD5EFT</taxReference><operations /></restaurantConfig>