<restaurantConfig><name>MQSPCXkdOP</name><location><city>Memphis</city><zipcode>85353</zipcode></location><currency>USD</currency><timezone>EST</timezone><menu><category><name>Burgers</name><item><name>McChicken</name><price>2.71</price></item><item><name>Big Mac</name><price>1.45</price></item></category><category><name>Breakfast</name><item><name>Big Breakfast</name><price>7.37</price></item><item><name>Hotcakes</name><price>6.8</price></item><item><name>Egg McMuffin</name><price>9.76</price></item><item><name>Hash Browns</name><price>6.17</price></item></category></menu><employees><employee><name>Fqvpk6wz</name><position>Cashier</position><hourlyWage>16.03</hourlyWage></employee><employee><name>BenByXwL</name><position>Cashier</position><hourlyWage>8.28</hourlyWage></employee><employee><name>kECE4SVd</name><position>Cashier</position><hourlyWage>12.6</hourlyWage></employee><employee><name>CJvas907</name><position>Manager</position><hourlyWage>14.19</hourlyWage></employee><employee><name>r7nZnBFR</name><position>Manager</position><hourlyWage>11.61</hourlyWage></employee><employee><name>4TfeJjmC</name><position>Cook</position><hourlyWage>9.15</hourlyWage></employee><employee><name>J059jTIS</name><position>Cashier</position><hourlyWage>15.8</hourlyWage></employee></employees><operatingHours><day><name>Monday</name><openingTime>09:00</openingTime><closingTime>22:00</closingTime></day><day><name>Tuesday</name><openingTime>09:00</openingTime><closingTime>22:00</closingTime></day><day><name>Wednesday</name><openingTime>09:00</openingTime><closingTime>22:00</closingTime></day><day><name>Thursday</name><openingTime>09:00</openingTime><closingTime>22:00</closingTime></day><day><name>Friday</name><openingTime>09:00</openingTime><closingTime>22:00</closingTime></day><day><name>Saturday</name><openingTime>09:00</openingTime><closingTime>22:00</closingTime></day><day><name>Sunday</name><openingTime>09:00</openingTime><closingTime>22:00</closingTime></day></operatingHours><onlineOrdering>true</onlineOrdering><loyaltyProgramEnabled>true</loyaltyProgramEnabled><driveThruAvailable>false</driveThruAvailable><language>French</language><taxReference>9VTM9snN</taxReference><operations /></restaurantConfig>