<restaurantConfig><name>j0IkHXUo2R</name><location><city>Nashville</city><zipcode>64278</zipcode></location><currency>USD</currency><timezone>EST</timezone><menu><category><name>Burgers</name><item><name>Quarter Pounder with Cheese</name><price>8.16</price></item><item><name>McDouble</name><price>6.58</price></item><item><name>Filet-O-Fish</name><price>9.83</price></item><item><name>Big Mac</name><price>5.3</price></item></category><category><name>Chicken &amp; Sandwiches</name><item><name>Buttermilk Crispy Chicken Sandwich</name><price>1.04</price></item></category><category><name>Snacks &amp; Sides</name><item><name>McNuggets</name><price>2.96</price></item><item><name>Apple Slices</name><price>8.41</price></item></category></menu><employees><employee><name>K2lFrRp2</name><position>Cashier</position><hourlyWage>10.3</hourlyWage></employee><employee><name>pe5PtSmd</name><position>Cook</position><hourlyWage>13.6</hourlyWage></employee><employee><name>h0fLVbaQ</name><position>Waiter</position><hourlyWage>17.1</hourlyWage></employee><employee><name>VZnrmyh2</name><position>Cook</position><hourlyWage>11.55</hourlyWage></employee></employees><operatingHours><day><name>Monday</name><openingTime>09:00</openingTime><closingTime>22:00</closingTime></day><day><name>Tuesday</name><openingTime>09:00</openingTime><closingTime>22:00</closingTime></day><day><name>Wednesday</name><openingTime>09:00</openingTime><closingTime>22:00</closingTime></day><day><name>Thursday</name><openingTime>09:00</openingTime><closingTime>22:00</closingTime></day><day><name>Friday</name><openingTime>09:00</openingTime><closingTime>22:00</closingTime></day><day><name>Saturday</name><openingTime>09:00</openingTime><closingTime>22:00</closingTime></day><day><name>Sunday</name><openingTime>09:00</openingTime><closingTime>22:00</closingTime></day></operatingHours><onlineOrdering>false</onlineOrdering><loyaltyProgramEnabled>true</loyaltyProgramEnabled><driveThruAvailable>true</driveThruAvailable><language>French</language><taxReference>3VJBICqD</taxReference><operations /></restaurantConfig>