<restaurantConfig><name>WMpiJCbSQ6</name><location><city>Boston</city><zipcode>42535</zipcode></location><currency>USD</currency><timezone>EST</timezone><menu><category><name>Burgers</name><item><name>Quarter Pounder with Cheese</name><price>1.72</price></item><item><name>McDouble</name><price>3.67</price></item><item><name>Big Mac</name><price>5.35</price></item><item><name>McChicken</name><price>7.59</price></item><item><name>Filet-O-Fish</name><price>2.51</price></item></category><category><name>Chicken &amp; Sandwiches</name><item><name>Spicy McChicken</name><price>3.5</price></item><item><name>Buttermilk Crispy Chicken Sandwich</name><price>6.87</price></item><item><name>Artisan Grilled Chicken Sandwich</name><price>1.04</price></item></category></menu><employees><employee><name>C5kXngMx</name><position>Waiter</position><hourlyWage>19.24</hourlyWage></employee><employee><name>yt6nOIDM</name><position>Cashier</position><hourlyWage>15.16</hourlyWage></employee><employee><name>Q1G5q0tP</name><position>Waiter</position><hourlyWage>10.99</hourlyWage></employee><employee><name>FiH5QETX</name><position>Waiter</position><hourlyWage>14.16</hourlyWage></employee><employee><name>Msl8zwx3</name><position>Cook</position><hourlyWage>18.29</hourlyWage></employee><employee><name>AgYDwG1n</name><position>Cashier</position><hourlyWage>17.33</hourlyWage></employee><employee><name>Wdm6XaJo</name><position>Cook</position><hourlyWage>17.8</hourlyWage></employee></employees><operatingHours><day><name>Monday</name><openingTime>09:00</openingTime><closingTime>22:00</closingTime></day><day><name>Tuesday</name><openingTime>09:00</openingTime><closingTime>22:00</closingTime></day><day><name>Wednesday</name><openingTime>09:00</openingTime><closingTime>22:00</closingTime></day><day><name>Thursday</name><openingTime>09:00</openingTime><closingTime>22:00</closingTime></day><day><name>Friday</name><openingTime>09:00</openingTime><closingTime>22:00</closingTime></day><day><name>Saturday</name><openingTime>09:00</openingTime><closingTime>22:00</closingTime></day><day><name>Sunday</name><openingTime>09:00</openingTime><closingTime>22:00</closingTime></day></operatingHours><onlineOrdering>true</onlineOrdering><loyaltyProgramEnabled>true</loyaltyProgramEnabled><driveThruAvailable>true</driveThruAvailable><language>German</language><taxReference>WpMAafMc</taxReference><operations /></restaurantConfig>