<restaurantConfig><name>9sqZQ6Apy8</name><location><city>Dallas</city><zipcode>92104</zipcode></location><currency>USD</currency><timezone>EST</timezone><menu><category><name>Burgers</name><item><name>Filet-O-Fish</name><price>8.5</price></item><item><name>McDouble</name><price>3.94</price></item><item><name>Big Mac</name><price>5.72</price></item></category><category><name>Chicken &amp; Sandwiches</name><item><name>Spicy McChicken</name><price>3.22</price></item><item><name>McChicken Deluxe</name><price>2.14</price></item></category></menu><employees><employee><name>uNXFOlKu</name><position>Manager</position><hourlyWage>10.12</hourlyWage></employee><employee><name>Rb3NPXqe</name><position>Cook</position><hourlyWage>11.46</hourlyWage></employee></employees><operatingHours><day><name>Monday</name><openingTime>09:00</openingTime><closingTime>22:00</closingTime></day><day><name>Tuesday</name><openingTime>09:00</openingTime><closingTime>22:00</closingTime></day><day><name>Wednesday</name><openingTime>09:00</openingTime><closingTime>22:00</closingTime></day><day><name>Thursday</name><openingTime>09:00</openingTime><closingTime>22:00</closingTime></day><day><name>Friday</name><openingTime>09:00</openingTime><closingTime>22:00</closingTime></day><day><name>Saturday</name><openingTime>09:00</openingTime><closingTime>22:00</closingTime></day><day><name>Sunday</name><openingTime>09:00</openingTime><closingTime>22:00</closingTime></day></operatingHours><onlineOrdering>false</onlineOrdering><loyaltyProgramEnabled>false</loyaltyProgramEnabled><driveThruAvailable>true</driveThruAvailable><language>French</language><taxReference>jXmPiv3x</taxReference><operations /></restaurantConfig>