<restaurantConfig><name>gmWiBlNxJ0</name><location><city>Kansas City</city><zipcode>55442</zipcode></location><currency>USD</currency><timezone>EST</timezone><menu><category><name>Burgers</name><item><name>Quarter Pounder with Cheese</name><price>1.17</price></item><item><name>McDouble</name><price>8.51</price></item><item><name>Filet-O-Fish</name><price>6.11</price></item></category><category><name>Chicken &amp; Sandwiches</name><item><name>McChicken Deluxe</name><price>2.42</price></item><item><name>Artisan Grilled Chicken Sandwich</name><price>4.77</price></item><item><name>Spicy McChicken</name><price>6.15</price></item></category><category><name>Salads</name><item><name>Southwest Grilled Chicken Salad</name><price>2.29</price></item><item><name>Side Salad</name><price>4.85</price></item></category></menu><employees><employee><name>IZCMU6j1</name><position>Waiter</position><hourlyWage>9.06</hourlyWage></employee><employee><name>i9mru0Qz</name><position>Manager</position><hourlyWage>13.07</hourlyWage></employee></employees><operatingHours><day><name>Monday</name><openingTime>09:00</openingTime><closingTime>22:00</closingTime></day><day><name>Tuesday</name><openingTime>09:00</openingTime><closingTime>22:00</closingTime></day><day><name>Wednesday</name><openingTime>09:00</openingTime><closingTime>22:00</closingTime></day><day><name>Thursday</name><openingTime>09:00</openingTime><closingTime>22:00</closingTime></day><day><name>Friday</name><openingTime>09:00</openingTime><closingTime>22:00</closingTime></day><day><name>Saturday</name><openingTime>09:00</openingTime><closingTime>22:00</closingTime></day><day><name>Sunday</name><openingTime>09:00</openingTime><closingTime>22:00</closingTime></day></operatingHours><onlineOrdering>false</onlineOrdering><loyaltyProgramEnabled>false</loyaltyProgramEnabled><driveThruAvailable>true</driveThruAvailable><language>French</language><taxReference>gL3p4cK6</taxReference><operations /></restaurantConfig>