<restaurantConfig><name>uWMDpTpQEA</name><location><city>Chicago</city><zipcode>69796</zipcode></location><currency>USD</currency><timezone>EST</timezone><menu><category><name>Burgers</name><item><name>McDouble</name><price>2.68</price></item><item><name>Filet-O-Fish</name><price>6.76</price></item></category><category><name>Chicken &amp; Sandwiches</name><item><name>Spicy McChicken</name><price>2.87</price></item><item><name>Buttermilk Crispy Chicken Sandwich</name><price>5.34</price></item></category><category><name>Snacks &amp; Sides</name><item><name>Apple Slices</name><price>9.72</price></item></category></menu><employees><employee><name>V7kzQ1RR</name><position>Cook</position><hourlyWage>19.16</hourlyWage></employee><employee><name>oJzTkTwn</name><position>Waiter</position><hourlyWage>18.1</hourlyWage></employee><employee><name>UkPPBBee</name><position>Cashier</position><hourlyWage>18.81</hourlyWage></employee><employee><name>ej0hohpA</name><position>Waiter</position><hourlyWage>17.14</hourlyWage></employee><employee><name>Yj2CuZTn</name><position>Cashier</position><hourlyWage>16.26</hourlyWage></employee><employee><name>8zaQElcY</name><position>Cashier</position><hourlyWage>8.26</hourlyWage></employee><employee><name>Dt6R89LC</name><position>Manager</position><hourlyWage>9.72</hourlyWage></employee><employee><name>dxRTqt1X</name><position>Manager</position><hourlyWage>16.68</hourlyWage></employee></employees><operatingHours><day><name>Monday</name><openingTime>09:00</openingTime><closingTime>22:00</closingTime></day><day><name>Tuesday</name><openingTime>09:00</openingTime><closingTime>22:00</closingTime></day><day><name>Wednesday</name><openingTime>09:00</openingTime><closingTime>22:00</closingTime></day><day><name>Thursday</name><openingTime>09:00</openingTime><closingTime>22:00</closingTime></day><day><name>Friday</name><openingTime>09:00</openingTime><closingTime>22:00</closingTime></day><day><name>Saturday</name><openingTime>09:00</openingTime><closingTime>22:00</closingTime></day><day><name>Sunday</name><openingTime>09:00</openingTime><closingTime>22:00</closingTime></day></operatingHours><onlineOrdering>false</onlineOrdering><loyaltyProgramEnabled>true</loyaltyProgramEnabled><driveThruAvailable>false</driveThruAvailable><language>German</language><taxReference>YGagVciR</taxReference><operations /></restaurantConfig>