<restaurantConfig><name>TZm1qtCjpM</name><location><city>San Diego</city><zipcode>57515</zipcode></location><currency>USD</currency><timezone>EST</timezone><menu><category><name>Chicken &amp; Sandwiches</name><item><name>Spicy McChicken</name><price>5.66</price></item><item><name>McChicken Deluxe</name><price>3.73</price></item></category><category><name>Breakfast</name><item><name>Big Breakfast</name><price>7.76</price></item><item><name>Sausage McMuffin</name><price>8.85</price></item><item><name>Hash Browns</name><price>5.34</price></item><item><name>Hotcakes</name><price>6.85</price></item></category><category><name>Snacks &amp; Sides</name><item><name>Apple Slices</name><price>4.62</price></item><item><name>French Fries</name><price>3.47</price></item></category></menu><employees><employee><name>SZI22IAS</name><position>Waiter</position><hourlyWage>13.63</hourlyWage></employee><employee><name>9FC96x8K</name><position>Waiter</position><hourlyWage>12.73</hourlyWage></employee><employee><name>B69WyDKD</name><position>Waiter</position><hourlyWage>19.64</hourlyWage></employee><employee><name>RCT3UDBb</name><position>Cook</position><hourlyWage>10.76</hourlyWage></employee><employee><name>fIdrjt7j</name><position>Waiter</position><hourlyWage>10.88</hourlyWage></employee><employee><name>FXpAHKFr</name><position>Manager</position><hourlyWage>18.5</hourlyWage></employee><employee><name>MjLztTOU</name><position>Manager</position><hourlyWage>14.9</hourlyWage></employee><employee><name>OF5H93PY</name><position>Cashier</position><hourlyWage>14.86</hourlyWage></employee><employee><name>j8k9Qbm0</name><position>Cashier</position><hourlyWage>8.76</hourlyWage></employee><employee><name>DUGv0cQj</name><position>Manager</position><hourlyWage>12.63</hourlyWage></employee></employees><operatingHours><day><name>Monday</name><openingTime>09:00</openingTime><closingTime>22:00</closingTime></day><day><name>Tuesday</name><openingTime>09:00</openingTime><closingTime>22:00</closingTime></day><day><name>Wednesday</name><openingTime>09:00</openingTime><closingTime>22:00</closingTime></day><day><name>Thursday</name><openingTime>09:00</openingTime><closingTime>22:00</closingTime></day><day><name>Friday</name><openingTime>09:00</openingTime><closingTime>22:00</closingTime></day><day><name>Saturday</name><openingTime>09:00</openingTime><closingTime>22:00</closingTime></day><day><name>Sunday</name><openingTime>09:00</openingTime><closingTime>22:00</closingTime></day></operatingHours><onlineOrdering>true</onlineOrdering><loyaltyProgramEnabled>false</loyaltyProgramEnabled><driveThruAvailable>true</driveThruAvailable><language>French</language><taxReference>klJJ0dSi</taxReference><operations /></restaurantConfig>