<restaurantConfig><name>v1yAHc1ISC</name><location><city>Oklahoma City</city><zipcode>29503</zipcode></location><currency>USD</currency><timezone>EST</timezone><menu><category><name>Burgers</name><item><name>Quarter Pounder with Cheese</name><price>1.65</price></item><item><name>Filet-O-Fish</name><price>8.85</price></item><item><name>Big Mac</name><price>3.2</price></item><item><name>McChicken</name><price>7.85</price></item></category><category><name>Salads</name><item><name>Side Salad</name><price>2.8</price></item><item><name>Southwest Grilled Chicken Salad</name><price>6.56</price></item><item><name>Bacon Ranch Salad</name><price>2.25</price></item></category><category><name>Breakfast</name><item><name>Hotcakes</name><price>9.92</price></item><item><name>Sausage McMuffin</name><price>7.11</price></item></category></menu><employees><employee><name>6TCgbRxu</name><position>Manager</position><hourlyWage>13.49</hourlyWage></employee><employee><name>rujcufkA</name><position>Cashier</position><hourlyWage>11.56</hourlyWage></employee><employee><name>EYgte18C</name><position>Cook</position><hourlyWage>11.84</hourlyWage></employee><employee><name>Nyuw0cfM</name><position>Manager</position><hourlyWage>18.53</hourlyWage></employee><employee><name>BEVvAZcz</name><position>Waiter</position><hourlyWage>18.35</hourlyWage></employee><employee><name>iKMUqIJ7</name><position>Manager</position><hourlyWage>18.97</hourlyWage></employee><employee><name>wlDmeBTS</name><position>Waiter</position><hourlyWage>14.16</hourlyWage></employee><employee><name>xHB3DFQt</name><position>Cashier</position><hourlyWage>11.4</hourlyWage></employee><employee><name>gXUNawbN</name><position>Cook</position><hourlyWage>8.81</hourlyWage></employee><employee><name>M8MAiXxd</name><position>Cook</position><hourlyWage>16.09</hourlyWage></employee></employees><operatingHours><day><name>Monday</name><openingTime>09:00</openingTime><closingTime>22:00</closingTime></day><day><name>Tuesday</name><openingTime>09:00</openingTime><closingTime>22:00</closingTime></day><day><name>Wednesday</name><openingTime>09:00</openingTime><closingTime>22:00</closingTime></day><day><name>Thursday</name><openingTime>09:00</openingTime><closingTime>22:00</closingTime></day><day><name>Friday</name><openingTime>09:00</openingTime><closingTime>22:00</closingTime></day><day><name>Saturday</name><openingTime>09:00</openingTime><closingTime>22:00</closingTime></day><day><name>Sunday</name><openingTime>09:00</openingTime><closingTime>22:00</closingTime></day></operatingHours><onlineOrdering>true</onlineOrdering><loyaltyProgramEnabled>true</loyaltyProgramEnabled><driveThruAvailable>true</driveThruAvailable><language>German</language><taxReference>RDntoFkD</taxReference><operations /></restaurantConfig>