<restaurantConfig><name>PVz2oktr0R</name><location><city>San Francisco</city><zipcode>80142</zipcode></location><currency>USD</currency><timezone>EST</timezone><menu><category><name>Salads</name><item><name>Side Salad</name><price>7.51</price></item></category><category><name>Snacks &amp; Sides</name><item><name>McNuggets</name><price>5.68</price></item><item><name>Apple Slices</name><price>4.05</price></item></category></menu><employees><employee><name>zMojDO4o</name><position>Waiter</position><hourlyWage>9.35</hourlyWage></employee><employee><name>59ytYAzk</name><position>Cook</position><hourlyWage>11.61</hourlyWage></employee><employee><name>pW1gIyxf</name><position>Manager</position><hourlyWage>11.75</hourlyWage></employee><employee><name>5K5c2LAu</name><position>Cook</position><hourlyWage>14.48</hourlyWage></employee><employee><name>vLTsE9IY</name><position>Cashier</position><hourlyWage>14.43</hourlyWage></employee><employee><name>wsA2Hdnz</name><position>Waiter</position><hourlyWage>16.5</hourlyWage></employee><employee><name>R053QD3v</name><position>Cashier</position><hourlyWage>10.15</hourlyWage></employee><employee><name>moPdxulx</name><position>Cook</position><hourlyWage>16.71</hourlyWage></employee><employee><name>Tij2k4b3</name><position>Manager</position><hourlyWage>10.12</hourlyWage></employee><employee><name>BwgV2SeG</name><position>Waiter</position><hourlyWage>14.23</hourlyWage></employee></employees><operatingHours><day><name>Monday</name><openingTime>09:00</openingTime><closingTime>22:00</closingTime></day><day><name>Tuesday</name><openingTime>09:00</openingTime><closingTime>22:00</closingTime></day><day><name>Wednesday</name><openingTime>09:00</openingTime><closingTime>22:00</closingTime></day><day><name>Thursday</name><openingTime>09:00</openingTime><closingTime>22:00</closingTime></day><day><name>Friday</name><openingTime>09:00</openingTime><closingTime>22:00</closingTime></day><day><name>Saturday</name><openingTime>09:00</openingTime><closingTime>22:00</closingTime></day><day><name>Sunday</name><openingTime>09:00</openingTime><closingTime>22:00</closingTime></day></operatingHours><onlineOrdering>true</onlineOrdering><loyaltyProgramEnabled>true</loyaltyProgramEnabled><driveThruAvailable>false</driveThruAvailable><language>German</language><taxReference>AC40mo8M</taxReference><operations /></restaurantConfig>