<restaurantConfig><name>WI140endJQ</name><location><city>Sacramento</city><zipcode>37503</zipcode></location><currency>USD</currency><timezone>EST</timezone><menu><category><name>Breakfast</name><item><name>Hash Browns</name><price>6.26</price></item><item><name>Hotcakes</name><price>8.1</price></item><item><name>Big Breakfast</name><price>9.08</price></item></category></menu><employees><employee><name>rGh8Ole5</name><position>Cook</position><hourlyWage>15.03</hourlyWage></employee><employee><name>4aDugCVM</name><position>Cashier</position><hourlyWage>11.38</hourlyWage></employee><employee><name>gsdwCUr9</name><position>Cook</position><hourlyWage>15.74</hourlyWage></employee><employee><name>206kIfmV</name><position>Waiter</position><hourlyWage>17.17</hourlyWage></employee><employee><name>da79udg5</name><position>Manager</position><hourlyWage>9.41</hourlyWage></employee><employee><name>6d1D2hfg</name><position>Cashier</position><hourlyWage>15.51</hourlyWage></employee><employee><name>SmzNlAUA</name><position>Waiter</position><hourlyWage>17.19</hourlyWage></employee><employee><name>jDA7sfOu</name><position>Manager</position><hourlyWage>19.72</hourlyWage></employee><employee><name>FqeuoVZl</name><position>Manager</position><hourlyWage>16.17</hourlyWage></employee><employee><name>sH3XxnTD</name><position>Manager</position><hourlyWage>15.25</hourlyWage></employee></employees><operatingHours><day><name>Monday</name><openingTime>09:00</openingTime><closingTime>22:00</closingTime></day><day><name>Tuesday</name><openingTime>09:00</openingTime><closingTime>22:00</closingTime></day><day><name>Wednesday</name><openingTime>09:00</openingTime><closingTime>22:00</closingTime></day><day><name>Thursday</name><openingTime>09:00</openingTime><closingTime>22:00</closingTime></day><day><name>Friday</name><openingTime>09:00</openingTime><closingTime>22:00</closingTime></day><day><name>Saturday</name><openingTime>09:00</openingTime><closingTime>22:00</closingTime></day><day><name>Sunday</name><openingTime>09:00</openingTime><closingTime>22:00</closingTime></day></operatingHours><onlineOrdering>false</onlineOrdering><loyaltyProgramEnabled>false</loyaltyProgramEnabled><driveThruAvailable>true</driveThruAvailable><language>Spanish</language><taxReference>A0aVXI3C</taxReference><operations /></restaurantConfig>