<restaurantConfig><name>8mxfgoDkTX</name><location><city>Miami</city><zipcode>79417</zipcode></location><currency>USD</currency><timezone>EST</timezone><menu><category><name>Burgers</name><item><name>Quarter Pounder with Cheese</name><price>6.11</price></item><item><name>McDouble</name><price>1.01</price></item><item><name>McChicken</name><price>7.83</price></item><item><name>Filet-O-Fish</name><price>1.35</price></item><item><name>Big Mac</name><price>5.72</price></item></category><category><name>Chicken &amp; Sandwiches</name><item><name>Artisan Grilled Chicken Sandwich</name><price>4.77</price></item><item><name>Spicy McChicken</name><price>1.09</price></item></category><category><name>Salads</name><item><name>Side Salad</name><price>7.42</price></item><item><name>Southwest Grilled Chicken Salad</name><price>3.55</price></item></category><category><name>Snacks &amp; Sides</name><item><name>McNuggets</name><price>6.77</price></item><item><name>Apple Slices</name><price>9.73</price></item></category></menu><employees><employee><name>dSByVL1f</name><position>Cashier</position><hourlyWage>18.53</hourlyWage></employee><employee><name>NvHVkkRV</name><position>Manager</position><hourlyWage>12.02</hourlyWage></employee><employee><name>zUZC5HKp</name><position>Waiter</position><hourlyWage>8.09</hourlyWage></employee><employee><name>sC13wUIb</name><position>Cook</position><hourlyWage>19.67</hourlyWage></employee></employees><operatingHours><day><name>Monday</name><openingTime>09:00</openingTime><closingTime>22:00</closingTime></day><day><name>Tuesday</name><openingTime>09:00</openingTime><closingTime>22:00</closingTime></day><day><name>Wednesday</name><openingTime>09:00</openingTime><closingTime>22:00</closingTime></day><day><name>Thursday</name><openingTime>09:00</openingTime><closingTime>22:00</closingTime></day><day><name>Friday</name><openingTime>09:00</openingTime><closingTime>22:00</closingTime></day><day><name>Saturday</name><openingTime>09:00</openingTime><closingTime>22:00</closingTime></day><day><name>Sunday</name><openingTime>09:00</openingTime><closingTime>22:00</closingTime></day></operatingHours><onlineOrdering>true</onlineOrdering><loyaltyProgramEnabled>false</loyaltyProgramEnabled><driveThruAvailable>false</driveThruAvailable><language>Spanish</language><taxReference>3S0871O1</taxReference><operations /></restaurantConfig>