<restaurantConfig><name>a6FiBRMBWu</name><location><city>Memphis</city><zipcode>65150</zipcode></location><currency>USD</currency><timezone>EST</timezone><menu><category><name>Burgers</name><item><name>Filet-O-Fish</name><price>9.05</price></item><item><name>McDouble</name><price>1.29</price></item><item><name>McChicken</name><price>3.0</price></item><item><name>Big Mac</name><price>6.43</price></item></category><category><name>Salads</name><item><name>Side Salad</name><price>9.98</price></item></category><category><name>Snacks &amp; Sides</name><item><name>French Fries</name><price>5.15</price></item><item><name>McNuggets</name><price>7.03</price></item><item><name>Apple Slices</name><price>8.35</price></item></category></menu><employees><employee><name>bBJ28vRq</name><position>Waiter</position><hourlyWage>18.67</hourlyWage></employee><employee><name>iqAvqE7C</name><position>Waiter</position><hourlyWage>17.52</hourlyWage></employee><employee><name>BpZcda84</name><position>Manager</position><hourlyWage>9.37</hourlyWage></employee><employee><name>9jzVG8p7</name><position>Manager</position><hourlyWage>9.52</hourlyWage></employee></employees><operatingHours><day><name>Monday</name><openingTime>09:00</openingTime><closingTime>22:00</closingTime></day><day><name>Tuesday</name><openingTime>09:00</openingTime><closingTime>22:00</closingTime></day><day><name>Wednesday</name><openingTime>09:00</openingTime><closingTime>22:00</closingTime></day><day><name>Thursday</name><openingTime>09:00</openingTime><closingTime>22:00</closingTime></day><day><name>Friday</name><openingTime>09:00</openingTime><closingTime>22:00</closingTime></day><day><name>Saturday</name><openingTime>09:00</openingTime><closingTime>22:00</closingTime></day><day><name>Sunday</name><openingTime>09:00</openingTime><closingTime>22:00</closingTime></day></operatingHours><onlineOrdering>true</onlineOrdering><loyaltyProgramEnabled>false</loyaltyProgramEnabled><driveThruAvailable>false</driveThruAvailable><language>German</language><taxReference>h6ESLIJK</taxReference><operations /></restaurantConfig>