<restaurantConfig><name>OYnyyzkBNP</name><location><city>Minneapolis</city><zipcode>22984</zipcode></location><currency>USD</currency><timezone>EST</timezone><menu><category><name>Burgers</name><item><name>Filet-O-Fish</name><price>4.24</price></item><item><name>Quarter Pounder with Cheese</name><price>6.14</price></item></category><category><name>Chicken &amp; Sandwiches</name><item><name>McChicken Deluxe</name><price>9.95</price></item><item><name>Spicy McChicken</name><price>5.77</price></item><item><name>Buttermilk Crispy Chicken Sandwich</name><price>8.26</price></item></category><category><name>Salads</name><item><name>Southwest Grilled Chicken Salad</name><price>5.37</price></item></category></menu><employees><employee><name>TKeMvAVT</name><position>Manager</position><hourlyWage>9.03</hourlyWage></employee><employee><name>RiiGcJ0v</name><position>Cashier</position><hourlyWage>12.89</hourlyWage></employee><employee><name>i9ZQuIJP</name><position>Waiter</position><hourlyWage>8.66</hourlyWage></employee><employee><name>a9GSrp1W</name><position>Cashier</position><hourlyWage>12.99</hourlyWage></employee><employee><name>t4STLG6R</name><position>Waiter</position><hourlyWage>9.34</hourlyWage></employee><employee><name>wGT5Tqh7</name><position>Cook</position><hourlyWage>16.16</hourlyWage></employee><employee><name>cpqA9L7j</name><position>Cashier</position><hourlyWage>8.93</hourlyWage></employee></employees><operatingHours><day><name>Monday</name><openingTime>09:00</openingTime><closingTime>22:00</closingTime></day><day><name>Tuesday</name><openingTime>09:00</openingTime><closingTime>22:00</closingTime></day><day><name>Wednesday</name><openingTime>09:00</openingTime><closingTime>22:00</closingTime></day><day><name>Thursday</name><openingTime>09:00</openingTime><closingTime>22:00</closingTime></day><day><name>Friday</name><openingTime>09:00</openingTime><closingTime>22:00</closingTime></day><day><name>Saturday</name><openingTime>09:00</openingTime><closingTime>22:00</closingTime></day><day><name>Sunday</name><openingTime>09:00</openingTime><closingTime>22:00</closingTime></day></operatingHours><onlineOrdering>false</onlineOrdering><loyaltyProgramEnabled>true</loyaltyProgramEnabled><driveThruAvailable>true</driveThruAvailable><language>English</language><taxReference>PBAzvys7</taxReference><operations /></restaurantConfig>