<restaurantConfig><name>oMLedgc7cK</name><location><city>Minneapolis</city><zipcode>99538</zipcode></location><currency>USD</currency><timezone>EST</timezone><menu><category><name>Burgers</name><item><name>McDouble</name><price>2.14</price></item><item><name>McChicken</name><price>6.63</price></item></category><category><name>Salads</name><item><name>Side Salad</name><price>7.02</price></item><item><name>Southwest Grilled Chicken Salad</name><price>5.79</price></item></category><category><name>Snacks &amp; Sides</name><item><name>French Fries</name><price>4.71</price></item><item><name>McNuggets</name><price>9.17</price></item><item><name>Apple Slices</name><price>1.74</price></item></category></menu><employees><employee><name>B5RShRCL</name><position>Waiter</position><hourlyWage>9.58</hourlyWage></employee><employee><name>CM8OuQsd</name><position>Cook</position><hourlyWage>19.24</hourlyWage></employee><employee><name>J5po0DEA</name><position>Manager</position><hourlyWage>14.23</hourlyWage></employee><employee><name>pix6WxGp</name><position>Cashier</position><hourlyWage>16.97</hourlyWage></employee><employee><name>BTQzgr46</name><position>Cook</position><hourlyWage>18.18</hourlyWage></employee><employee><name>B76suXmL</name><position>Cook</position><hourlyWage>14.13</hourlyWage></employee><employee><name>GF8FXcFm</name><position>Cook</position><hourlyWage>12.3</hourlyWage></employee><employee><name>pRzaCBgs</name><position>Cook</position><hourlyWage>16.7</hourlyWage></employee><employee><name>hdK9gKqS</name><position>Waiter</position><hourlyWage>18.28</hourlyWage></employee></employees><operatingHours><day><name>Monday</name><openingTime>09:00</openingTime><closingTime>22:00</closingTime></day><day><name>Tuesday</name><openingTime>09:00</openingTime><closingTime>22:00</closingTime></day><day><name>Wednesday</name><openingTime>09:00</openingTime><closingTime>22:00</closingTime></day><day><name>Thursday</name><openingTime>09:00</openingTime><closingTime>22:00</closingTime></day><day><name>Friday</name><openingTime>09:00</openingTime><closingTime>22:00</closingTime></day><day><name>Saturday</name><openingTime>09:00</openingTime><closingTime>22:00</closingTime></day><day><name>Sunday</name><openingTime>09:00</openingTime><closingTime>22:00</closingTime></day></operatingHours><onlineOrdering>false</onlineOrdering><loyaltyProgramEnabled>false</loyaltyProgramEnabled><driveThruAvailable>false</driveThruAvailable><language>English</language><taxReference>QkA1SQ36</taxReference><operations /></restaurantConfig>