<restaurantConfig><name>HFuh6Ug9Jt</name><location><city>El Paso</city><zipcode>32521</zipcode></location><currency>USD</currency><timezone>EST</timezone><menu /><employees><employee><name>MhesyRun</name><position>Cashier</position><hourlyWage>19.99</hourlyWage></employee><employee><name>6O5x5yqj</name><position>Manager</position><hourlyWage>19.67</hourlyWage></employee><employee><name>PNeMG7WJ</name><position>Manager</position><hourlyWage>13.59</hourlyWage></employee><employee><name>CAMfrpGL</name><position>Cook</position><hourlyWage>16.59</hourlyWage></employee><employee><name>CRwV4j7m</name><position>Manager</position><hourlyWage>8.15</hourlyWage></employee><employee><name>hnj1F5em</name><position>Manager</position><hourlyWage>12.33</hourlyWage></employee></employees><operatingHours><day><name>Monday</name><openingTime>09:00</openingTime><closingTime>22:00</closingTime></day><day><name>Tuesday</name><openingTime>09:00</openingTime><closingTime>22:00</closingTime></day><day><name>Wednesday</name><openingTime>09:00</openingTime><closingTime>22:00</closingTime></day><day><name>Thursday</name><openingTime>09:00</openingTime><closingTime>22:00</closingTime></day><day><name>Friday</name><openingTime>09:00</openingTime><closingTime>22:00</closingTime></day><day><name>Saturday</name><openingTime>09:00</openingTime><closingTime>22:00</closingTime></day><day><name>Sunday</name><openingTime>09:00</openingTime><closingTime>22:00</closingTime></day></operatingHours><onlineOrdering>false</onlineOrdering><loyaltyProgramEnabled>false</loyaltyProgramEnabled><driveThruAvailable>false</driveThruAvailable><language>Spanish</language><taxReference>yYRcje6g</taxReference><operations /></restaurantConfig>