<restaurantConfig><name>EANt3LDyCr</name><location><city>Long Beach</city><zipcode>45892</zipcode></location><currency>USD</currency><timezone>EST</timezone><menu><category><name>Chicken &amp; Sandwiches</name><item><name>McChicken Deluxe</name><price>6.5</price></item><item><name>Artisan Grilled Chicken Sandwich</name><price>8.63</price></item></category><category><name>Snacks &amp; Sides</name><item><name>Apple Slices</name><price>7.91</price></item></category></menu><employees><employee><name>AQoMW4hZ</name><position>Waiter</position><hourlyWage>19.1</hourlyWage></employee><employee><name>pU7mpZB4</name><position>Manager</position><hourlyWage>13.27</hourlyWage></employee><employee><name>CFxH3a4f</name><position>Waiter</position><hourlyWage>16.5</hourlyWage></employee><employee><name>sDDfP8IA</name><position>Cashier</position><hourlyWage>14.24</hourlyWage></employee><employee><name>xgXT4KPp</name><position>Cashier</position><hourlyWage>16.23</hourlyWage></employee><employee><name>FHJBIZkM</name><position>Manager</position><hourlyWage>17.93</hourlyWage></employee><employee><name>IKfPWMKQ</name><position>Cashier</position><hourlyWage>11.95</hourlyWage></employee></employees><operatingHours><day><name>Monday</name><openingTime>09:00</openingTime><closingTime>22:00</closingTime></day><day><name>Tuesday</name><openingTime>09:00</openingTime><closingTime>22:00</closingTime></day><day><name>Wednesday</name><openingTime>09:00</openingTime><closingTime>22:00</closingTime></day><day><name>Thursday</name><openingTime>09:00</openingTime><closingTime>22:00</closingTime></day><day><name>Friday</name><openingTime>09:00</openingTime><closingTime>22:00</closingTime></day><day><name>Saturday</name><openingTime>09:00</openingTime><closingTime>22:00</closingTime></day><day><name>Sunday</name><openingTime>09:00</openingTime><closingTime>22:00</closingTime></day></operatingHours><onlineOrdering>true</onlineOrdering><loyaltyProgramEnabled>false</loyaltyProgramEnabled><driveThruAvailable>false</driveThruAvailable><language>English</language><taxReference>TDBErX2f</taxReference><operations /></restaurantConfig>