<restaurantConfig><name>MOApz0ozNA</name><location><city>Albuquerque</city><zipcode>44192</zipcode></location><currency>USD</currency><timezone>EST</timezone><menu><category><name>Burgers</name><item><name>Filet-O-Fish</name><price>5.95</price></item><item><name>McDouble</name><price>8.66</price></item><item><name>Big Mac</name><price>2.6</price></item><item><name>Quarter Pounder with Cheese</name><price>9.36</price></item><item><name>McChicken</name><price>4.74</price></item></category><category><name>Salads</name><item><name>Bacon Ranch Salad</name><price>1.17</price></item><item><name>Side Salad</name><price>5.7</price></item></category></menu><employees><employee><name>joZjuOwM</name><position>Manager</position><hourlyWage>19.71</hourlyWage></employee><employee><name>KX3xAcMP</name><position>Waiter</position><hourlyWage>19.85</hourlyWage></employee><employee><name>bwWKMA6f</name><position>Manager</position><hourlyWage>14.9</hourlyWage></employee><employee><name>qJiWdvcC</name><position>Waiter</position><hourlyWage>14.89</hourlyWage></employee><employee><name>ZjcsrPK1</name><position>Cook</position><hourlyWage>16.42</hourlyWage></employee><employee><name>tv3cg26o</name><position>Cook</position><hourlyWage>12.2</hourlyWage></employee><employee><name>9XoAJ7nM</name><position>Cook</position><hourlyWage>13.03</hourlyWage></employee><employee><name>ZkKQ8hLL</name><position>Cook</position><hourlyWage>18.94</hourlyWage></employee><employee><name>KniC71T3</name><position>Waiter</position><hourlyWage>13.74</hourlyWage></employee></employees><operatingHours><day><name>Monday</name><openingTime>09:00</openingTime><closingTime>22:00</closingTime></day><day><name>Tuesday</name><openingTime>09:00</openingTime><closingTime>22:00</closingTime></day><day><name>Wednesday</name><openingTime>09:00</openingTime><closingTime>22:00</closingTime></day><day><name>Thursday</name><openingTime>09:00</openingTime><closingTime>22:00</closingTime></day><day><name>Friday</name><openingTime>09:00</openingTime><closingTime>22:00</closingTime></day><day><name>Saturday</name><openingTime>09:00</openingTime><closingTime>22:00</closingTime></day><day><name>Sunday</name><openingTime>09:00</openingTime><closingTime>22:00</closingTime></day></operatingHours><onlineOrdering>true</onlineOrdering><loyaltyProgramEnabled>false</loyaltyProgramEnabled><driveThruAvailable>true</driveThruAvailable><language>English</language><taxReference>0otfpwki</taxReference><operations /></restaurantConfig>