<restaurantConfig><name>WKc9FwsEtq</name><location><city>New York</city><zipcode>92490</zipcode></location><currency>USD</currency><timezone>EST</timezone><menu><category><name>Chicken &amp; Sandwiches</name><item><name>Spicy McChicken</name><price>6.21</price></item><item><name>Buttermilk Crispy Chicken Sandwich</name><price>6.46</price></item></category></menu><employees><employee><name>9QcKtHFq</name><position>Manager</position><hourlyWage>8.69</hourlyWage></employee><employee><name>vIcXr699</name><position>Cashier</position><hourlyWage>13.61</hourlyWage></employee><employee><name>OuEPzIrK</name><position>Manager</position><hourlyWage>19.75</hourlyWage></employee><employee><name>yhc0vwlB</name><position>Waiter</position><hourlyWage>15.16</hourlyWage></employee><employee><name>aPuajwyL</name><position>Manager</position><hourlyWage>16.94</hourlyWage></employee><employee><name>YclDEmuz</name><position>Cashier</position><hourlyWage>19.99</hourlyWage></employee><employee><name>fgHTNfBG</name><position>Cook</position><hourlyWage>9.95</hourlyWage></employee></employees><operatingHours><day><name>Monday</name><openingTime>09:00</openingTime><closingTime>22:00</closingTime></day><day><name>Tuesday</name><openingTime>09:00</openingTime><closingTime>22:00</closingTime></day><day><name>Wednesday</name><openingTime>09:00</openingTime><closingTime>22:00</closingTime></day><day><name>Thursday</name><openingTime>09:00</openingTime><closingTime>22:00</closingTime></day><day><name>Friday</name><openingTime>09:00</openingTime><closingTime>22:00</closingTime></day><day><name>Saturday</name><openingTime>09:00</openingTime><closingTime>22:00</closingTime></day><day><name>Sunday</name><openingTime>09:00</openingTime><closingTime>22:00</closingTime></day></operatingHours><onlineOrdering>false</onlineOrdering><loyaltyProgramEnabled>false</loyaltyProgramEnabled><driveThruAvailable>false</driveThruAvailable><language>German</language><taxReference>4zMKCSi8</taxReference><operations /></restaurantConfig>