<restaurantConfig><name>vTwwrwR2Iy</name><location><city>Colorado Springs</city><zipcode>16856</zipcode></location><currency>USD</currency><timezone>EST</timezone><menu><category><name>Burgers</name><item><name>Big Mac</name><price>8.03</price></item><item><name>McChicken</name><price>4.97</price></item></category><category><name>Chicken &amp; Sandwiches</name><item><name>Buttermilk Crispy Chicken Sandwich</name><price>6.13</price></item></category><category><name>Salads</name><item><name>Side Salad</name><price>6.69</price></item><item><name>Southwest Grilled Chicken Salad</name><price>6.86</price></item></category><category><name>Breakfast</name><item><name>Big Breakfast</name><price>8.14</price></item><item><name>Sausage McMuffin</name><price>6.29</price></item><item><name>Egg McMuffin</name><price>2.9</price></item></category></menu><employees><employee><name>52o4XfFP</name><position>Cook</position><hourlyWage>11.53</hourlyWage></employee></employees><operatingHours><day><name>Monday</name><openingTime>09:00</openingTime><closingTime>22:00</closingTime></day><day><name>Tuesday</name><openingTime>09:00</openingTime><closingTime>22:00</closingTime></day><day><name>Wednesday</name><openingTime>09:00</openingTime><closingTime>22:00</closingTime></day><day><name>Thursday</name><openingTime>09:00</openingTime><closingTime>22:00</closingTime></day><day><name>Friday</name><openingTime>09:00</openingTime><closingTime>22:00</closingTime></day><day><name>Saturday</name><openingTime>09:00</openingTime><closingTime>22:00</closingTime></day><day><name>Sunday</name><openingTime>09:00</openingTime><closingTime>22:00</closingTime></day></operatingHours><onlineOrdering>false</onlineOrdering><loyaltyProgramEnabled>true</loyaltyProgramEnabled><driveThruAvailable>true</driveThruAvailable><language>German</language><taxReference>RgnzE2dR</taxReference><operations /></restaurantConfig>