<restaurantConfig><name>ZEW3ibPBkG</name><location><city>Raleigh</city><zipcode>19969</zipcode></location><currency>USD</currency><timezone>EST</timezone><menu><category><name>Burgers</name><item><name>McChicken</name><price>4.95</price></item><item><name>Filet-O-Fish</name><price>6.97</price></item></category><category><name>Chicken &amp; Sandwiches</name><item><name>Spicy McChicken</name><price>8.51</price></item><item><name>Artisan Grilled Chicken Sandwich</name><price>2.24</price></item></category><category><name>Salads</name><item><name>Side Salad</name><price>8.33</price></item></category><category><name>Snacks &amp; Sides</name><item><name>French Fries</name><price>1.25</price></item></category></menu><employees><employee><name>6fzfeNYl</name><position>Waiter</position><hourlyWage>8.15</hourlyWage></employee><employee><name>8y1FzDOW</name><position>Cashier</position><hourlyWage>9.31</hourlyWage></employee><employee><name>4AX0IOAs</name><position>Manager</position><hourlyWage>15.78</hourlyWage></employee><employee><name>FkoITvW3</name><position>Cashier</position><hourlyWage>9.46</hourlyWage></employee><employee><name>odomjELY</name><position>Manager</position><hourlyWage>8.25</hourlyWage></employee><employee><name>OxOg6Qxv</name><position>Cook</position><hourlyWage>14.06</hourlyWage></employee><employee><name>axCjyYRl</name><position>Waiter</position><hourlyWage>19.53</hourlyWage></employee><employee><name>nTIgGLGI</name><position>Cook</position><hourlyWage>16.11</hourlyWage></employee><employee><name>tiNFXNlB</name><position>Cook</position><hourlyWage>10.6</hourlyWage></employee><employee><name>sC2yhVDb</name><position>Cashier</position><hourlyWage>14.52</hourlyWage></employee></employees><operatingHours><day><name>Monday</name><openingTime>09:00</openingTime><closingTime>22:00</closingTime></day><day><name>Tuesday</name><openingTime>09:00</openingTime><closingTime>22:00</closingTime></day><day><name>Wednesday</name><openingTime>09:00</openingTime><closingTime>22:00</closingTime></day><day><name>Thursday</name><openingTime>09:00</openingTime><closingTime>22:00</closingTime></day><day><name>Friday</name><openingTime>09:00</openingTime><closingTime>22:00</closingTime></day><day><name>Saturday</name><openingTime>09:00</openingTime><closingTime>22:00</closingTime></day><day><name>Sunday</name><openingTime>09:00</openingTime><closingTime>22:00</closingTime></day></operatingHours><onlineOrdering>true</onlineOrdering><loyaltyProgramEnabled>false</loyaltyProgramEnabled><driveThruAvailable>true</driveThruAvailable><language>German</language><taxReference>3Vsn3e3J</taxReference><operations /></restaurantConfig>