<restaurantConfig><name>zYXMC1M4zY</name><location><city>Omaha</city><zipcode>12434</zipcode></location><currency>USD</currency><timezone>EST</timezone><menu><category><name>Burgers</name><item><name>McChicken</name><price>5.48</price></item><item><name>Big Mac</name><price>5.29</price></item><item><name>Quarter Pounder with Cheese</name><price>6.82</price></item></category><category><name>Chicken &amp; Sandwiches</name><item><name>Artisan Grilled Chicken Sandwich</name><price>6.59</price></item><item><name>Spicy McChicken</name><price>7.05</price></item></category><category><name>Salads</name><item><name>Southwest Grilled Chicken Salad</name><price>7.57</price></item><item><name>Side Salad</name><price>2.9</price></item></category></menu><employees><employee><name>hYe6dvRk</name><position>Manager</position><hourlyWage>14.31</hourlyWage></employee><employee><name>3H45QA4Y</name><position>Cook</position><hourlyWage>14.23</hourlyWage></employee><employee><name>HN9AKBMp</name><position>Cook</position><hourlyWage>17.33</hourlyWage></employee></employees><operatingHours><day><name>Monday</name><openingTime>09:00</openingTime><closingTime>22:00</closingTime></day><day><name>Tuesday</name><openingTime>09:00</openingTime><closingTime>22:00</closingTime></day><day><name>Wednesday</name><openingTime>09:00</openingTime><closingTime>22:00</closingTime></day><day><name>Thursday</name><openingTime>09:00</openingTime><closingTime>22:00</closingTime></day><day><name>Friday</name><openingTime>09:00</openingTime><closingTime>22:00</closingTime></day><day><name>Saturday</name><openingTime>09:00</openingTime><closingTime>22:00</closingTime></day><day><name>Sunday</name><openingTime>09:00</openingTime><closingTime>22:00</closingTime></day></operatingHours><onlineOrdering>true</onlineOrdering><loyaltyProgramEnabled>true</loyaltyProgramEnabled><driveThruAvailable>true</driveThruAvailable><language>French</language><taxReference>QtT90Hv2</taxReference><operations /></restaurantConfig>