<restaurantConfig><name>OojmpsEjd8</name><location><city>New York</city><zipcode>39242</zipcode></location><currency>USD</currency><timezone>EST</timezone><menu /><employees><employee><name>DwCChGyb</name><position>Manager</position><hourlyWage>11.43</hourlyWage></employee><employee><name>drpEvZlb</name><position>Manager</position><hourlyWage>12.17</hourlyWage></employee><employee><name>irpzPikZ</name><position>Cashier</position><hourlyWage>17.87</hourlyWage></employee></employees><operatingHours><day><name>Monday</name><openingTime>09:00</openingTime><closingTime>22:00</closingTime></day><day><name>Tuesday</name><openingTime>09:00</openingTime><closingTime>22:00</closingTime></day><day><name>Wednesday</name><openingTime>09:00</openingTime><closingTime>22:00</closingTime></day><day><name>Thursday</name><openingTime>09:00</openingTime><closingTime>22:00</closingTime></day><day><name>Friday</name><openingTime>09:00</openingTime><closingTime>22:00</closingTime></day><day><name>Saturday</name><openingTime>09:00</openingTime><closingTime>22:00</closingTime></day><day><name>Sunday</name><openingTime>09:00</openingTime><closingTime>22:00</closingTime></day></operatingHours><onlineOrdering>true</onlineOrdering><loyaltyProgramEnabled>true</loyaltyProgramEnabled><driveThruAvailable>false</driveThruAvailable><language>English</language><taxReference>7z2EUCWj</taxReference><operations /></restaurantConfig>