<restaurantConfig><name>k4XMpL4MTS</name><location><city>Oklahoma City</city><zipcode>78795</zipcode></location><currency>USD</currency><timezone>EST</timezone><menu><category><name>Chicken &amp; Sandwiches</name><item><name>McChicken Deluxe</name><price>1.97</price></item><item><name>Artisan Grilled Chicken Sandwich</name><price>2.77</price></item><item><name>Spicy McChicken</name><price>1.08</price></item><item><name>Buttermilk Crispy Chicken Sandwich</name><price>9.61</price></item></category><category><name>Salads</name><item><name>Southwest Grilled Chicken Salad</name><price>3.77</price></item><item><name>Bacon Ranch Salad</name><price>1.95</price></item><item><name>Side Salad</name><price>6.78</price></item></category><category><name>Snacks &amp; Sides</name><item><name>McNuggets</name><price>6.86</price></item></category></menu><employees><employee><name>Ol4oKKry</name><position>Manager</position><hourlyWage>8.17</hourlyWage></employee><employee><name>mWMAN22F</name><position>Manager</position><hourlyWage>19.4</hourlyWage></employee><employee><name>OJM9CLoV</name><position>Cashier</position><hourlyWage>18.59</hourlyWage></employee></employees><operatingHours><day><name>Monday</name><openingTime>09:00</openingTime><closingTime>22:00</closingTime></day><day><name>Tuesday</name><openingTime>09:00</openingTime><closingTime>22:00</closingTime></day><day><name>Wednesday</name><openingTime>09:00</openingTime><closingTime>22:00</closingTime></day><day><name>Thursday</name><openingTime>09:00</openingTime><closingTime>22:00</closingTime></day><day><name>Friday</name><openingTime>09:00</openingTime><closingTime>22:00</closingTime></day><day><name>Saturday</name><openingTime>09:00</openingTime><closingTime>22:00</closingTime></day><day><name>Sunday</name><openingTime>09:00</openingTime><closingTime>22:00</closingTime></day></operatingHours><onlineOrdering>true</onlineOrdering><loyaltyProgramEnabled>true</loyaltyProgramEnabled><driveThruAvailable>true</driveThruAvailable><language>English</language><taxReference>UolBZQFi</taxReference><operations /></restaurantConfig>