<restaurantConfig><name>HgZZdmZF6E</name><location><city>San Diego</city><zipcode>49528</zipcode></location><currency>USD</currency><timezone>EST</timezone><menu><category><name>Burgers</name><item><name>Big Mac</name><price>4.49</price></item><item><name>McDouble</name><price>2.13</price></item><item><name>Quarter Pounder with Cheese</name><price>1.64</price></item><item><name>Filet-O-Fish</name><price>3.21</price></item><item><name>McChicken</name><price>3.81</price></item></category><category><name>Salads</name><item><name>Southwest Grilled Chicken Salad</name><price>4.9</price></item><item><name>Side Salad</name><price>5.88</price></item></category></menu><employees><employee><name>HxoWiLkQ</name><position>Manager</position><hourlyWage>17.66</hourlyWage></employee><employee><name>3gNt2A0B</name><position>Waiter</position><hourlyWage>8.1</hourlyWage></employee><employee><name>il3HXgZf</name><position>Cashier</position><hourlyWage>19.96</hourlyWage></employee><employee><name>ebiNSltm</name><position>Waiter</position><hourlyWage>15.24</hourlyWage></employee><employee><name>fO6NyfuS</name><position>Cook</position><hourlyWage>15.21</hourlyWage></employee><employee><name>9Io3d1Wp</name><position>Waiter</position><hourlyWage>11.14</hourlyWage></employee><employee><name>zWMkffkz</name><position>Cashier</position><hourlyWage>9.22</hourlyWage></employee></employees><operatingHours><day><name>Monday</name><openingTime>09:00</openingTime><closingTime>22:00</closingTime></day><day><name>Tuesday</name><openingTime>09:00</openingTime><closingTime>22:00</closingTime></day><day><name>Wednesday</name><openingTime>09:00</openingTime><closingTime>22:00</closingTime></day><day><name>Thursday</name><openingTime>09:00</openingTime><closingTime>22:00</closingTime></day><day><name>Friday</name><openingTime>09:00</openingTime><closingTime>22:00</closingTime></day><day><name>Saturday</name><openingTime>09:00</openingTime><closingTime>22:00</closingTime></day><day><name>Sunday</name><openingTime>09:00</openingTime><closingTime>22:00</closingTime></day></operatingHours><onlineOrdering>true</onlineOrdering><loyaltyProgramEnabled>false</loyaltyProgramEnabled><driveThruAvailable>false</driveThruAvailable><language>French</language><taxReference>GvSIE6b7</taxReference><operations /></restaurantConfig>