<restaurantConfig><name>rI5uNb1HYU</name><location><city>Raleigh</city><zipcode>23924</zipcode></location><currency>USD</currency><timezone>EST</timezone><menu><category><name>Burgers</name><item><name>Quarter Pounder with Cheese</name><price>4.43</price></item><item><name>McDouble</name><price>1.23</price></item><item><name>McChicken</name><price>3.37</price></item><item><name>Filet-O-Fish</name><price>5.27</price></item></category><category><name>Chicken &amp; Sandwiches</name><item><name>Buttermilk Crispy Chicken Sandwich</name><price>3.96</price></item><item><name>McChicken Deluxe</name><price>8.28</price></item></category></menu><employees><employee><name>ATaD4Qer</name><position>Manager</position><hourlyWage>17.33</hourlyWage></employee><employee><name>XnxaFyeE</name><position>Manager</position><hourlyWage>16.17</hourlyWage></employee><employee><name>HutAObk1</name><position>Cashier</position><hourlyWage>13.24</hourlyWage></employee><employee><name>KfrjWDVK</name><position>Waiter</position><hourlyWage>19.0</hourlyWage></employee><employee><name>lnZ4hgX8</name><position>Cook</position><hourlyWage>9.88</hourlyWage></employee></employees><operatingHours><day><name>Monday</name><openingTime>09:00</openingTime><closingTime>22:00</closingTime></day><day><name>Tuesday</name><openingTime>09:00</openingTime><closingTime>22:00</closingTime></day><day><name>Wednesday</name><openingTime>09:00</openingTime><closingTime>22:00</closingTime></day><day><name>Thursday</name><openingTime>09:00</openingTime><closingTime>22:00</closingTime></day><day><name>Friday</name><openingTime>09:00</openingTime><closingTime>22:00</closingTime></day><day><name>Saturday</name><openingTime>09:00</openingTime><closingTime>22:00</closingTime></day><day><name>Sunday</name><openingTime>09:00</openingTime><closingTime>22:00</closingTime></day></operatingHours><onlineOrdering>true</onlineOrdering><loyaltyProgramEnabled>false</loyaltyProgramEnabled><driveThruAvailable>true</driveThruAvailable><language>French</language><taxReference>rQDcoAV2</taxReference><operations /></restaurantConfig>