<restaurantConfig><name>k8MahtP79h</name><location><city>San Jose</city><zipcode>43913</zipcode></location><currency>USD</currency><timezone>EST</timezone><menu><category><name>Breakfast</name><item><name>Egg McMuffin</name><price>7.39</price></item><item><name>Hotcakes</name><price>9.41</price></item><item><name>Hash Browns</name><price>4.75</price></item><item><name>Big Breakfast</name><price>2.06</price></item></category><category><name>Snacks &amp; Sides</name><item><name>French Fries</name><price>9.99</price></item><item><name>Apple Slices</name><price>7.03</price></item><item><name>McNuggets</name><price>1.55</price></item></category></menu><employees><employee><name>xWQJXGRN</name><position>Cashier</position><hourlyWage>18.25</hourlyWage></employee><employee><name>F9NhhSj3</name><position>Waiter</position><hourlyWage>16.07</hourlyWage></employee></employees><operatingHours><day><name>Monday</name><openingTime>09:00</openingTime><closingTime>22:00</closingTime></day><day><name>Tuesday</name><openingTime>09:00</openingTime><closingTime>22:00</closingTime></day><day><name>Wednesday</name><openingTime>09:00</openingTime><closingTime>22:00</closingTime></day><day><name>Thursday</name><openingTime>09:00</openingTime><closingTime>22:00</closingTime></day><day><name>Friday</name><openingTime>09:00</openingTime><closingTime>22:00</closingTime></day><day><name>Saturday</name><openingTime>09:00</openingTime><closingTime>22:00</closingTime></day><day><name>Sunday</name><openingTime>09:00</openingTime><closingTime>22:00</closingTime></day></operatingHours><onlineOrdering>true</onlineOrdering><loyaltyProgramEnabled>false</loyaltyProgramEnabled><driveThruAvailable>true</driveThruAvailable><language>French</language><taxReference>0zgmtSpu</taxReference><operations /></restaurantConfig>