<restaurantConfig><name>CGLXehoNRg</name><location><city>Minneapolis</city><zipcode>74989</zipcode></location><currency>USD</currency><timezone>EST</timezone><menu><category><name>Burgers</name><item><name>Filet-O-Fish</name><price>2.56</price></item></category><category><name>Chicken &amp; Sandwiches</name><item><name>Spicy McChicken</name><price>7.25</price></item><item><name>Artisan Grilled Chicken Sandwich</name><price>4.92</price></item><item><name>Buttermilk Crispy Chicken Sandwich</name><price>8.09</price></item></category><category><name>Breakfast</name><item><name>Hash Browns</name><price>5.63</price></item><item><name>Egg McMuffin</name><price>4.12</price></item><item><name>Big Breakfast</name><price>1.83</price></item><item><name>Sausage McMuffin</name><price>1.8</price></item><item><name>Hotcakes</name><price>6.38</price></item></category><category><name>Snacks &amp; Sides</name><item><name>McNuggets</name><price>3.55</price></item><item><name>French Fries</name><price>2.48</price></item></category></menu><employees><employee><name>oiq9uJUe</name><position>Cook</position><hourlyWage>18.9</hourlyWage></employee><employee><name>q9Ckkak7</name><position>Cook</position><hourlyWage>9.1</hourlyWage></employee><employee><name>UspWGthQ</name><position>Manager</position><hourlyWage>11.77</hourlyWage></employee><employee><name>OR9uGjY7</name><position>Cook</position><hourlyWage>16.02</hourlyWage></employee><employee><name>bNtoXxbP</name><position>Waiter</position><hourlyWage>15.41</hourlyWage></employee><employee><name>eAPKqCCi</name><position>Cook</position><hourlyWage>10.52</hourlyWage></employee><employee><name>zjlCW3Vg</name><position>Manager</position><hourlyWage>10.8</hourlyWage></employee></employees><operatingHours><day><name>Monday</name><openingTime>09:00</openingTime><closingTime>22:00</closingTime></day><day><name>Tuesday</name><openingTime>09:00</openingTime><closingTime>22:00</closingTime></day><day><name>Wednesday</name><openingTime>09:00</openingTime><closingTime>22:00</closingTime></day><day><name>Thursday</name><openingTime>09:00</openingTime><closingTime>22:00</closingTime></day><day><name>Friday</name><openingTime>09:00</openingTime><closingTime>22:00</closingTime></day><day><name>Saturday</name><openingTime>09:00</openingTime><closingTime>22:00</closingTime></day><day><name>Sunday</name><openingTime>09:00</openingTime><closingTime>22:00</closingTime></day></operatingHours><onlineOrdering>true</onlineOrdering><loyaltyProgramEnabled>true</loyaltyProgramEnabled><driveThruAvailable>false</driveThruAvailable><language>English</language><taxReference>ES5gsQXF</taxReference><operations /></restaurantConfig>