<restaurantConfig><name>6wO5S00cH1</name><location><city>Oklahoma City</city><zipcode>25248</zipcode></location><currency>USD</currency><timezone>EST</timezone><menu><category><name>Burgers</name><item><name>McDouble</name><price>6.35</price></item><item><name>Filet-O-Fish</name><price>8.55</price></item><item><name>Quarter Pounder with Cheese</name><price>6.69</price></item><item><name>McChicken</name><price>5.11</price></item><item><name>Big Mac</name><price>7.46</price></item></category><category><name>Chicken &amp; Sandwiches</name><item><name>Buttermilk Crispy Chicken Sandwich</name><price>5.01</price></item></category><category><name>Salads</name><item><name>Bacon Ranch Salad</name><price>6.95</price></item><item><name>Side Salad</name><price>8.85</price></item></category><category><name>Breakfast</name><item><name>Egg McMuffin</name><price>3.96</price></item></category></menu><employees><employee><name>N5mwVw3t</name><position>Manager</position><hourlyWage>14.82</hourlyWage></employee><employee><name>TqPKZ9KW</name><position>Manager</position><hourlyWage>19.49</hourlyWage></employee></employees><operatingHours><day><name>Monday</name><openingTime>09:00</openingTime><closingTime>22:00</closingTime></day><day><name>Tuesday</name><openingTime>09:00</openingTime><closingTime>22:00</closingTime></day><day><name>Wednesday</name><openingTime>09:00</openingTime><closingTime>22:00</closingTime></day><day><name>Thursday</name><openingTime>09:00</openingTime><closingTime>22:00</closingTime></day><day><name>Friday</name><openingTime>09:00</openingTime><closingTime>22:00</closingTime></day><day><name>Saturday</name><openingTime>09:00</openingTime><closingTime>22:00</closingTime></day><day><name>Sunday</name><openingTime>09:00</openingTime><closingTime>22:00</closingTime></day></operatingHours><onlineOrdering>true</onlineOrdering><loyaltyProgramEnabled>true</loyaltyProgramEnabled><driveThruAvailable>false</driveThruAvailable><language>German</language><taxReference>2CLusMX4</taxReference><operations /></restaurantConfig>