<restaurantConfig><name>GNfDSmajc1</name><location><city>Miami</city><zipcode>15979</zipcode></location><currency>USD</currency><timezone>EST</timezone><menu><category><name>Burgers</name><item><name>McChicken</name><price>8.61</price></item><item><name>Filet-O-Fish</name><price>7.06</price></item></category><category><name>Breakfast</name><item><name>Big Breakfast</name><price>6.74</price></item></category><category><name>Snacks &amp; Sides</name><item><name>McNuggets</name><price>1.34</price></item><item><name>French Fries</name><price>6.35</price></item></category></menu><employees><employee><name>KPQYUbiJ</name><position>Cook</position><hourlyWage>19.68</hourlyWage></employee><employee><name>AG4Hy5NC</name><position>Manager</position><hourlyWage>17.24</hourlyWage></employee><employee><name>eKHTR9qV</name><position>Cook</position><hourlyWage>11.31</hourlyWage></employee><employee><name>xxIWo4Zp</name><position>Waiter</position><hourlyWage>15.16</hourlyWage></employee><employee><name>14figeqa</name><position>Manager</position><hourlyWage>16.92</hourlyWage></employee><employee><name>r0lfWqT3</name><position>Waiter</position><hourlyWage>15.24</hourlyWage></employee><employee><name>yp4T0B4y</name><position>Cook</position><hourlyWage>15.06</hourlyWage></employee><employee><name>BA3ZzlXS</name><position>Manager</position><hourlyWage>15.42</hourlyWage></employee><employee><name>VeGyL0Ka</name><position>Waiter</position><hourlyWage>10.9</hourlyWage></employee></employees><operatingHours><day><name>Monday</name><openingTime>09:00</openingTime><closingTime>22:00</closingTime></day><day><name>Tuesday</name><openingTime>09:00</openingTime><closingTime>22:00</closingTime></day><day><name>Wednesday</name><openingTime>09:00</openingTime><closingTime>22:00</closingTime></day><day><name>Thursday</name><openingTime>09:00</openingTime><closingTime>22:00</closingTime></day><day><name>Friday</name><openingTime>09:00</openingTime><closingTime>22:00</closingTime></day><day><name>Saturday</name><openingTime>09:00</openingTime><closingTime>22:00</closingTime></day><day><name>Sunday</name><openingTime>09:00</openingTime><closingTime>22:00</closingTime></day></operatingHours><onlineOrdering>true</onlineOrdering><loyaltyProgramEnabled>false</loyaltyProgramEnabled><driveThruAvailable>true</driveThruAvailable><language>German</language><taxReference>Cxtds7Fw</taxReference><operations /></restaurantConfig>