<restaurantConfig><name>MZJ51sMtmE</name><location><city>Detroit</city><zipcode>54444</zipcode></location><currency>USD</currency><timezone>EST</timezone><menu><category><name>Chicken &amp; Sandwiches</name><item><name>Buttermilk Crispy Chicken Sandwich</name><price>6.46</price></item><item><name>Artisan Grilled Chicken Sandwich</name><price>4.84</price></item><item><name>Spicy McChicken</name><price>2.07</price></item></category><category><name>Salads</name><item><name>Bacon Ranch Salad</name><price>7.82</price></item><item><name>Southwest Grilled Chicken Salad</name><price>4.5</price></item><item><name>Side Salad</name><price>2.41</price></item></category></menu><employees><employee><name>yveu9wXa</name><position>Cashier</position><hourlyWage>9.27</hourlyWage></employee><employee><name>K6HVXypy</name><position>Cook</position><hourlyWage>14.35</hourlyWage></employee><employee><name>JSOAgNui</name><position>Cook</position><hourlyWage>8.29</hourlyWage></employee><employee><name>b0de8GmO</name><position>Cashier</position><hourlyWage>14.84</hourlyWage></employee><employee><name>SzJZqqb5</name><position>Waiter</position><hourlyWage>19.5</hourlyWage></employee><employee><name>OUhwoXJl</name><position>Waiter</position><hourlyWage>16.92</hourlyWage></employee><employee><name>ER7toGtQ</name><position>Manager</position><hourlyWage>18.63</hourlyWage></employee><employee><name>wf9fgoQr</name><position>Waiter</position><hourlyWage>12.31</hourlyWage></employee></employees><operatingHours><day><name>Monday</name><openingTime>09:00</openingTime><closingTime>22:00</closingTime></day><day><name>Tuesday</name><openingTime>09:00</openingTime><closingTime>22:00</closingTime></day><day><name>Wednesday</name><openingTime>09:00</openingTime><closingTime>22:00</closingTime></day><day><name>Thursday</name><openingTime>09:00</openingTime><closingTime>22:00</closingTime></day><day><name>Friday</name><openingTime>09:00</openingTime><closingTime>22:00</closingTime></day><day><name>Saturday</name><openingTime>09:00</openingTime><closingTime>22:00</closingTime></day><day><name>Sunday</name><openingTime>09:00</openingTime><closingTime>22:00</closingTime></day></operatingHours><onlineOrdering>false</onlineOrdering><loyaltyProgramEnabled>false</loyaltyProgramEnabled><driveThruAvailable>true</driveThruAvailable><language>Spanish</language><taxReference>LRu1Zwq7</taxReference><operations /></restaurantConfig>