<restaurantConfig><name>ZK1GAn7DPS</name><location><city>Tucson</city><zipcode>47666</zipcode></location><currency>USD</currency><timezone>EST</timezone><menu /><employees><employee><name>WZHSsI4g</name><position>Cashier</position><hourlyWage>10.94</hourlyWage></employee><employee><name>04J3C3rJ</name><position>Cashier</position><hourlyWage>18.09</hourlyWage></employee><employee><name>vopus2dH</name><position>Cashier</position><hourlyWage>9.84</hourlyWage></employee><employee><name>AiP1pDc2</name><position>Cook</position><hourlyWage>13.49</hourlyWage></employee></employees><operatingHours><day><name>Monday</name><openingTime>09:00</openingTime><closingTime>22:00</closingTime></day><day><name>Tuesday</name><openingTime>09:00</openingTime><closingTime>22:00</closingTime></day><day><name>Wednesday</name><openingTime>09:00</openingTime><closingTime>22:00</closingTime></day><day><name>Thursday</name><openingTime>09:00</openingTime><closingTime>22:00</closingTime></day><day><name>Friday</name><openingTime>09:00</openingTime><closingTime>22:00</closingTime></day><day><name>Saturday</name><openingTime>09:00</openingTime><closingTime>22:00</closingTime></day><day><name>Sunday</name><openingTime>09:00</openingTime><closingTime>22:00</closingTime></day></operatingHours><onlineOrdering>false</onlineOrdering><loyaltyProgramEnabled>true</loyaltyProgramEnabled><driveThruAvailable>true</driveThruAvailable><language>Spanish</language><taxReference>0wF4lY7a</taxReference><operations /></restaurantConfig>