<restaurantConfig><name>Um7LFtJQSA</name><location><city>Virginia Beach</city><zipcode>26459</zipcode></location><currency>USD</currency><timezone>EST</timezone><menu><category><name>Chicken &amp; Sandwiches</name><item><name>McChicken Deluxe</name><price>8.25</price></item><item><name>Buttermilk Crispy Chicken Sandwich</name><price>2.77</price></item></category><category><name>Snacks &amp; Sides</name><item><name>French Fries</name><price>5.13</price></item><item><name>Apple Slices</name><price>7.32</price></item><item><name>McNuggets</name><price>2.89</price></item></category></menu><employees><employee><name>34x5G3TC</name><position>Cook</position><hourlyWage>18.7</hourlyWage></employee><employee><name>MHzOLtrN</name><position>Cashier</position><hourlyWage>18.91</hourlyWage></employee><employee><name>6LfGREof</name><position>Manager</position><hourlyWage>10.74</hourlyWage></employee></employees><operatingHours><day><name>Monday</name><openingTime>09:00</openingTime><closingTime>22:00</closingTime></day><day><name>Tuesday</name><openingTime>09:00</openingTime><closingTime>22:00</closingTime></day><day><name>Wednesday</name><openingTime>09:00</openingTime><closingTime>22:00</closingTime></day><day><name>Thursday</name><openingTime>09:00</openingTime><closingTime>22:00</closingTime></day><day><name>Friday</name><openingTime>09:00</openingTime><closingTime>22:00</closingTime></day><day><name>Saturday</name><openingTime>09:00</openingTime><closingTime>22:00</closingTime></day><day><name>Sunday</name><openingTime>09:00</openingTime><closingTime>22:00</closingTime></day></operatingHours><onlineOrdering>false</onlineOrdering><loyaltyProgramEnabled>true</loyaltyProgramEnabled><driveThruAvailable>true</driveThruAvailable><language>Spanish</language><taxReference>Nexm022i</taxReference><operations /></restaurantConfig>