<restaurantConfig><name>hx9qrxZCSh</name><location><city>Fort Worth</city><zipcode>83078</zipcode></location><currency>USD</currency><timezone>EST</timezone><menu><category><name>Burgers</name><item><name>Big Mac</name><price>5.38</price></item><item><name>McChicken</name><price>1.57</price></item><item><name>Quarter Pounder with Cheese</name><price>5.94</price></item><item><name>Filet-O-Fish</name><price>4.57</price></item><item><name>McDouble</name><price>4.41</price></item></category><category><name>Chicken &amp; Sandwiches</name><item><name>Artisan Grilled Chicken Sandwich</name><price>9.21</price></item></category><category><name>Salads</name><item><name>Southwest Grilled Chicken Salad</name><price>9.11</price></item></category><category><name>Breakfast</name><item><name>Big Breakfast</name><price>4.99</price></item><item><name>Sausage McMuffin</name><price>3.74</price></item><item><name>Hotcakes</name><price>3.77</price></item><item><name>Egg McMuffin</name><price>8.98</price></item><item><name>Hash Browns</name><price>3.48</price></item></category></menu><employees><employee><name>DZMqFhYV</name><position>Waiter</position><hourlyWage>12.3</hourlyWage></employee><employee><name>51iTULHM</name><position>Manager</position><hourlyWage>17.99</hourlyWage></employee><employee><name>TDI4FRKT</name><position>Waiter</position><hourlyWage>11.05</hourlyWage></employee><employee><name>mUlb6xe5</name><position>Cashier</position><hourlyWage>15.89</hourlyWage></employee><employee><name>NxUI3NGv</name><position>Cashier</position><hourlyWage>14.45</hourlyWage></employee><employee><name>xUaW3hOP</name><position>Cashier</position><hourlyWage>17.76</hourlyWage></employee><employee><name>1BZRZ9zm</name><position>Waiter</position><hourlyWage>17.17</hourlyWage></employee><employee><name>gBQZwkPx</name><position>Cook</position><hourlyWage>13.75</hourlyWage></employee></employees><operatingHours><day><name>Monday</name><openingTime>09:00</openingTime><closingTime>22:00</closingTime></day><day><name>Tuesday</name><openingTime>09:00</openingTime><closingTime>22:00</closingTime></day><day><name>Wednesday</name><openingTime>09:00</openingTime><closingTime>22:00</closingTime></day><day><name>Thursday</name><openingTime>09:00</openingTime><closingTime>22:00</closingTime></day><day><name>Friday</name><openingTime>09:00</openingTime><closingTime>22:00</closingTime></day><day><name>Saturday</name><openingTime>09:00</openingTime><closingTime>22:00</closingTime></day><day><name>Sunday</name><openingTime>09:00</openingTime><closingTime>22:00</closingTime></day></operatingHours><onlineOrdering>false</onlineOrdering><loyaltyProgramEnabled>true</loyaltyProgramEnabled><driveThruAvailable>false</driveThruAvailable><language>English</language><taxReference>kJJFGPRb</taxReference><operations /></restaurantConfig>