<restaurantConfig><name>sv4nsJ0XgY</name><location><city>Minneapolis</city><zipcode>83566</zipcode></location><currency>USD</currency><timezone>EST</timezone><menu><category><name>Burgers</name><item><name>McDouble</name><price>7.39</price></item><item><name>McChicken</name><price>3.65</price></item></category><category><name>Chicken &amp; Sandwiches</name><item><name>Artisan Grilled Chicken Sandwich</name><price>3.11</price></item></category><category><name>Snacks &amp; Sides</name><item><name>McNuggets</name><price>8.3</price></item><item><name>Apple Slices</name><price>5.72</price></item><item><name>French Fries</name><price>2.37</price></item></category></menu><employees><employee><name>eZYXRiAJ</name><position>Waiter</position><hourlyWage>11.6</hourlyWage></employee><employee><name>teALdOax</name><position>Cook</position><hourlyWage>14.04</hourlyWage></employee><employee><name>YYtcJQPW</name><position>Waiter</position><hourlyWage>11.86</hourlyWage></employee><employee><name>LxLa5yt8</name><position>Waiter</position><hourlyWage>18.55</hourlyWage></employee><employee><name>LLznDa3t</name><position>Manager</position><hourlyWage>20.0</hourlyWage></employee><employee><name>8x3IE2Cx</name><position>Manager</position><hourlyWage>10.02</hourlyWage></employee><employee><name>Bc1e0Qsi</name><position>Cashier</position><hourlyWage>15.89</hourlyWage></employee><employee><name>nRIghOwa</name><position>Manager</position><hourlyWage>15.22</hourlyWage></employee><employee><name>zwOXgD7F</name><position>Manager</position><hourlyWage>8.74</hourlyWage></employee><employee><name>YfMIUg4Q</name><position>Manager</position><hourlyWage>15.4</hourlyWage></employee></employees><operatingHours><day><name>Monday</name><openingTime>09:00</openingTime><closingTime>22:00</closingTime></day><day><name>Tuesday</name><openingTime>09:00</openingTime><closingTime>22:00</closingTime></day><day><name>Wednesday</name><openingTime>09:00</openingTime><closingTime>22:00</closingTime></day><day><name>Thursday</name><openingTime>09:00</openingTime><closingTime>22:00</closingTime></day><day><name>Friday</name><openingTime>09:00</openingTime><closingTime>22:00</closingTime></day><day><name>Saturday</name><openingTime>09:00</openingTime><closingTime>22:00</closingTime></day><day><name>Sunday</name><openingTime>09:00</openingTime><closingTime>22:00</closingTime></day></operatingHours><onlineOrdering>true</onlineOrdering><loyaltyProgramEnabled>false</loyaltyProgramEnabled><driveThruAvailable>false</driveThruAvailable><language>English</language><taxReference>EV1zRlAF</taxReference><operations /></restaurantConfig>