<restaurantConfig><name>tnhIHsEV2A</name><location><city>Columbus</city><zipcode>37458</zipcode></location><currency>USD</currency><timezone>EST</timezone><menu><category><name>Burgers</name><item><name>Big Mac</name><price>6.89</price></item></category><category><name>Chicken &amp; Sandwiches</name><item><name>McChicken Deluxe</name><price>9.35</price></item><item><name>Artisan Grilled Chicken Sandwich</name><price>6.28</price></item><item><name>Spicy McChicken</name><price>5.55</price></item></category><category><name>Salads</name><item><name>Bacon Ranch Salad</name><price>5.2</price></item><item><name>Southwest Grilled Chicken Salad</name><price>5.16</price></item><item><name>Side Salad</name><price>8.78</price></item></category><category><name>Breakfast</name><item><name>Sausage McMuffin</name><price>3.82</price></item><item><name>Hotcakes</name><price>6.88</price></item><item><name>Egg McMuffin</name><price>6.66</price></item><item><name>Hash Browns</name><price>6.06</price></item><item><name>Big Breakfast</name><price>3.71</price></item></category><category><name>Snacks &amp; Sides</name><item><name>French Fries</name><price>9.65</price></item><item><name>Apple Slices</name><price>2.07</price></item></category></menu><employees><employee><name>UHqvkXaa</name><position>Cashier</position><hourlyWage>9.56</hourlyWage></employee><employee><name>TAuYMcv7</name><position>Manager</position><hourlyWage>17.99</hourlyWage></employee><employee><name>sBQYofkv</name><position>Cook</position><hourlyWage>12.59</hourlyWage></employee><employee><name>0qBFtYSa</name><position>Manager</position><hourlyWage>16.05</hourlyWage></employee><employee><name>SD2lbpVr</name><position>Cashier</position><hourlyWage>18.82</hourlyWage></employee></employees><operatingHours><day><name>Monday</name><openingTime>09:00</openingTime><closingTime>22:00</closingTime></day><day><name>Tuesday</name><openingTime>09:00</openingTime><closingTime>22:00</closingTime></day><day><name>Wednesday</name><openingTime>09:00</openingTime><closingTime>22:00</closingTime></day><day><name>Thursday</name><openingTime>09:00</openingTime><closingTime>22:00</closingTime></day><day><name>Friday</name><openingTime>09:00</openingTime><closingTime>22:00</closingTime></day><day><name>Saturday</name><openingTime>09:00</openingTime><closingTime>22:00</closingTime></day><day><name>Sunday</name><openingTime>09:00</openingTime><closingTime>22:00</closingTime></day></operatingHours><onlineOrdering>true</onlineOrdering><loyaltyProgramEnabled>true</loyaltyProgramEnabled><driveThruAvailable>false</driveThruAvailable><language>Spanish</language><taxReference>jsYimIEd</taxReference><operations /></restaurantConfig>