<restaurantConfig><name>mPzSLQYkWB</name><location><city>Las Vegas</city><zipcode>41481</zipcode></location><currency>USD</currency><timezone>EST</timezone><menu><category><name>Burgers</name><item><name>Big Mac</name><price>3.83</price></item><item><name>McDouble</name><price>9.25</price></item><item><name>McChicken</name><price>6.52</price></item><item><name>Quarter Pounder with Cheese</name><price>3.12</price></item></category><category><name>Salads</name><item><name>Southwest Grilled Chicken Salad</name><price>5.93</price></item><item><name>Bacon Ranch Salad</name><price>4.19</price></item></category><category><name>Breakfast</name><item><name>Hash Browns</name><price>1.52</price></item><item><name>Sausage McMuffin</name><price>2.4</price></item><item><name>Egg McMuffin</name><price>8.77</price></item><item><name>Hotcakes</name><price>3.5</price></item></category></menu><employees><employee><name>oDwt45KE</name><position>Waiter</position><hourlyWage>9.74</hourlyWage></employee><employee><name>EHeOjTzD</name><position>Waiter</position><hourlyWage>16.95</hourlyWage></employee><employee><name>ez9ir090</name><position>Cook</position><hourlyWage>15.64</hourlyWage></employee><employee><name>3KSWHqxI</name><position>Waiter</position><hourlyWage>18.63</hourlyWage></employee><employee><name>xrrWyxf9</name><position>Waiter</position><hourlyWage>15.03</hourlyWage></employee><employee><name>Kamv9hqU</name><position>Cook</position><hourlyWage>18.37</hourlyWage></employee><employee><name>B1FH5sFE</name><position>Manager</position><hourlyWage>17.08</hourlyWage></employee><employee><name>ZhyekKU9</name><position>Manager</position><hourlyWage>19.22</hourlyWage></employee><employee><name>36YV6MJf</name><position>Manager</position><hourlyWage>17.92</hourlyWage></employee><employee><name>W9LuyN5B</name><position>Cook</position><hourlyWage>11.51</hourlyWage></employee></employees><operatingHours><day><name>Monday</name><openingTime>09:00</openingTime><closingTime>22:00</closingTime></day><day><name>Tuesday</name><openingTime>09:00</openingTime><closingTime>22:00</closingTime></day><day><name>Wednesday</name><openingTime>09:00</openingTime><closingTime>22:00</closingTime></day><day><name>Thursday</name><openingTime>09:00</openingTime><closingTime>22:00</closingTime></day><day><name>Friday</name><openingTime>09:00</openingTime><closingTime>22:00</closingTime></day><day><name>Saturday</name><openingTime>09:00</openingTime><closingTime>22:00</closingTime></day><day><name>Sunday</name><openingTime>09:00</openingTime><closingTime>22:00</closingTime></day></operatingHours><onlineOrdering>true</onlineOrdering><loyaltyProgramEnabled>true</loyaltyProgramEnabled><driveThruAvailable>false</driveThruAvailable><language>German</language><taxReference>zeQrFgWe</taxReference><operations /></restaurantConfig>