<restaurantConfig><name>0rCJdZS98x</name><location><city>Raleigh</city><zipcode>97673</zipcode></location><currency>USD</currency><timezone>EST</timezone><menu><category><name>Chicken &amp; Sandwiches</name><item><name>Buttermilk Crispy Chicken Sandwich</name><price>6.45</price></item><item><name>Spicy McChicken</name><price>5.31</price></item><item><name>McChicken Deluxe</name><price>4.98</price></item></category><category><name>Breakfast</name><item><name>Sausage McMuffin</name><price>4.22</price></item><item><name>Hash Browns</name><price>7.19</price></item></category><category><name>Snacks &amp; Sides</name><item><name>Apple Slices</name><price>9.59</price></item></category></menu><employees><employee><name>Ta9IPtkh</name><position>Cook</position><hourlyWage>19.82</hourlyWage></employee><employee><name>q2LCsfa6</name><position>Cook</position><hourlyWage>17.66</hourlyWage></employee><employee><name>HnSx3Npa</name><position>Cashier</position><hourlyWage>8.34</hourlyWage></employee><employee><name>uFsNvlqV</name><position>Manager</position><hourlyWage>11.62</hourlyWage></employee><employee><name>hVD8ENdC</name><position>Manager</position><hourlyWage>12.41</hourlyWage></employee><employee><name>iX9bYNgr</name><position>Cook</position><hourlyWage>19.54</hourlyWage></employee><employee><name>6w18V8iZ</name><position>Manager</position><hourlyWage>11.53</hourlyWage></employee><employee><name>yaVJl4oI</name><position>Cook</position><hourlyWage>19.8</hourlyWage></employee><employee><name>W0VzwCOD</name><position>Waiter</position><hourlyWage>12.38</hourlyWage></employee></employees><operatingHours><day><name>Monday</name><openingTime>09:00</openingTime><closingTime>22:00</closingTime></day><day><name>Tuesday</name><openingTime>09:00</openingTime><closingTime>22:00</closingTime></day><day><name>Wednesday</name><openingTime>09:00</openingTime><closingTime>22:00</closingTime></day><day><name>Thursday</name><openingTime>09:00</openingTime><closingTime>22:00</closingTime></day><day><name>Friday</name><openingTime>09:00</openingTime><closingTime>22:00</closingTime></day><day><name>Saturday</name><openingTime>09:00</openingTime><closingTime>22:00</closingTime></day><day><name>Sunday</name><openingTime>09:00</openingTime><closingTime>22:00</closingTime></day></operatingHours><onlineOrdering>true</onlineOrdering><loyaltyProgramEnabled>false</loyaltyProgramEnabled><driveThruAvailable>false</driveThruAvailable><language>French</language><taxReference>ZYEw1ieU</taxReference><operations /></restaurantConfig>