<restaurantConfig><name>nzM6YZraHY</name><location><city>San Jose</city><zipcode>35731</zipcode></location><currency>USD</currency><timezone>EST</timezone><menu><category><name>Burgers</name><item><name>McChicken</name><price>7.84</price></item></category><category><name>Chicken &amp; Sandwiches</name><item><name>Artisan Grilled Chicken Sandwich</name><price>2.87</price></item><item><name>McChicken Deluxe</name><price>1.58</price></item></category><category><name>Snacks &amp; Sides</name><item><name>French Fries</name><price>9.1</price></item><item><name>Apple Slices</name><price>8.58</price></item></category></menu><employees><employee><name>tbQoRnFI</name><position>Cook</position><hourlyWage>10.0</hourlyWage></employee><employee><name>Cky1NBGX</name><position>Waiter</position><hourlyWage>12.85</hourlyWage></employee><employee><name>pnpNVffR</name><position>Cook</position><hourlyWage>19.53</hourlyWage></employee><employee><name>5WmP9CU3</name><position>Manager</position><hourlyWage>10.19</hourlyWage></employee><employee><name>oVSKZ9Po</name><position>Cashier</position><hourlyWage>10.06</hourlyWage></employee><employee><name>C6lBg4HC</name><position>Waiter</position><hourlyWage>17.48</hourlyWage></employee><employee><name>6CgEcER4</name><position>Cook</position><hourlyWage>11.2</hourlyWage></employee><employee><name>hNVdeOtw</name><position>Waiter</position><hourlyWage>8.52</hourlyWage></employee></employees><operatingHours><day><name>Monday</name><openingTime>09:00</openingTime><closingTime>22:00</closingTime></day><day><name>Tuesday</name><openingTime>09:00</openingTime><closingTime>22:00</closingTime></day><day><name>Wednesday</name><openingTime>09:00</openingTime><closingTime>22:00</closingTime></day><day><name>Thursday</name><openingTime>09:00</openingTime><closingTime>22:00</closingTime></day><day><name>Friday</name><openingTime>09:00</openingTime><closingTime>22:00</closingTime></day><day><name>Saturday</name><openingTime>09:00</openingTime><closingTime>22:00</closingTime></day><day><name>Sunday</name><openingTime>09:00</openingTime><closingTime>22:00</closingTime></day></operatingHours><onlineOrdering>true</onlineOrdering><loyaltyProgramEnabled>false</loyaltyProgramEnabled><driveThruAvailable>true</driveThruAvailable><language>English</language><taxReference>qrm18ISS</taxReference><operations /></restaurantConfig>