<restaurantConfig><name>oP7LrS0biG</name><location><city>San Francisco</city><zipcode>70126</zipcode></location><currency>USD</currency><timezone>EST</timezone><menu><category><name>Chicken &amp; Sandwiches</name><item><name>Artisan Grilled Chicken Sandwich</name><price>8.99</price></item><item><name>McChicken Deluxe</name><price>9.3</price></item><item><name>Spicy McChicken</name><price>2.03</price></item><item><name>Buttermilk Crispy Chicken Sandwich</name><price>6.67</price></item></category><category><name>Salads</name><item><name>Side Salad</name><price>4.99</price></item></category><category><name>Breakfast</name><item><name>Egg McMuffin</name><price>1.74</price></item><item><name>Hotcakes</name><price>5.75</price></item><item><name>Hash Browns</name><price>6.86</price></item><item><name>Sausage McMuffin</name><price>6.21</price></item></category></menu><employees><employee><name>ECGAuESQ</name><position>Manager</position><hourlyWage>16.16</hourlyWage></employee><employee><name>RQVmLyCT</name><position>Manager</position><hourlyWage>17.11</hourlyWage></employee><employee><name>cBDhkQpr</name><position>Waiter</position><hourlyWage>15.41</hourlyWage></employee><employee><name>ImeVYFXb</name><position>Manager</position><hourlyWage>12.74</hourlyWage></employee><employee><name>5JQO9Es5</name><position>Waiter</position><hourlyWage>18.28</hourlyWage></employee><employee><name>mqeNJpuR</name><position>Waiter</position><hourlyWage>18.59</hourlyWage></employee><employee><name>dYBOm69z</name><position>Waiter</position><hourlyWage>19.8</hourlyWage></employee><employee><name>IM222lpU</name><position>Cashier</position><hourlyWage>8.67</hourlyWage></employee><employee><name>kl1fI3rR</name><position>Waiter</position><hourlyWage>9.64</hourlyWage></employee><employee><name>2jS60V5U</name><position>Cook</position><hourlyWage>19.28</hourlyWage></employee></employees><operatingHours><day><name>Monday</name><openingTime>09:00</openingTime><closingTime>22:00</closingTime></day><day><name>Tuesday</name><openingTime>09:00</openingTime><closingTime>22:00</closingTime></day><day><name>Wednesday</name><openingTime>09:00</openingTime><closingTime>22:00</closingTime></day><day><name>Thursday</name><openingTime>09:00</openingTime><closingTime>22:00</closingTime></day><day><name>Friday</name><openingTime>09:00</openingTime><closingTime>22:00</closingTime></day><day><name>Saturday</name><openingTime>09:00</openingTime><closingTime>22:00</closingTime></day><day><name>Sunday</name><openingTime>09:00</openingTime><closingTime>22:00</closingTime></day></operatingHours><onlineOrdering>true</onlineOrdering><loyaltyProgramEnabled>false</loyaltyProgramEnabled><driveThruAvailable>true</driveThruAvailable><language>French</language><taxReference>DaZrcnxo</taxReference><operations /></restaurantConfig>