<restaurantConfig><name>1ghOncsgkw</name><location><city>Memphis</city><zipcode>92443</zipcode></location><currency>USD</currency><timezone>EST</timezone><menu><category><name>Burgers</name><item><name>McChicken</name><price>9.48</price></item><item><name>McDouble</name><price>8.99</price></item><item><name>Big Mac</name><price>6.43</price></item><item><name>Filet-O-Fish</name><price>1.38</price></item><item><name>Quarter Pounder with Cheese</name><price>4.72</price></item></category><category><name>Chicken &amp; Sandwiches</name><item><name>Spicy McChicken</name><price>3.71</price></item><item><name>Artisan Grilled Chicken Sandwich</name><price>6.71</price></item><item><name>McChicken Deluxe</name><price>8.57</price></item><item><name>Buttermilk Crispy Chicken Sandwich</name><price>8.9</price></item></category><category><name>Salads</name><item><name>Side Salad</name><price>2.32</price></item><item><name>Southwest Grilled Chicken Salad</name><price>5.67</price></item></category><category><name>Snacks &amp; Sides</name><item><name>French Fries</name><price>9.38</price></item><item><name>Apple Slices</name><price>4.71</price></item></category></menu><employees><employee><name>3G6qoWSL</name><position>Waiter</position><hourlyWage>14.72</hourlyWage></employee><employee><name>ykDmpUZQ</name><position>Cashier</position><hourlyWage>10.94</hourlyWage></employee><employee><name>78mv8pkn</name><position>Cashier</position><hourlyWage>8.79</hourlyWage></employee><employee><name>mHPKOy6w</name><position>Waiter</position><hourlyWage>8.63</hourlyWage></employee><employee><name>cYAQDfQD</name><position>Waiter</position><hourlyWage>14.12</hourlyWage></employee><employee><name>eiVepcam</name><position>Manager</position><hourlyWage>11.56</hourlyWage></employee><employee><name>Zpxw3TmO</name><position>Cook</position><hourlyWage>9.07</hourlyWage></employee><employee><name>dPsDDlcW</name><position>Manager</position><hourlyWage>9.16</hourlyWage></employee></employees><operatingHours><day><name>Monday</name><openingTime>09:00</openingTime><closingTime>22:00</closingTime></day><day><name>Tuesday</name><openingTime>09:00</openingTime><closingTime>22:00</closingTime></day><day><name>Wednesday</name><openingTime>09:00</openingTime><closingTime>22:00</closingTime></day><day><name>Thursday</name><openingTime>09:00</openingTime><closingTime>22:00</closingTime></day><day><name>Friday</name><openingTime>09:00</openingTime><closingTime>22:00</closingTime></day><day><name>Saturday</name><openingTime>09:00</openingTime><closingTime>22:00</closingTime></day><day><name>Sunday</name><openingTime>09:00</openingTime><closingTime>22:00</closingTime></day></operatingHours><onlineOrdering>false</onlineOrdering><loyaltyProgramEnabled>true</loyaltyProgramEnabled><driveThruAvailable>true</driveThruAvailable><language>Spanish</language><taxReference>5NQQyk47</taxReference><operations /></restaurantConfig>