<restaurantConfig><name>QTJHMZK4p9</name><location><city>Virginia Beach</city><zipcode>66175</zipcode></location><currency>USD</currency><timezone>EST</timezone><menu><category><name>Burgers</name><item><name>Big Mac</name><price>9.99</price></item><item><name>Quarter Pounder with Cheese</name><price>9.78</price></item></category><category><name>Chicken &amp; Sandwiches</name><item><name>Buttermilk Crispy Chicken Sandwich</name><price>5.05</price></item><item><name>McChicken Deluxe</name><price>6.38</price></item><item><name>Artisan Grilled Chicken Sandwich</name><price>7.41</price></item></category><category><name>Salads</name><item><name>Bacon Ranch Salad</name><price>8.34</price></item><item><name>Side Salad</name><price>6.78</price></item></category><category><name>Breakfast</name><item><name>Egg McMuffin</name><price>5.77</price></item><item><name>Big Breakfast</name><price>7.23</price></item><item><name>Hash Browns</name><price>9.69</price></item><item><name>Sausage McMuffin</name><price>4.71</price></item><item><name>Hotcakes</name><price>9.0</price></item></category></menu><employees><employee><name>OJNl0Wlx</name><position>Manager</position><hourlyWage>19.39</hourlyWage></employee><employee><name>WA5bPuVr</name><position>Manager</position><hourlyWage>19.75</hourlyWage></employee><employee><name>CDS9LI2I</name><position>Cook</position><hourlyWage>18.81</hourlyWage></employee><employee><name>ou7xv18d</name><position>Cashier</position><hourlyWage>18.01</hourlyWage></employee><employee><name>I5ndtSYK</name><position>Cook</position><hourlyWage>11.53</hourlyWage></employee></employees><operatingHours><day><name>Monday</name><openingTime>09:00</openingTime><closingTime>22:00</closingTime></day><day><name>Tuesday</name><openingTime>09:00</openingTime><closingTime>22:00</closingTime></day><day><name>Wednesday</name><openingTime>09:00</openingTime><closingTime>22:00</closingTime></day><day><name>Thursday</name><openingTime>09:00</openingTime><closingTime>22:00</closingTime></day><day><name>Friday</name><openingTime>09:00</openingTime><closingTime>22:00</closingTime></day><day><name>Saturday</name><openingTime>09:00</openingTime><closingTime>22:00</closingTime></day><day><name>Sunday</name><openingTime>09:00</openingTime><closingTime>22:00</closingTime></day></operatingHours><onlineOrdering>true</onlineOrdering><loyaltyProgramEnabled>true</loyaltyProgramEnabled><driveThruAvailable>false</driveThruAvailable><language>French</language><taxReference>2NH76WPS</taxReference><operations /></restaurantConfig>