<restaurantConfig><name>q1T9klY7nr</name><location><city>Oklahoma City</city><zipcode>76981</zipcode></location><currency>USD</currency><timezone>EST</timezone><menu><category><name>Burgers</name><item><name>Filet-O-Fish</name><price>9.6</price></item><item><name>Quarter Pounder with Cheese</name><price>2.24</price></item><item><name>McDouble</name><price>8.23</price></item><item><name>Big Mac</name><price>8.2</price></item></category><category><name>Chicken &amp; Sandwiches</name><item><name>Artisan Grilled Chicken Sandwich</name><price>4.61</price></item><item><name>Buttermilk Crispy Chicken Sandwich</name><price>3.51</price></item><item><name>Spicy McChicken</name><price>1.4</price></item><item><name>McChicken Deluxe</name><price>8.57</price></item></category><category><name>Salads</name><item><name>Southwest Grilled Chicken Salad</name><price>3.25</price></item><item><name>Side Salad</name><price>5.14</price></item></category><category><name>Breakfast</name><item><name>Hash Browns</name><price>6.86</price></item><item><name>Hotcakes</name><price>9.99</price></item><item><name>Egg McMuffin</name><price>8.01</price></item></category><category><name>Snacks &amp; Sides</name><item><name>McNuggets</name><price>2.16</price></item></category></menu><employees><employee><name>EpvXoXj8</name><position>Waiter</position><hourlyWage>19.09</hourlyWage></employee><employee><name>5GLZCetb</name><position>Manager</position><hourlyWage>12.13</hourlyWage></employee><employee><name>c6k11Bia</name><position>Waiter</position><hourlyWage>13.84</hourlyWage></employee><employee><name>h19K5d7M</name><position>Manager</position><hourlyWage>13.96</hourlyWage></employee><employee><name>dgeLlYYV</name><position>Cook</position><hourlyWage>10.36</hourlyWage></employee><employee><name>juakD5z4</name><position>Cashier</position><hourlyWage>9.3</hourlyWage></employee><employee><name>Og0b6EHl</name><position>Cashier</position><hourlyWage>8.89</hourlyWage></employee><employee><name>bqk78amv</name><position>Cashier</position><hourlyWage>16.03</hourlyWage></employee><employee><name>Rsg5mq3n</name><position>Cook</position><hourlyWage>14.47</hourlyWage></employee><employee><name>myYRMCNm</name><position>Manager</position><hourlyWage>15.22</hourlyWage></employee></employees><operatingHours><day><name>Monday</name><openingTime>09:00</openingTime><closingTime>22:00</closingTime></day><day><name>Tuesday</name><openingTime>09:00</openingTime><closingTime>22:00</closingTime></day><day><name>Wednesday</name><openingTime>09:00</openingTime><closingTime>22:00</closingTime></day><day><name>Thursday</name><openingTime>09:00</openingTime><closingTime>22:00</closingTime></day><day><name>Friday</name><openingTime>09:00</openingTime><closingTime>22:00</closingTime></day><day><name>Saturday</name><openingTime>09:00</openingTime><closingTime>22:00</closingTime></day><day><name>Sunday</name><openingTime>09:00</openingTime><closingTime>22:00</closingTime></day></operatingHours><onlineOrdering>false</onlineOrdering><loyaltyProgramEnabled>true</loyaltyProgramEnabled><driveThruAvailable>true</driveThruAvailable><language>English</language><taxReference>zS3YO30T</taxReference><operations /></restaurantConfig>