<restaurantConfig><name>p1GO7pkTs2</name><location><city>Albuquerque</city><zipcode>20609</zipcode></location><currency>USD</currency><timezone>EST</timezone><menu><category><name>Chicken &amp; Sandwiches</name><item><name>Artisan Grilled Chicken Sandwich</name><price>7.87</price></item></category><category><name>Salads</name><item><name>Bacon Ranch Salad</name><price>2.13</price></item></category><category><name>Snacks &amp; Sides</name><item><name>Apple Slices</name><price>9.61</price></item><item><name>McNuggets</name><price>6.12</price></item><item><name>French Fries</name><price>6.21</price></item></category></menu><employees><employee><name>MMftw9NA</name><position>Manager</position><hourlyWage>15.31</hourlyWage></employee><employee><name>kWad7mRO</name><position>Cook</position><hourlyWage>8.9</hourlyWage></employee><employee><name>JE8Poxrh</name><position>Cashier</position><hourlyWage>9.62</hourlyWage></employee><employee><name>SqAMtdfk</name><position>Cook</position><hourlyWage>19.57</hourlyWage></employee></employees><operatingHours><day><name>Monday</name><openingTime>09:00</openingTime><closingTime>22:00</closingTime></day><day><name>Tuesday</name><openingTime>09:00</openingTime><closingTime>22:00</closingTime></day><day><name>Wednesday</name><openingTime>09:00</openingTime><closingTime>22:00</closingTime></day><day><name>Thursday</name><openingTime>09:00</openingTime><closingTime>22:00</closingTime></day><day><name>Friday</name><openingTime>09:00</openingTime><closingTime>22:00</closingTime></day><day><name>Saturday</name><openingTime>09:00</openingTime><closingTime>22:00</closingTime></day><day><name>Sunday</name><openingTime>09:00</openingTime><closingTime>22:00</closingTime></day></operatingHours><onlineOrdering>false</onlineOrdering><loyaltyProgramEnabled>false</loyaltyProgramEnabled><driveThruAvailable>false</driveThruAvailable><language>French</language><taxReference>95veA512</taxReference><operations /></restaurantConfig>