<restaurantConfig><name>rYvIPIBZo3</name><location><city>Nashville</city><zipcode>83536</zipcode></location><currency>USD</currency><timezone>EST</timezone><menu><category><name>Salads</name><item><name>Southwest Grilled Chicken Salad</name><price>1.05</price></item></category><category><name>Snacks &amp; Sides</name><item><name>McNuggets</name><price>3.6</price></item><item><name>Apple Slices</name><price>5.31</price></item></category></menu><employees><employee><name>GKgot3BD</name><position>Cashier</position><hourlyWage>13.93</hourlyWage></employee><employee><name>jupgVDsO</name><position>Cook</position><hourlyWage>10.92</hourlyWage></employee><employee><name>C9Rr1cFb</name><position>Cook</position><hourlyWage>19.05</hourlyWage></employee><employee><name>cwZWdPlE</name><position>Waiter</position><hourlyWage>14.37</hourlyWage></employee><employee><name>Lds2zPqc</name><position>Manager</position><hourlyWage>11.29</hourlyWage></employee></employees><operatingHours><day><name>Monday</name><openingTime>09:00</openingTime><closingTime>22:00</closingTime></day><day><name>Tuesday</name><openingTime>09:00</openingTime><closingTime>22:00</closingTime></day><day><name>Wednesday</name><openingTime>09:00</openingTime><closingTime>22:00</closingTime></day><day><name>Thursday</name><openingTime>09:00</openingTime><closingTime>22:00</closingTime></day><day><name>Friday</name><openingTime>09:00</openingTime><closingTime>22:00</closingTime></day><day><name>Saturday</name><openingTime>09:00</openingTime><closingTime>22:00</closingTime></day><day><name>Sunday</name><openingTime>09:00</openingTime><closingTime>22:00</closingTime></day></operatingHours><onlineOrdering>true</onlineOrdering><loyaltyProgramEnabled>false</loyaltyProgramEnabled><driveThruAvailable>true</driveThruAvailable><language>French</language><taxReference>1keoeBsk</taxReference><operations /></restaurantConfig>