<restaurantConfig><name>zOljpXe3m9</name><location><city>Boston</city><zipcode>11797</zipcode></location><currency>USD</currency><timezone>EST</timezone><menu><category><name>Chicken &amp; Sandwiches</name><item><name>Buttermilk Crispy Chicken Sandwich</name><price>3.44</price></item><item><name>Spicy McChicken</name><price>1.09</price></item><item><name>McChicken Deluxe</name><price>3.56</price></item><item><name>Artisan Grilled Chicken Sandwich</name><price>9.42</price></item></category><category><name>Salads</name><item><name>Side Salad</name><price>9.61</price></item><item><name>Bacon Ranch Salad</name><price>6.41</price></item><item><name>Southwest Grilled Chicken Salad</name><price>7.69</price></item></category></menu><employees><employee><name>nVpCgYcu</name><position>Waiter</position><hourlyWage>8.33</hourlyWage></employee></employees><operatingHours><day><name>Monday</name><openingTime>09:00</openingTime><closingTime>22:00</closingTime></day><day><name>Tuesday</name><openingTime>09:00</openingTime><closingTime>22:00</closingTime></day><day><name>Wednesday</name><openingTime>09:00</openingTime><closingTime>22:00</closingTime></day><day><name>Thursday</name><openingTime>09:00</openingTime><closingTime>22:00</closingTime></day><day><name>Friday</name><openingTime>09:00</openingTime><closingTime>22:00</closingTime></day><day><name>Saturday</name><openingTime>09:00</openingTime><closingTime>22:00</closingTime></day><day><name>Sunday</name><openingTime>09:00</openingTime><closingTime>22:00</closingTime></day></operatingHours><onlineOrdering>false</onlineOrdering><loyaltyProgramEnabled>false</loyaltyProgramEnabled><driveThruAvailable>false</driveThruAvailable><language>English</language><taxReference>ffomAcJr</taxReference><operations /></restaurantConfig>