<restaurantConfig><name>0hwuFs75Cf</name><location><city>Nashville</city><zipcode>52080</zipcode></location><currency>USD</currency><timezone>EST</timezone><menu><category><name>Salads</name><item><name>Side Salad</name><price>9.84</price></item><item><name>Southwest Grilled Chicken Salad</name><price>7.85</price></item></category><category><name>Breakfast</name><item><name>Hash Browns</name><price>2.11</price></item><item><name>Sausage McMuffin</name><price>4.02</price></item><item><name>Big Breakfast</name><price>9.89</price></item></category><category><name>Snacks &amp; Sides</name><item><name>McNuggets</name><price>2.6</price></item><item><name>French Fries</name><price>5.38</price></item><item><name>Apple Slices</name><price>7.96</price></item></category></menu><employees><employee><name>H8SBBJ3D</name><position>Cook</position><hourlyWage>14.03</hourlyWage></employee><employee><name>jqrdAT0o</name><position>Waiter</position><hourlyWage>18.61</hourlyWage></employee><employee><name>tjv4U5dd</name><position>Waiter</position><hourlyWage>15.46</hourlyWage></employee><employee><name>TkH91pwv</name><position>Waiter</position><hourlyWage>9.8</hourlyWage></employee><employee><name>1ob5OeAs</name><position>Cashier</position><hourlyWage>11.85</hourlyWage></employee><employee><name>yl6ObhUF</name><position>Cook</position><hourlyWage>12.23</hourlyWage></employee><employee><name>4HYoqhnH</name><position>Cashier</position><hourlyWage>17.53</hourlyWage></employee><employee><name>O6M9hTQn</name><position>Waiter</position><hourlyWage>12.79</hourlyWage></employee><employee><name>oCMSfPtm</name><position>Cashier</position><hourlyWage>16.0</hourlyWage></employee></employees><operatingHours><day><name>Monday</name><openingTime>09:00</openingTime><closingTime>22:00</closingTime></day><day><name>Tuesday</name><openingTime>09:00</openingTime><closingTime>22:00</closingTime></day><day><name>Wednesday</name><openingTime>09:00</openingTime><closingTime>22:00</closingTime></day><day><name>Thursday</name><openingTime>09:00</openingTime><closingTime>22:00</closingTime></day><day><name>Friday</name><openingTime>09:00</openingTime><closingTime>22:00</closingTime></day><day><name>Saturday</name><openingTime>09:00</openingTime><closingTime>22:00</closingTime></day><day><name>Sunday</name><openingTime>09:00</openingTime><closingTime>22:00</closingTime></day></operatingHours><onlineOrdering>true</onlineOrdering><loyaltyProgramEnabled>false</loyaltyProgramEnabled><driveThruAvailable>false</driveThruAvailable><language>French</language><taxReference>gfODYHZy</taxReference><operations /></restaurantConfig>