<restaurantConfig><name>niVrgHZQvO</name><location><city>Albuquerque</city><zipcode>83670</zipcode></location><currency>USD</currency><timezone>EST</timezone><menu><category><name>Burgers</name><item><name>McDouble</name><price>2.17</price></item><item><name>McChicken</name><price>9.05</price></item><item><name>Big Mac</name><price>5.33</price></item><item><name>Quarter Pounder with Cheese</name><price>3.81</price></item><item><name>Filet-O-Fish</name><price>2.06</price></item></category><category><name>Chicken &amp; Sandwiches</name><item><name>McChicken Deluxe</name><price>1.29</price></item><item><name>Artisan Grilled Chicken Sandwich</name><price>7.3</price></item><item><name>Spicy McChicken</name><price>6.23</price></item><item><name>Buttermilk Crispy Chicken Sandwich</name><price>5.56</price></item></category></menu><employees><employee><name>JwwHZ4HB</name><position>Cashier</position><hourlyWage>11.04</hourlyWage></employee><employee><name>aHmoSXwZ</name><position>Cook</position><hourlyWage>13.76</hourlyWage></employee><employee><name>pew2OeN8</name><position>Waiter</position><hourlyWage>11.2</hourlyWage></employee><employee><name>W2b9ie3r</name><position>Cook</position><hourlyWage>11.53</hourlyWage></employee></employees><operatingHours><day><name>Monday</name><openingTime>09:00</openingTime><closingTime>22:00</closingTime></day><day><name>Tuesday</name><openingTime>09:00</openingTime><closingTime>22:00</closingTime></day><day><name>Wednesday</name><openingTime>09:00</openingTime><closingTime>22:00</closingTime></day><day><name>Thursday</name><openingTime>09:00</openingTime><closingTime>22:00</closingTime></day><day><name>Friday</name><openingTime>09:00</openingTime><closingTime>22:00</closingTime></day><day><name>Saturday</name><openingTime>09:00</openingTime><closingTime>22:00</closingTime></day><day><name>Sunday</name><openingTime>09:00</openingTime><closingTime>22:00</closingTime></day></operatingHours><onlineOrdering>true</onlineOrdering><loyaltyProgramEnabled>false</loyaltyProgramEnabled><driveThruAvailable>false</driveThruAvailable><language>German</language><taxReference>yzvA0UzT</taxReference><operations /></restaurantConfig>