<restaurantConfig><name>6CzS67TyIz</name><location><city>Tulsa</city><zipcode>51783</zipcode></location><currency>USD</currency><timezone>EST</timezone><menu><category><name>Burgers</name><item><name>Big Mac</name><price>5.28</price></item><item><name>McDouble</name><price>8.35</price></item></category><category><name>Chicken &amp; Sandwiches</name><item><name>McChicken Deluxe</name><price>3.84</price></item><item><name>Spicy McChicken</name><price>3.64</price></item></category><category><name>Salads</name><item><name>Side Salad</name><price>4.56</price></item></category><category><name>Breakfast</name><item><name>Hotcakes</name><price>5.79</price></item><item><name>Hash Browns</name><price>9.6</price></item><item><name>Big Breakfast</name><price>8.93</price></item><item><name>Egg McMuffin</name><price>9.08</price></item><item><name>Sausage McMuffin</name><price>8.48</price></item></category></menu><employees><employee><name>8IN8MBaD</name><position>Cook</position><hourlyWage>8.09</hourlyWage></employee><employee><name>4nRScM7e</name><position>Cook</position><hourlyWage>12.0</hourlyWage></employee><employee><name>pxQ4fhEs</name><position>Manager</position><hourlyWage>14.24</hourlyWage></employee><employee><name>jhjeJRiB</name><position>Waiter</position><hourlyWage>18.82</hourlyWage></employee><employee><name>iwOOuq4K</name><position>Waiter</position><hourlyWage>16.88</hourlyWage></employee><employee><name>eJLPNded</name><position>Cashier</position><hourlyWage>17.93</hourlyWage></employee><employee><name>bWyZE5Nr</name><position>Cook</position><hourlyWage>16.28</hourlyWage></employee><employee><name>q806y3Fi</name><position>Manager</position><hourlyWage>8.09</hourlyWage></employee><employee><name>glLHLNSE</name><position>Manager</position><hourlyWage>8.26</hourlyWage></employee></employees><operatingHours><day><name>Monday</name><openingTime>09:00</openingTime><closingTime>22:00</closingTime></day><day><name>Tuesday</name><openingTime>09:00</openingTime><closingTime>22:00</closingTime></day><day><name>Wednesday</name><openingTime>09:00</openingTime><closingTime>22:00</closingTime></day><day><name>Thursday</name><openingTime>09:00</openingTime><closingTime>22:00</closingTime></day><day><name>Friday</name><openingTime>09:00</openingTime><closingTime>22:00</closingTime></day><day><name>Saturday</name><openingTime>09:00</openingTime><closingTime>22:00</closingTime></day><day><name>Sunday</name><openingTime>09:00</openingTime><closingTime>22:00</closingTime></day></operatingHours><onlineOrdering>true</onlineOrdering><loyaltyProgramEnabled>true</loyaltyProgramEnabled><driveThruAvailable>true</driveThruAvailable><language>French</language><taxReference>q2P8xLH0</taxReference><operations /></restaurantConfig>