<restaurantConfig><name>Ryx3BeyHsZ</name><location><city>Louisville</city><zipcode>39289</zipcode></location><currency>USD</currency><timezone>EST</timezone><menu><category><name>Burgers</name><item><name>McChicken</name><price>3.26</price></item><item><name>Filet-O-Fish</name><price>6.59</price></item><item><name>McDouble</name><price>4.1</price></item><item><name>Quarter Pounder with Cheese</name><price>3.23</price></item><item><name>Big Mac</name><price>5.1</price></item></category></menu><employees><employee><name>FsZ9Z0IM</name><position>Manager</position><hourlyWage>11.5</hourlyWage></employee><employee><name>E2tJ4DHn</name><position>Cook</position><hourlyWage>13.01</hourlyWage></employee><employee><name>tfiARUIp</name><position>Manager</position><hourlyWage>11.54</hourlyWage></employee><employee><name>GYY6I1HJ</name><position>Cook</position><hourlyWage>15.85</hourlyWage></employee><employee><name>bgyBeec3</name><position>Waiter</position><hourlyWage>8.77</hourlyWage></employee></employees><operatingHours><day><name>Monday</name><openingTime>09:00</openingTime><closingTime>22:00</closingTime></day><day><name>Tuesday</name><openingTime>09:00</openingTime><closingTime>22:00</closingTime></day><day><name>Wednesday</name><openingTime>09:00</openingTime><closingTime>22:00</closingTime></day><day><name>Thursday</name><openingTime>09:00</openingTime><closingTime>22:00</closingTime></day><day><name>Friday</name><openingTime>09:00</openingTime><closingTime>22:00</closingTime></day><day><name>Saturday</name><openingTime>09:00</openingTime><closingTime>22:00</closingTime></day><day><name>Sunday</name><openingTime>09:00</openingTime><closingTime>22:00</closingTime></day></operatingHours><onlineOrdering>true</onlineOrdering><loyaltyProgramEnabled>true</loyaltyProgramEnabled><driveThruAvailable>false</driveThruAvailable><language>English</language><taxReference>bADqRtUP</taxReference><operations /></restaurantConfig>