<restaurantConfig><name>tWe7jGC4Us</name><location><city>Memphis</city><zipcode>26403</zipcode></location><currency>USD</currency><timezone>EST</timezone><menu><category><name>Burgers</name><item><name>Quarter Pounder with Cheese</name><price>7.72</price></item><item><name>McDouble</name><price>8.57</price></item><item><name>McChicken</name><price>9.51</price></item><item><name>Big Mac</name><price>3.98</price></item></category><category><name>Salads</name><item><name>Side Salad</name><price>1.96</price></item></category><category><name>Breakfast</name><item><name>Big Breakfast</name><price>3.1</price></item><item><name>Hotcakes</name><price>4.97</price></item><item><name>Hash Browns</name><price>8.29</price></item></category></menu><employees><employee><name>eSYrsaj7</name><position>Cashier</position><hourlyWage>12.21</hourlyWage></employee><employee><name>eW3pEp2j</name><position>Manager</position><hourlyWage>13.8</hourlyWage></employee><employee><name>mLr3uyzu</name><position>Manager</position><hourlyWage>16.38</hourlyWage></employee><employee><name>c30rOoNb</name><position>Manager</position><hourlyWage>17.77</hourlyWage></employee><employee><name>GUwC1WgH</name><position>Waiter</position><hourlyWage>17.52</hourlyWage></employee><employee><name>lwFEpsdc</name><position>Manager</position><hourlyWage>9.51</hourlyWage></employee></employees><operatingHours><day><name>Monday</name><openingTime>09:00</openingTime><closingTime>22:00</closingTime></day><day><name>Tuesday</name><openingTime>09:00</openingTime><closingTime>22:00</closingTime></day><day><name>Wednesday</name><openingTime>09:00</openingTime><closingTime>22:00</closingTime></day><day><name>Thursday</name><openingTime>09:00</openingTime><closingTime>22:00</closingTime></day><day><name>Friday</name><openingTime>09:00</openingTime><closingTime>22:00</closingTime></day><day><name>Saturday</name><openingTime>09:00</openingTime><closingTime>22:00</closingTime></day><day><name>Sunday</name><openingTime>09:00</openingTime><closingTime>22:00</closingTime></day></operatingHours><onlineOrdering>false</onlineOrdering><loyaltyProgramEnabled>true</loyaltyProgramEnabled><driveThruAvailable>true</driveThruAvailable><language>English</language><taxReference>486U4vu4</taxReference><operations /></restaurantConfig>