<restaurantConfig><name>jOWgudciAW</name><location><city>Minneapolis</city><zipcode>48213</zipcode></location><currency>USD</currency><timezone>EST</timezone><menu><category><name>Breakfast</name><item><name>Big Breakfast</name><price>1.45</price></item></category></menu><employees><employee><name>ULeUpEix</name><position>Cashier</position><hourlyWage>15.98</hourlyWage></employee><employee><name>erkB1Zpl</name><position>Cashier</position><hourlyWage>18.51</hourlyWage></employee><employee><name>lvZe4nc9</name><position>Manager</position><hourlyWage>17.01</hourlyWage></employee><employee><name>yBkbZt2s</name><position>Manager</position><hourlyWage>15.87</hourlyWage></employee><employee><name>5cdaejBk</name><position>Waiter</position><hourlyWage>11.2</hourlyWage></employee><employee><name>my02LjoS</name><position>Cashier</position><hourlyWage>17.71</hourlyWage></employee><employee><name>l4EJboZf</name><position>Cashier</position><hourlyWage>15.46</hourlyWage></employee></employees><operatingHours><day><name>Monday</name><openingTime>09:00</openingTime><closingTime>22:00</closingTime></day><day><name>Tuesday</name><openingTime>09:00</openingTime><closingTime>22:00</closingTime></day><day><name>Wednesday</name><openingTime>09:00</openingTime><closingTime>22:00</closingTime></day><day><name>Thursday</name><openingTime>09:00</openingTime><closingTime>22:00</closingTime></day><day><name>Friday</name><openingTime>09:00</openingTime><closingTime>22:00</closingTime></day><day><name>Saturday</name><openingTime>09:00</openingTime><closingTime>22:00</closingTime></day><day><name>Sunday</name><openingTime>09:00</openingTime><closingTime>22:00</closingTime></day></operatingHours><onlineOrdering>true</onlineOrdering><loyaltyProgramEnabled>true</loyaltyProgramEnabled><driveThruAvailable>true</driveThruAvailable><language>French</language><taxReference>3XYe8SW8</taxReference><operations /></restaurantConfig>