<restaurantConfig><name>xvzgZpL3y5</name><location><city>Nashville</city><zipcode>86616</zipcode></location><currency>USD</currency><timezone>EST</timezone><menu><category><name>Burgers</name><item><name>Quarter Pounder with Cheese</name><price>9.52</price></item><item><name>Big Mac</name><price>4.48</price></item><item><name>McChicken</name><price>9.99</price></item></category><category><name>Chicken &amp; Sandwiches</name><item><name>Spicy McChicken</name><price>8.03</price></item><item><name>McChicken Deluxe</name><price>5.93</price></item><item><name>Artisan Grilled Chicken Sandwich</name><price>5.23</price></item><item><name>Buttermilk Crispy Chicken Sandwich</name><price>7.02</price></item></category><category><name>Salads</name><item><name>Bacon Ranch Salad</name><price>3.35</price></item><item><name>Southwest Grilled Chicken Salad</name><price>2.87</price></item></category></menu><employees><employee><name>PHWzdwjB</name><position>Cashier</position><hourlyWage>16.19</hourlyWage></employee><employee><name>3f5A3DT3</name><position>Cook</position><hourlyWage>9.72</hourlyWage></employee><employee><name>0b89jMBl</name><position>Cashier</position><hourlyWage>19.72</hourlyWage></employee></employees><operatingHours><day><name>Monday</name><openingTime>09:00</openingTime><closingTime>22:00</closingTime></day><day><name>Tuesday</name><openingTime>09:00</openingTime><closingTime>22:00</closingTime></day><day><name>Wednesday</name><openingTime>09:00</openingTime><closingTime>22:00</closingTime></day><day><name>Thursday</name><openingTime>09:00</openingTime><closingTime>22:00</closingTime></day><day><name>Friday</name><openingTime>09:00</openingTime><closingTime>22:00</closingTime></day><day><name>Saturday</name><openingTime>09:00</openingTime><closingTime>22:00</closingTime></day><day><name>Sunday</name><openingTime>09:00</openingTime><closingTime>22:00</closingTime></day></operatingHours><onlineOrdering>true</onlineOrdering><loyaltyProgramEnabled>false</loyaltyProgramEnabled><driveThruAvailable>false</driveThruAvailable><language>German</language><taxReference>Ur2z5rxQ</taxReference><operations /></restaurantConfig>