<restaurantConfig><name>ve6CD6R5BU</name><location><city>Raleigh</city><zipcode>26758</zipcode></location><currency>USD</currency><timezone>EST</timezone><menu><category><name>Salads</name><item><name>Bacon Ranch Salad</name><price>8.63</price></item><item><name>Southwest Grilled Chicken Salad</name><price>8.26</price></item></category><category><name>Snacks &amp; Sides</name><item><name>Apple Slices</name><price>6.65</price></item></category></menu><employees><employee><name>yfpuFuNG</name><position>Manager</position><hourlyWage>8.23</hourlyWage></employee><employee><name>yFgqrmHm</name><position>Manager</position><hourlyWage>8.39</hourlyWage></employee></employees><operatingHours><day><name>Monday</name><openingTime>09:00</openingTime><closingTime>22:00</closingTime></day><day><name>Tuesday</name><openingTime>09:00</openingTime><closingTime>22:00</closingTime></day><day><name>Wednesday</name><openingTime>09:00</openingTime><closingTime>22:00</closingTime></day><day><name>Thursday</name><openingTime>09:00</openingTime><closingTime>22:00</closingTime></day><day><name>Friday</name><openingTime>09:00</openingTime><closingTime>22:00</closingTime></day><day><name>Saturday</name><openingTime>09:00</openingTime><closingTime>22:00</closingTime></day><day><name>Sunday</name><openingTime>09:00</openingTime><closingTime>22:00</closingTime></day></operatingHours><onlineOrdering>true</onlineOrdering><loyaltyProgramEnabled>false</loyaltyProgramEnabled><driveThruAvailable>false</driveThruAvailable><language>French</language><taxReference>wSkKOhEn</taxReference><operations /></restaurantConfig>