<restaurantConfig><name>J62ar3E0u9</name><location><city>El Paso</city><zipcode>56421</zipcode></location><currency>USD</currency><timezone>EST</timezone><menu><category><name>Breakfast</name><item><name>Egg McMuffin</name><price>4.44</price></item><item><name>Hash Browns</name><price>2.31</price></item></category><category><name>Snacks &amp; Sides</name><item><name>French Fries</name><price>7.5</price></item></category></menu><employees><employee><name>ihEYF60k</name><position>Cashier</position><hourlyWage>10.76</hourlyWage></employee><employee><name>HfAA5Ho7</name><position>Manager</position><hourlyWage>11.23</hourlyWage></employee></employees><operatingHours><day><name>Monday</name><openingTime>09:00</openingTime><closingTime>22:00</closingTime></day><day><name>Tuesday</name><openingTime>09:00</openingTime><closingTime>22:00</closingTime></day><day><name>Wednesday</name><openingTime>09:00</openingTime><closingTime>22:00</closingTime></day><day><name>Thursday</name><openingTime>09:00</openingTime><closingTime>22:00</closingTime></day><day><name>Friday</name><openingTime>09:00</openingTime><closingTime>22:00</closingTime></day><day><name>Saturday</name><openingTime>09:00</openingTime><closingTime>22:00</closingTime></day><day><name>Sunday</name><openingTime>09:00</openingTime><closingTime>22:00</closingTime></day></operatingHours><onlineOrdering>true</onlineOrdering><loyaltyProgramEnabled>false</loyaltyProgramEnabled><driveThruAvailable>true</driveThruAvailable><language>Spanish</language><taxReference>qAHiBnda</taxReference><operations /></restaurantConfig>