<restaurantConfig><name>q8Av97B7bw</name><location><city>Sacramento</city><zipcode>12390</zipcode></location><currency>USD</currency><timezone>EST</timezone><menu /><employees><employee><name>hExuDI4g</name><position>Cook</position><hourlyWage>11.6</hourlyWage></employee><employee><name>Hb45d7Kk</name><position>Manager</position><hourlyWage>15.41</hourlyWage></employee><employee><name>gujYzKjz</name><position>Manager</position><hourlyWage>13.0</hourlyWage></employee><employee><name>779rRIeN</name><position>Cook</position><hourlyWage>18.09</hourlyWage></employee><employee><name>GsTNeUmo</name><position>Waiter</position><hourlyWage>17.01</hourlyWage></employee><employee><name>mpl8YueX</name><position>Waiter</position><hourlyWage>11.02</hourlyWage></employee></employees><operatingHours><day><name>Monday</name><openingTime>09:00</openingTime><closingTime>22:00</closingTime></day><day><name>Tuesday</name><openingTime>09:00</openingTime><closingTime>22:00</closingTime></day><day><name>Wednesday</name><openingTime>09:00</openingTime><closingTime>22:00</closingTime></day><day><name>Thursday</name><openingTime>09:00</openingTime><closingTime>22:00</closingTime></day><day><name>Friday</name><openingTime>09:00</openingTime><closingTime>22:00</closingTime></day><day><name>Saturday</name><openingTime>09:00</openingTime><closingTime>22:00</closingTime></day><day><name>Sunday</name><openingTime>09:00</openingTime><closingTime>22:00</closingTime></day></operatingHours><onlineOrdering>true</onlineOrdering><loyaltyProgramEnabled>true</loyaltyProgramEnabled><driveThruAvailable>true</driveThruAvailable><language>English</language><taxReference>RBaoH3Jn</taxReference><operations /></restaurantConfig>