<restaurantConfig><name>yznlv3RZkD</name><location><city>Detroit</city><zipcode>83879</zipcode></location><currency>USD</currency><timezone>EST</timezone><menu><category><name>Burgers</name><item><name>Quarter Pounder with Cheese</name><price>8.93</price></item><item><name>McDouble</name><price>9.72</price></item></category><category><name>Chicken &amp; Sandwiches</name><item><name>Artisan Grilled Chicken Sandwich</name><price>9.17</price></item><item><name>Spicy McChicken</name><price>4.75</price></item></category><category><name>Breakfast</name><item><name>Sausage McMuffin</name><price>2.9</price></item></category></menu><employees><employee><name>tZxZaw6i</name><position>Cashier</position><hourlyWage>19.31</hourlyWage></employee><employee><name>S4ZPnMlm</name><position>Cashier</position><hourlyWage>9.69</hourlyWage></employee><employee><name>YAi5Ivyv</name><position>Waiter</position><hourlyWage>18.17</hourlyWage></employee><employee><name>YwROJpyH</name><position>Cook</position><hourlyWage>13.64</hourlyWage></employee><employee><name>N32iB3Z8</name><position>Cook</position><hourlyWage>13.2</hourlyWage></employee><employee><name>wQTt0w5K</name><position>Waiter</position><hourlyWage>13.07</hourlyWage></employee></employees><operatingHours><day><name>Monday</name><openingTime>09:00</openingTime><closingTime>22:00</closingTime></day><day><name>Tuesday</name><openingTime>09:00</openingTime><closingTime>22:00</closingTime></day><day><name>Wednesday</name><openingTime>09:00</openingTime><closingTime>22:00</closingTime></day><day><name>Thursday</name><openingTime>09:00</openingTime><closingTime>22:00</closingTime></day><day><name>Friday</name><openingTime>09:00</openingTime><closingTime>22:00</closingTime></day><day><name>Saturday</name><openingTime>09:00</openingTime><closingTime>22:00</closingTime></day><day><name>Sunday</name><openingTime>09:00</openingTime><closingTime>22:00</closingTime></day></operatingHours><onlineOrdering>false</onlineOrdering><loyaltyProgramEnabled>true</loyaltyProgramEnabled><driveThruAvailable>true</driveThruAvailable><language>Spanish</language><taxReference>oNhZ2YWn</taxReference><operations /></restaurantConfig>