<restaurantConfig><name>yB6K75is90</name><location><city>Portland</city><zipcode>98216</zipcode></location><currency>USD</currency><timezone>EST</timezone><menu><category><name>Burgers</name><item><name>McDouble</name><price>8.78</price></item><item><name>Filet-O-Fish</name><price>3.33</price></item><item><name>Big Mac</name><price>3.77</price></item><item><name>Quarter Pounder with Cheese</name><price>4.64</price></item><item><name>McChicken</name><price>8.56</price></item></category><category><name>Chicken &amp; Sandwiches</name><item><name>Artisan Grilled Chicken Sandwich</name><price>6.52</price></item><item><name>Spicy McChicken</name><price>7.15</price></item><item><name>Buttermilk Crispy Chicken Sandwich</name><price>1.71</price></item></category><category><name>Salads</name><item><name>Southwest Grilled Chicken Salad</name><price>3.98</price></item><item><name>Bacon Ranch Salad</name><price>7.74</price></item></category></menu><employees><employee><name>W3uIjiwu</name><position>Cook</position><hourlyWage>10.33</hourlyWage></employee><employee><name>3iaA3cx9</name><position>Waiter</position><hourlyWage>19.64</hourlyWage></employee></employees><operatingHours><day><name>Monday</name><openingTime>09:00</openingTime><closingTime>22:00</closingTime></day><day><name>Tuesday</name><openingTime>09:00</openingTime><closingTime>22:00</closingTime></day><day><name>Wednesday</name><openingTime>09:00</openingTime><closingTime>22:00</closingTime></day><day><name>Thursday</name><openingTime>09:00</openingTime><closingTime>22:00</closingTime></day><day><name>Friday</name><openingTime>09:00</openingTime><closingTime>22:00</closingTime></day><day><name>Saturday</name><openingTime>09:00</openingTime><closingTime>22:00</closingTime></day><day><name>Sunday</name><openingTime>09:00</openingTime><closingTime>22:00</closingTime></day></operatingHours><onlineOrdering>false</onlineOrdering><loyaltyProgramEnabled>true</loyaltyProgramEnabled><driveThruAvailable>false</driveThruAvailable><language>French</language><taxReference>Jv8lRAC9</taxReference><operations /></restaurantConfig>