<restaurantConfig><name>xLVReS94vJ</name><location><city>Louisville</city><zipcode>40110</zipcode></location><currency>USD</currency><timezone>EST</timezone><menu><category><name>Burgers</name><item><name>Quarter Pounder with Cheese</name><price>2.44</price></item><item><name>McDouble</name><price>8.87</price></item><item><name>Filet-O-Fish</name><price>4.57</price></item><item><name>McChicken</name><price>7.54</price></item></category><category><name>Salads</name><item><name>Southwest Grilled Chicken Salad</name><price>6.21</price></item><item><name>Side Salad</name><price>9.7</price></item></category><category><name>Snacks &amp; Sides</name><item><name>Apple Slices</name><price>9.96</price></item><item><name>French Fries</name><price>5.63</price></item></category></menu><employees><employee><name>7TnBvNIt</name><position>Cook</position><hourlyWage>9.04</hourlyWage></employee><employee><name>pdEB4Wsb</name><position>Cashier</position><hourlyWage>13.86</hourlyWage></employee><employee><name>IV78BmBS</name><position>Waiter</position><hourlyWage>19.55</hourlyWage></employee><employee><name>8FOQ4kUg</name><position>Waiter</position><hourlyWage>17.58</hourlyWage></employee><employee><name>EDl4Yl2z</name><position>Waiter</position><hourlyWage>8.86</hourlyWage></employee></employees><operatingHours><day><name>Monday</name><openingTime>09:00</openingTime><closingTime>22:00</closingTime></day><day><name>Tuesday</name><openingTime>09:00</openingTime><closingTime>22:00</closingTime></day><day><name>Wednesday</name><openingTime>09:00</openingTime><closingTime>22:00</closingTime></day><day><name>Thursday</name><openingTime>09:00</openingTime><closingTime>22:00</closingTime></day><day><name>Friday</name><openingTime>09:00</openingTime><closingTime>22:00</closingTime></day><day><name>Saturday</name><openingTime>09:00</openingTime><closingTime>22:00</closingTime></day><day><name>Sunday</name><openingTime>09:00</openingTime><closingTime>22:00</closingTime></day></operatingHours><onlineOrdering>true</onlineOrdering><loyaltyProgramEnabled>false</loyaltyProgramEnabled><driveThruAvailable>true</driveThruAvailable><language>English</language><taxReference>45kspMB0</taxReference><operations /></restaurantConfig>