<restaurantConfig><name>0DQw6lCX3m</name><location><city>Baltimore</city><zipcode>23273</zipcode></location><currency>USD</currency><timezone>EST</timezone><menu><category><name>Burgers</name><item><name>Quarter Pounder with Cheese</name><price>5.71</price></item><item><name>McChicken</name><price>7.94</price></item><item><name>Big Mac</name><price>7.39</price></item></category><category><name>Chicken &amp; Sandwiches</name><item><name>McChicken Deluxe</name><price>6.96</price></item><item><name>Spicy McChicken</name><price>3.6</price></item><item><name>Artisan Grilled Chicken Sandwich</name><price>8.02</price></item></category><category><name>Salads</name><item><name>Bacon Ranch Salad</name><price>6.08</price></item><item><name>Side Salad</name><price>7.15</price></item><item><name>Southwest Grilled Chicken Salad</name><price>7.86</price></item></category><category><name>Snacks &amp; Sides</name><item><name>Apple Slices</name><price>6.79</price></item><item><name>French Fries</name><price>5.26</price></item></category></menu><employees><employee><name>znNX1v50</name><position>Manager</position><hourlyWage>19.13</hourlyWage></employee><employee><name>S24ESCXH</name><position>Waiter</position><hourlyWage>12.7</hourlyWage></employee></employees><operatingHours><day><name>Monday</name><openingTime>09:00</openingTime><closingTime>22:00</closingTime></day><day><name>Tuesday</name><openingTime>09:00</openingTime><closingTime>22:00</closingTime></day><day><name>Wednesday</name><openingTime>09:00</openingTime><closingTime>22:00</closingTime></day><day><name>Thursday</name><openingTime>09:00</openingTime><closingTime>22:00</closingTime></day><day><name>Friday</name><openingTime>09:00</openingTime><closingTime>22:00</closingTime></day><day><name>Saturday</name><openingTime>09:00</openingTime><closingTime>22:00</closingTime></day><day><name>Sunday</name><openingTime>09:00</openingTime><closingTime>22:00</closingTime></day></operatingHours><onlineOrdering>true</onlineOrdering><loyaltyProgramEnabled>false</loyaltyProgramEnabled><driveThruAvailable>false</driveThruAvailable><language>German</language><taxReference>se7lUNi5</taxReference><operations /></restaurantConfig>