<restaurantConfig><name>fT8Na5S6gb</name><location><city>New York</city><zipcode>88804</zipcode></location><currency>USD</currency><timezone>EST</timezone><menu><category><name>Burgers</name><item><name>McDouble</name><price>7.42</price></item><item><name>Big Mac</name><price>4.7</price></item><item><name>McChicken</name><price>6.55</price></item><item><name>Filet-O-Fish</name><price>6.43</price></item></category><category><name>Chicken &amp; Sandwiches</name><item><name>Spicy McChicken</name><price>8.82</price></item><item><name>Buttermilk Crispy Chicken Sandwich</name><price>9.68</price></item></category><category><name>Salads</name><item><name>Southwest Grilled Chicken Salad</name><price>7.8</price></item><item><name>Bacon Ranch Salad</name><price>4.98</price></item><item><name>Side Salad</name><price>5.73</price></item></category></menu><employees><employee><name>RxrcO6Sm</name><position>Cashier</position><hourlyWage>10.73</hourlyWage></employee><employee><name>V4bTZBSp</name><position>Cook</position><hourlyWage>13.78</hourlyWage></employee><employee><name>YD7cERgn</name><position>Cashier</position><hourlyWage>15.69</hourlyWage></employee><employee><name>cq8KFPfm</name><position>Cook</position><hourlyWage>19.56</hourlyWage></employee><employee><name>kWRGU6fV</name><position>Manager</position><hourlyWage>19.46</hourlyWage></employee><employee><name>Qadb5wVb</name><position>Cashier</position><hourlyWage>14.4</hourlyWage></employee><employee><name>CoNyDuB8</name><position>Cashier</position><hourlyWage>18.39</hourlyWage></employee></employees><operatingHours><day><name>Monday</name><openingTime>09:00</openingTime><closingTime>22:00</closingTime></day><day><name>Tuesday</name><openingTime>09:00</openingTime><closingTime>22:00</closingTime></day><day><name>Wednesday</name><openingTime>09:00</openingTime><closingTime>22:00</closingTime></day><day><name>Thursday</name><openingTime>09:00</openingTime><closingTime>22:00</closingTime></day><day><name>Friday</name><openingTime>09:00</openingTime><closingTime>22:00</closingTime></day><day><name>Saturday</name><openingTime>09:00</openingTime><closingTime>22:00</closingTime></day><day><name>Sunday</name><openingTime>09:00</openingTime><closingTime>22:00</closingTime></day></operatingHours><onlineOrdering>false</onlineOrdering><loyaltyProgramEnabled>true</loyaltyProgramEnabled><driveThruAvailable>true</driveThruAvailable><language>German</language><taxReference>bsh5EbZ7</taxReference><operations /></restaurantConfig>