<restaurantConfig><name>irabQB9Pth</name><location><city>Columbus</city><zipcode>25257</zipcode></location><currency>USD</currency><timezone>EST</timezone><menu><category><name>Chicken &amp; Sandwiches</name><item><name>McChicken Deluxe</name><price>2.22</price></item><item><name>Spicy McChicken</name><price>5.8</price></item><item><name>Buttermilk Crispy Chicken Sandwich</name><price>2.82</price></item><item><name>Artisan Grilled Chicken Sandwich</name><price>3.35</price></item></category><category><name>Salads</name><item><name>Side Salad</name><price>9.74</price></item><item><name>Bacon Ranch Salad</name><price>1.92</price></item><item><name>Southwest Grilled Chicken Salad</name><price>2.41</price></item></category><category><name>Breakfast</name><item><name>Big Breakfast</name><price>9.7</price></item><item><name>Hotcakes</name><price>6.83</price></item><item><name>Hash Browns</name><price>7.05</price></item></category></menu><employees><employee><name>xee0aiGy</name><position>Waiter</position><hourlyWage>12.34</hourlyWage></employee><employee><name>UM65s9RA</name><position>Manager</position><hourlyWage>18.22</hourlyWage></employee><employee><name>dMI663qX</name><position>Cook</position><hourlyWage>13.48</hourlyWage></employee><employee><name>DrQRWfON</name><position>Cook</position><hourlyWage>13.18</hourlyWage></employee><employee><name>oc3E71TW</name><position>Cook</position><hourlyWage>8.91</hourlyWage></employee><employee><name>wRwiLoOl</name><position>Waiter</position><hourlyWage>16.31</hourlyWage></employee></employees><operatingHours><day><name>Monday</name><openingTime>09:00</openingTime><closingTime>22:00</closingTime></day><day><name>Tuesday</name><openingTime>09:00</openingTime><closingTime>22:00</closingTime></day><day><name>Wednesday</name><openingTime>09:00</openingTime><closingTime>22:00</closingTime></day><day><name>Thursday</name><openingTime>09:00</openingTime><closingTime>22:00</closingTime></day><day><name>Friday</name><openingTime>09:00</openingTime><closingTime>22:00</closingTime></day><day><name>Saturday</name><openingTime>09:00</openingTime><closingTime>22:00</closingTime></day><day><name>Sunday</name><openingTime>09:00</openingTime><closingTime>22:00</closingTime></day></operatingHours><onlineOrdering>true</onlineOrdering><loyaltyProgramEnabled>false</loyaltyProgramEnabled><driveThruAvailable>false</driveThruAvailable><language>Spanish</language><taxReference>qW0Gi5RW</taxReference><operations /></restaurantConfig>