<restaurantConfig><name>IVlbGssQMn</name><location><city>Albuquerque</city><zipcode>71482</zipcode></location><currency>USD</currency><timezone>EST</timezone><menu><category><name>Chicken &amp; Sandwiches</name><item><name>Artisan Grilled Chicken Sandwich</name><price>5.64</price></item></category><category><name>Salads</name><item><name>Side Salad</name><price>1.8</price></item></category><category><name>Breakfast</name><item><name>Hotcakes</name><price>3.98</price></item><item><name>Big Breakfast</name><price>3.25</price></item></category></menu><employees><employee><name>TWLGuapn</name><position>Waiter</position><hourlyWage>17.6</hourlyWage></employee><employee><name>IYaNLIQe</name><position>Cook</position><hourlyWage>12.74</hourlyWage></employee><employee><name>I1xBz4Ql</name><position>Cashier</position><hourlyWage>11.08</hourlyWage></employee></employees><operatingHours><day><name>Monday</name><openingTime>09:00</openingTime><closingTime>22:00</closingTime></day><day><name>Tuesday</name><openingTime>09:00</openingTime><closingTime>22:00</closingTime></day><day><name>Wednesday</name><openingTime>09:00</openingTime><closingTime>22:00</closingTime></day><day><name>Thursday</name><openingTime>09:00</openingTime><closingTime>22:00</closingTime></day><day><name>Friday</name><openingTime>09:00</openingTime><closingTime>22:00</closingTime></day><day><name>Saturday</name><openingTime>09:00</openingTime><closingTime>22:00</closingTime></day><day><name>Sunday</name><openingTime>09:00</openingTime><closingTime>22:00</closingTime></day></operatingHours><onlineOrdering>false</onlineOrdering><loyaltyProgramEnabled>true</loyaltyProgramEnabled><driveThruAvailable>false</driveThruAvailable><language>French</language><taxReference>b5zoy7NW</taxReference><operations /></restaurantConfig>