<restaurantConfig><name>PWrnKtU1Eu</name><location><city>Sacramento</city><zipcode>53484</zipcode></location><currency>USD</currency><timezone>EST</timezone><menu><category><name>Chicken &amp; Sandwiches</name><item><name>Spicy McChicken</name><price>4.47</price></item><item><name>Artisan Grilled Chicken Sandwich</name><price>7.76</price></item><item><name>Buttermilk Crispy Chicken Sandwich</name><price>3.29</price></item><item><name>McChicken Deluxe</name><price>9.03</price></item></category><category><name>Salads</name><item><name>Southwest Grilled Chicken Salad</name><price>5.49</price></item><item><name>Bacon Ranch Salad</name><price>6.71</price></item><item><name>Side Salad</name><price>2.98</price></item></category><category><name>Breakfast</name><item><name>Egg McMuffin</name><price>4.13</price></item><item><name>Big Breakfast</name><price>1.99</price></item><item><name>Hash Browns</name><price>1.03</price></item><item><name>Sausage McMuffin</name><price>4.12</price></item><item><name>Hotcakes</name><price>1.49</price></item></category><category><name>Snacks &amp; Sides</name><item><name>Apple Slices</name><price>6.83</price></item><item><name>French Fries</name><price>2.57</price></item></category></menu><employees><employee><name>cMRuUMto</name><position>Cook</position><hourlyWage>18.38</hourlyWage></employee><employee><name>8kPTsgwy</name><position>Manager</position><hourlyWage>13.64</hourlyWage></employee><employee><name>gmppFBWW</name><position>Cook</position><hourlyWage>11.67</hourlyWage></employee><employee><name>18An9fx1</name><position>Waiter</position><hourlyWage>16.84</hourlyWage></employee><employee><name>kCuuLbdK</name><position>Manager</position><hourlyWage>10.78</hourlyWage></employee></employees><operatingHours><day><name>Monday</name><openingTime>09:00</openingTime><closingTime>22:00</closingTime></day><day><name>Tuesday</name><openingTime>09:00</openingTime><closingTime>22:00</closingTime></day><day><name>Wednesday</name><openingTime>09:00</openingTime><closingTime>22:00</closingTime></day><day><name>Thursday</name><openingTime>09:00</openingTime><closingTime>22:00</closingTime></day><day><name>Friday</name><openingTime>09:00</openingTime><closingTime>22:00</closingTime></day><day><name>Saturday</name><openingTime>09:00</openingTime><closingTime>22:00</closingTime></day><day><name>Sunday</name><openingTime>09:00</openingTime><closingTime>22:00</closingTime></day></operatingHours><onlineOrdering>false</onlineOrdering><loyaltyProgramEnabled>false</loyaltyProgramEnabled><driveThruAvailable>false</driveThruAvailable><language>French</language><taxReference>ZM9dBNXM</taxReference><operations /></restaurantConfig>