<restaurantConfig><name>CDvoh8lH8W</name><location><city>Louisville</city><zipcode>51021</zipcode></location><currency>USD</currency><timezone>EST</timezone><menu><category><name>Burgers</name><item><name>Big Mac</name><price>1.33</price></item><item><name>McChicken</name><price>7.23</price></item></category><category><name>Salads</name><item><name>Bacon Ranch Salad</name><price>1.47</price></item><item><name>Southwest Grilled Chicken Salad</name><price>6.65</price></item></category><category><name>Snacks &amp; Sides</name><item><name>McNuggets</name><price>3.02</price></item><item><name>French Fries</name><price>9.19</price></item><item><name>Apple Slices</name><price>9.88</price></item></category></menu><employees><employee><name>Tr4b5UUr</name><position>Waiter</position><hourlyWage>16.66</hourlyWage></employee><employee><name>TZvjBNKM</name><position>Cook</position><hourlyWage>15.67</hourlyWage></employee><employee><name>82yZwtKb</name><position>Manager</position><hourlyWage>11.45</hourlyWage></employee><employee><name>RG1ELi01</name><position>Manager</position><hourlyWage>14.57</hourlyWage></employee></employees><operatingHours><day><name>Monday</name><openingTime>09:00</openingTime><closingTime>22:00</closingTime></day><day><name>Tuesday</name><openingTime>09:00</openingTime><closingTime>22:00</closingTime></day><day><name>Wednesday</name><openingTime>09:00</openingTime><closingTime>22:00</closingTime></day><day><name>Thursday</name><openingTime>09:00</openingTime><closingTime>22:00</closingTime></day><day><name>Friday</name><openingTime>09:00</openingTime><closingTime>22:00</closingTime></day><day><name>Saturday</name><openingTime>09:00</openingTime><closingTime>22:00</closingTime></day><day><name>Sunday</name><openingTime>09:00</openingTime><closingTime>22:00</closingTime></day></operatingHours><onlineOrdering>true</onlineOrdering><loyaltyProgramEnabled>false</loyaltyProgramEnabled><driveThruAvailable>true</driveThruAvailable><language>French</language><taxReference>pvI4jIz8</taxReference><operations /></restaurantConfig>