<restaurantConfig><name>6AelaS7DhV</name><location><city>Virginia Beach</city><zipcode>32251</zipcode></location><currency>USD</currency><timezone>EST</timezone><menu><category><name>Chicken &amp; Sandwiches</name><item><name>Buttermilk Crispy Chicken Sandwich</name><price>3.19</price></item><item><name>McChicken Deluxe</name><price>1.41</price></item><item><name>Artisan Grilled Chicken Sandwich</name><price>9.1</price></item></category><category><name>Breakfast</name><item><name>Sausage McMuffin</name><price>1.44</price></item></category><category><name>Snacks &amp; Sides</name><item><name>French Fries</name><price>2.37</price></item><item><name>Apple Slices</name><price>4.13</price></item></category></menu><employees><employee><name>SwNoaTTM</name><position>Waiter</position><hourlyWage>17.13</hourlyWage></employee><employee><name>okDDlzFN</name><position>Waiter</position><hourlyWage>8.84</hourlyWage></employee></employees><operatingHours><day><name>Monday</name><openingTime>09:00</openingTime><closingTime>22:00</closingTime></day><day><name>Tuesday</name><openingTime>09:00</openingTime><closingTime>22:00</closingTime></day><day><name>Wednesday</name><openingTime>09:00</openingTime><closingTime>22:00</closingTime></day><day><name>Thursday</name><openingTime>09:00</openingTime><closingTime>22:00</closingTime></day><day><name>Friday</name><openingTime>09:00</openingTime><closingTime>22:00</closingTime></day><day><name>Saturday</name><openingTime>09:00</openingTime><closingTime>22:00</closingTime></day><day><name>Sunday</name><openingTime>09:00</openingTime><closingTime>22:00</closingTime></day></operatingHours><onlineOrdering>true</onlineOrdering><loyaltyProgramEnabled>true</loyaltyProgramEnabled><driveThruAvailable>true</driveThruAvailable><language>French</language><taxReference>7p34Yitm</taxReference><operations /></restaurantConfig>