<restaurantConfig><name>8HhmKAVnZ5</name><location><city>Colorado Springs</city><zipcode>30362</zipcode></location><currency>USD</currency><timezone>EST</timezone><menu><category><name>Salads</name><item><name>Southwest Grilled Chicken Salad</name><price>4.84</price></item></category><category><name>Breakfast</name><item><name>Sausage McMuffin</name><price>4.48</price></item><item><name>Big Breakfast</name><price>5.33</price></item><item><name>Hash Browns</name><price>8.98</price></item><item><name>Egg McMuffin</name><price>8.04</price></item></category></menu><employees><employee><name>n2oR8mXq</name><position>Cashier</position><hourlyWage>8.81</hourlyWage></employee><employee><name>T1JENP9i</name><position>Cashier</position><hourlyWage>15.08</hourlyWage></employee><employee><name>QQmzfXv4</name><position>Cashier</position><hourlyWage>15.3</hourlyWage></employee><employee><name>L5Xq0ZfA</name><position>Cook</position><hourlyWage>12.85</hourlyWage></employee><employee><name>3xkGBsbX</name><position>Cashier</position><hourlyWage>9.77</hourlyWage></employee><employee><name>alfDE0tv</name><position>Waiter</position><hourlyWage>18.9</hourlyWage></employee><employee><name>4gRZaBVu</name><position>Waiter</position><hourlyWage>15.46</hourlyWage></employee><employee><name>fYQEbaI4</name><position>Cook</position><hourlyWage>14.06</hourlyWage></employee><employee><name>yXon87jc</name><position>Waiter</position><hourlyWage>14.91</hourlyWage></employee><employee><name>ndQ39Zrp</name><position>Cashier</position><hourlyWage>9.44</hourlyWage></employee></employees><operatingHours><day><name>Monday</name><openingTime>09:00</openingTime><closingTime>22:00</closingTime></day><day><name>Tuesday</name><openingTime>09:00</openingTime><closingTime>22:00</closingTime></day><day><name>Wednesday</name><openingTime>09:00</openingTime><closingTime>22:00</closingTime></day><day><name>Thursday</name><openingTime>09:00</openingTime><closingTime>22:00</closingTime></day><day><name>Friday</name><openingTime>09:00</openingTime><closingTime>22:00</closingTime></day><day><name>Saturday</name><openingTime>09:00</openingTime><closingTime>22:00</closingTime></day><day><name>Sunday</name><openingTime>09:00</openingTime><closingTime>22:00</closingTime></day></operatingHours><onlineOrdering>true</onlineOrdering><loyaltyProgramEnabled>true</loyaltyProgramEnabled><driveThruAvailable>true</driveThruAvailable><language>Spanish</language><taxReference>MvUYVG9A</taxReference><operations /></restaurantConfig>