<restaurantConfig><name>NQcDjljcH8</name><location><city>San Diego</city><zipcode>44422</zipcode></location><currency>USD</currency><timezone>EST</timezone><menu><category><name>Burgers</name><item><name>Big Mac</name><price>1.4</price></item><item><name>McChicken</name><price>7.31</price></item><item><name>McDouble</name><price>5.13</price></item></category><category><name>Breakfast</name><item><name>Big Breakfast</name><price>6.98</price></item></category></menu><employees><employee><name>Jfxf1TDa</name><position>Cook</position><hourlyWage>13.17</hourlyWage></employee><employee><name>d3hLvAsA</name><position>Waiter</position><hourlyWage>17.72</hourlyWage></employee></employees><operatingHours><day><name>Monday</name><openingTime>09:00</openingTime><closingTime>22:00</closingTime></day><day><name>Tuesday</name><openingTime>09:00</openingTime><closingTime>22:00</closingTime></day><day><name>Wednesday</name><openingTime>09:00</openingTime><closingTime>22:00</closingTime></day><day><name>Thursday</name><openingTime>09:00</openingTime><closingTime>22:00</closingTime></day><day><name>Friday</name><openingTime>09:00</openingTime><closingTime>22:00</closingTime></day><day><name>Saturday</name><openingTime>09:00</openingTime><closingTime>22:00</closingTime></day><day><name>Sunday</name><openingTime>09:00</openingTime><closingTime>22:00</closingTime></day></operatingHours><onlineOrdering>true</onlineOrdering><loyaltyProgramEnabled>false</loyaltyProgramEnabled><driveThruAvailable>false</driveThruAvailable><language>Spanish</language><taxReference>7sKzGEMe</taxReference><operations /></restaurantConfig>