<restaurantConfig><name>okz8Ak2ZWZ</name><location><city>New York</city><zipcode>57653</zipcode></location><currency>USD</currency><timezone>EST</timezone><menu><category><name>Chicken &amp; Sandwiches</name><item><name>Buttermilk Crispy Chicken Sandwich</name><price>8.66</price></item><item><name>McChicken Deluxe</name><price>4.03</price></item><item><name>Artisan Grilled Chicken Sandwich</name><price>7.61</price></item><item><name>Spicy McChicken</name><price>3.75</price></item></category><category><name>Breakfast</name><item><name>Big Breakfast</name><price>4.52</price></item><item><name>Sausage McMuffin</name><price>9.56</price></item><item><name>Egg McMuffin</name><price>9.05</price></item></category></menu><employees><employee><name>RZCRnZHA</name><position>Waiter</position><hourlyWage>19.42</hourlyWage></employee><employee><name>kiWbI8HD</name><position>Waiter</position><hourlyWage>13.35</hourlyWage></employee><employee><name>HjSvZRZP</name><position>Manager</position><hourlyWage>17.49</hourlyWage></employee></employees><operatingHours><day><name>Monday</name><openingTime>09:00</openingTime><closingTime>22:00</closingTime></day><day><name>Tuesday</name><openingTime>09:00</openingTime><closingTime>22:00</closingTime></day><day><name>Wednesday</name><openingTime>09:00</openingTime><closingTime>22:00</closingTime></day><day><name>Thursday</name><openingTime>09:00</openingTime><closingTime>22:00</closingTime></day><day><name>Friday</name><openingTime>09:00</openingTime><closingTime>22:00</closingTime></day><day><name>Saturday</name><openingTime>09:00</openingTime><closingTime>22:00</closingTime></day><day><name>Sunday</name><openingTime>09:00</openingTime><closingTime>22:00</closingTime></day></operatingHours><onlineOrdering>false</onlineOrdering><loyaltyProgramEnabled>true</loyaltyProgramEnabled><driveThruAvailable>false</driveThruAvailable><language>Spanish</language><taxReference>NOwpOxkD</taxReference><operations /></restaurantConfig>