<restaurantConfig><name>uzhqpicTOY</name><location><city>San Francisco</city><zipcode>68053</zipcode></location><currency>USD</currency><timezone>EST</timezone><menu><category><name>Salads</name><item><name>Side Salad</name><price>3.0</price></item><item><name>Bacon Ranch Salad</name><price>5.52</price></item></category><category><name>Breakfast</name><item><name>Sausage McMuffin</name><price>9.37</price></item><item><name>Hotcakes</name><price>8.52</price></item></category><category><name>Snacks &amp; Sides</name><item><name>McNuggets</name><price>1.43</price></item><item><name>French Fries</name><price>3.42</price></item><item><name>Apple Slices</name><price>9.43</price></item></category></menu><employees><employee><name>CSFMoW1O</name><position>Cook</position><hourlyWage>16.86</hourlyWage></employee><employee><name>Kjow75hl</name><position>Manager</position><hourlyWage>8.32</hourlyWage></employee><employee><name>WZqTu9gp</name><position>Cashier</position><hourlyWage>17.49</hourlyWage></employee><employee><name>8Km5MtOr</name><position>Waiter</position><hourlyWage>9.1</hourlyWage></employee></employees><operatingHours><day><name>Monday</name><openingTime>09:00</openingTime><closingTime>22:00</closingTime></day><day><name>Tuesday</name><openingTime>09:00</openingTime><closingTime>22:00</closingTime></day><day><name>Wednesday</name><openingTime>09:00</openingTime><closingTime>22:00</closingTime></day><day><name>Thursday</name><openingTime>09:00</openingTime><closingTime>22:00</closingTime></day><day><name>Friday</name><openingTime>09:00</openingTime><closingTime>22:00</closingTime></day><day><name>Saturday</name><openingTime>09:00</openingTime><closingTime>22:00</closingTime></day><day><name>Sunday</name><openingTime>09:00</openingTime><closingTime>22:00</closingTime></day></operatingHours><onlineOrdering>false</onlineOrdering><loyaltyProgramEnabled>false</loyaltyProgramEnabled><driveThruAvailable>false</driveThruAvailable><language>Spanish</language><taxReference>awHUh4JV</taxReference><operations /></restaurantConfig>