<restaurantConfig><name>uH4hHLcFet</name><location><city>Jacksonville</city><zipcode>84894</zipcode></location><currency>USD</currency><timezone>EST</timezone><menu><category><name>Snacks &amp; Sides</name><item><name>McNuggets</name><price>4.21</price></item><item><name>Apple Slices</name><price>5.58</price></item></category></menu><employees><employee><name>9QzawaTW</name><position>Cook</position><hourlyWage>17.38</hourlyWage></employee><employee><name>py7PRekr</name><position>Cashier</position><hourlyWage>12.02</hourlyWage></employee><employee><name>INkHAQbT</name><position>Cook</position><hourlyWage>8.72</hourlyWage></employee><employee><name>RLXxUP7n</name><position>Cashier</position><hourlyWage>17.56</hourlyWage></employee><employee><name>AN683gJM</name><position>Waiter</position><hourlyWage>12.87</hourlyWage></employee><employee><name>BTRKmHQo</name><position>Cashier</position><hourlyWage>9.23</hourlyWage></employee><employee><name>BEWjja2o</name><position>Manager</position><hourlyWage>17.65</hourlyWage></employee><employee><name>e7mkt4Lx</name><position>Waiter</position><hourlyWage>13.9</hourlyWage></employee><employee><name>iR80UTtA</name><position>Manager</position><hourlyWage>16.91</hourlyWage></employee><employee><name>KnGT96Xf</name><position>Cook</position><hourlyWage>16.86</hourlyWage></employee></employees><operatingHours><day><name>Monday</name><openingTime>09:00</openingTime><closingTime>22:00</closingTime></day><day><name>Tuesday</name><openingTime>09:00</openingTime><closingTime>22:00</closingTime></day><day><name>Wednesday</name><openingTime>09:00</openingTime><closingTime>22:00</closingTime></day><day><name>Thursday</name><openingTime>09:00</openingTime><closingTime>22:00</closingTime></day><day><name>Friday</name><openingTime>09:00</openingTime><closingTime>22:00</closingTime></day><day><name>Saturday</name><openingTime>09:00</openingTime><closingTime>22:00</closingTime></day><day><name>Sunday</name><openingTime>09:00</openingTime><closingTime>22:00</closingTime></day></operatingHours><onlineOrdering>false</onlineOrdering><loyaltyProgramEnabled>true</loyaltyProgramEnabled><driveThruAvailable>true</driveThruAvailable><language>French</language><taxReference>Wih4CDWh</taxReference><operations /></restaurantConfig>