<restaurantConfig><name>8LDTVrjpzu</name><location><city>Phoenix</city><zipcode>98561</zipcode></location><currency>USD</currency><timezone>EST</timezone><menu><category><name>Burgers</name><item><name>Big Mac</name><price>5.94</price></item><item><name>McDouble</name><price>7.58</price></item><item><name>Quarter Pounder with Cheese</name><price>3.4</price></item><item><name>Filet-O-Fish</name><price>7.7</price></item></category><category><name>Chicken &amp; Sandwiches</name><item><name>Artisan Grilled Chicken Sandwich</name><price>7.39</price></item><item><name>McChicken Deluxe</name><price>7.25</price></item></category><category><name>Salads</name><item><name>Side Salad</name><price>5.23</price></item><item><name>Bacon Ranch Salad</name><price>8.8</price></item><item><name>Southwest Grilled Chicken Salad</name><price>6.93</price></item></category><category><name>Breakfast</name><item><name>Hash Browns</name><price>5.61</price></item><item><name>Sausage McMuffin</name><price>6.38</price></item></category><category><name>Snacks &amp; Sides</name><item><name>French Fries</name><price>7.98</price></item><item><name>Apple Slices</name><price>7.97</price></item><item><name>McNuggets</name><price>1.3</price></item></category></menu><employees><employee><name>uMxZo9E9</name><position>Manager</position><hourlyWage>18.89</hourlyWage></employee><employee><name>JgrRrpu0</name><position>Waiter</position><hourlyWage>16.1</hourlyWage></employee><employee><name>IoNVbcCr</name><position>Cook</position><hourlyWage>10.74</hourlyWage></employee><employee><name>peB7kFPy</name><position>Cook</position><hourlyWage>18.06</hourlyWage></employee><employee><name>tfdxH5OE</name><position>Waiter</position><hourlyWage>9.01</hourlyWage></employee><employee><name>D3qMQvxs</name><position>Cook</position><hourlyWage>15.62</hourlyWage></employee></employees><operatingHours><day><name>Monday</name><openingTime>09:00</openingTime><closingTime>22:00</closingTime></day><day><name>Tuesday</name><openingTime>09:00</openingTime><closingTime>22:00</closingTime></day><day><name>Wednesday</name><openingTime>09:00</openingTime><closingTime>22:00</closingTime></day><day><name>Thursday</name><openingTime>09:00</openingTime><closingTime>22:00</closingTime></day><day><name>Friday</name><openingTime>09:00</openingTime><closingTime>22:00</closingTime></day><day><name>Saturday</name><openingTime>09:00</openingTime><closingTime>22:00</closingTime></day><day><name>Sunday</name><openingTime>09:00</openingTime><closingTime>22:00</closingTime></day></operatingHours><onlineOrdering>true</onlineOrdering><loyaltyProgramEnabled>true</loyaltyProgramEnabled><driveThruAvailable>false</driveThruAvailable><language>English</language><taxReference>pvdxHlmN</taxReference><operations /></restaurantConfig>