<restaurantConfig><name>gsEveXxVdU</name><location><city>New York</city><zipcode>25519</zipcode></location><currency>USD</currency><timezone>EST</timezone><menu><category><name>Salads</name><item><name>Southwest Grilled Chicken Salad</name><price>2.62</price></item></category><category><name>Breakfast</name><item><name>Big Breakfast</name><price>4.43</price></item></category><category><name>Snacks &amp; Sides</name><item><name>French Fries</name><price>3.84</price></item></category></menu><employees><employee><name>0H99FlhY</name><position>Manager</position><hourlyWage>10.03</hourlyWage></employee><employee><name>ZVfVF7BR</name><position>Cook</position><hourlyWage>18.35</hourlyWage></employee><employee><name>Udy3hXhf</name><position>Waiter</position><hourlyWage>14.76</hourlyWage></employee><employee><name>xp8BKjNs</name><position>Waiter</position><hourlyWage>18.17</hourlyWage></employee><employee><name>KRuj8W5x</name><position>Cashier</position><hourlyWage>13.82</hourlyWage></employee><employee><name>VLQKQljN</name><position>Cashier</position><hourlyWage>8.22</hourlyWage></employee><employee><name>DZ6UZGoB</name><position>Waiter</position><hourlyWage>15.2</hourlyWage></employee><employee><name>52dPBQwL</name><position>Cook</position><hourlyWage>14.97</hourlyWage></employee><employee><name>3OgK5rBx</name><position>Cook</position><hourlyWage>11.65</hourlyWage></employee></employees><operatingHours><day><name>Monday</name><openingTime>09:00</openingTime><closingTime>22:00</closingTime></day><day><name>Tuesday</name><openingTime>09:00</openingTime><closingTime>22:00</closingTime></day><day><name>Wednesday</name><openingTime>09:00</openingTime><closingTime>22:00</closingTime></day><day><name>Thursday</name><openingTime>09:00</openingTime><closingTime>22:00</closingTime></day><day><name>Friday</name><openingTime>09:00</openingTime><closingTime>22:00</closingTime></day><day><name>Saturday</name><openingTime>09:00</openingTime><closingTime>22:00</closingTime></day><day><name>Sunday</name><openingTime>09:00</openingTime><closingTime>22:00</closingTime></day></operatingHours><onlineOrdering>false</onlineOrdering><loyaltyProgramEnabled>true</loyaltyProgramEnabled><driveThruAvailable>true</driveThruAvailable><language>German</language><taxReference>gtRbickH</taxReference><operations /></restaurantConfig>