<restaurantConfig><name>vruy9mhHmA</name><location><city>Jacksonville</city><zipcode>90337</zipcode></location><currency>USD</currency><timezone>EST</timezone><menu><category><name>Breakfast</name><item><name>Hash Browns</name><price>5.94</price></item><item><name>Hotcakes</name><price>4.18</price></item><item><name>Egg McMuffin</name><price>4.03</price></item><item><name>Big Breakfast</name><price>8.04</price></item></category><category><name>Snacks &amp; Sides</name><item><name>McNuggets</name><price>6.97</price></item><item><name>French Fries</name><price>3.21</price></item></category></menu><employees><employee><name>Jl1eoDa9</name><position>Cook</position><hourlyWage>19.26</hourlyWage></employee><employee><name>bFnXU826</name><position>Waiter</position><hourlyWage>17.35</hourlyWage></employee></employees><operatingHours><day><name>Monday</name><openingTime>09:00</openingTime><closingTime>22:00</closingTime></day><day><name>Tuesday</name><openingTime>09:00</openingTime><closingTime>22:00</closingTime></day><day><name>Wednesday</name><openingTime>09:00</openingTime><closingTime>22:00</closingTime></day><day><name>Thursday</name><openingTime>09:00</openingTime><closingTime>22:00</closingTime></day><day><name>Friday</name><openingTime>09:00</openingTime><closingTime>22:00</closingTime></day><day><name>Saturday</name><openingTime>09:00</openingTime><closingTime>22:00</closingTime></day><day><name>Sunday</name><openingTime>09:00</openingTime><closingTime>22:00</closingTime></day></operatingHours><onlineOrdering>true</onlineOrdering><loyaltyProgramEnabled>true</loyaltyProgramEnabled><driveThruAvailable>false</driveThruAvailable><language>English</language><taxReference>o8YvwX95</taxReference><operations /></restaurantConfig>