<restaurantConfig><name>JLDQORjeQJ</name><location><city>Tucson</city><zipcode>95438</zipcode></location><currency>USD</currency><timezone>EST</timezone><menu><category><name>Chicken &amp; Sandwiches</name><item><name>Buttermilk Crispy Chicken Sandwich</name><price>4.02</price></item><item><name>McChicken Deluxe</name><price>1.11</price></item></category><category><name>Breakfast</name><item><name>Big Breakfast</name><price>5.98</price></item><item><name>Sausage McMuffin</name><price>5.69</price></item><item><name>Hash Browns</name><price>6.3</price></item><item><name>Hotcakes</name><price>6.0</price></item></category><category><name>Snacks &amp; Sides</name><item><name>Apple Slices</name><price>1.81</price></item></category></menu><employees><employee><name>szb0si69</name><position>Waiter</position><hourlyWage>14.0</hourlyWage></employee><employee><name>kCtsz3nV</name><position>Cook</position><hourlyWage>13.08</hourlyWage></employee><employee><name>s46p1uvx</name><position>Cook</position><hourlyWage>10.52</hourlyWage></employee><employee><name>NyupNiRq</name><position>Waiter</position><hourlyWage>8.29</hourlyWage></employee><employee><name>sQyG2TPN</name><position>Cook</position><hourlyWage>15.94</hourlyWage></employee><employee><name>u8bt8oJn</name><position>Cashier</position><hourlyWage>14.0</hourlyWage></employee><employee><name>mSi814WJ</name><position>Waiter</position><hourlyWage>12.81</hourlyWage></employee><employee><name>e42S3Bkp</name><position>Cook</position><hourlyWage>15.01</hourlyWage></employee></employees><operatingHours><day><name>Monday</name><openingTime>09:00</openingTime><closingTime>22:00</closingTime></day><day><name>Tuesday</name><openingTime>09:00</openingTime><closingTime>22:00</closingTime></day><day><name>Wednesday</name><openingTime>09:00</openingTime><closingTime>22:00</closingTime></day><day><name>Thursday</name><openingTime>09:00</openingTime><closingTime>22:00</closingTime></day><day><name>Friday</name><openingTime>09:00</openingTime><closingTime>22:00</closingTime></day><day><name>Saturday</name><openingTime>09:00</openingTime><closingTime>22:00</closingTime></day><day><name>Sunday</name><openingTime>09:00</openingTime><closingTime>22:00</closingTime></day></operatingHours><onlineOrdering>true</onlineOrdering><loyaltyProgramEnabled>true</loyaltyProgramEnabled><driveThruAvailable>false</driveThruAvailable><language>French</language><taxReference>dQnGI0Up</taxReference><operations /></restaurantConfig>