<restaurantConfig><name>MFy2ugaRb8</name><location><city>Tucson</city><zipcode>13378</zipcode></location><currency>USD</currency><timezone>EST</timezone><menu><category><name>Burgers</name><item><name>McDouble</name><price>4.53</price></item><item><name>Quarter Pounder with Cheese</name><price>6.39</price></item><item><name>McChicken</name><price>2.26</price></item><item><name>Filet-O-Fish</name><price>7.07</price></item><item><name>Big Mac</name><price>2.05</price></item></category><category><name>Breakfast</name><item><name>Hash Browns</name><price>9.85</price></item><item><name>Big Breakfast</name><price>8.84</price></item><item><name>Egg McMuffin</name><price>5.22</price></item><item><name>Hotcakes</name><price>4.48</price></item></category><category><name>Snacks &amp; Sides</name><item><name>McNuggets</name><price>6.31</price></item></category></menu><employees><employee><name>fskOAZAX</name><position>Cook</position><hourlyWage>12.6</hourlyWage></employee><employee><name>Eztb3pMs</name><position>Manager</position><hourlyWage>9.63</hourlyWage></employee></employees><operatingHours><day><name>Monday</name><openingTime>09:00</openingTime><closingTime>22:00</closingTime></day><day><name>Tuesday</name><openingTime>09:00</openingTime><closingTime>22:00</closingTime></day><day><name>Wednesday</name><openingTime>09:00</openingTime><closingTime>22:00</closingTime></day><day><name>Thursday</name><openingTime>09:00</openingTime><closingTime>22:00</closingTime></day><day><name>Friday</name><openingTime>09:00</openingTime><closingTime>22:00</closingTime></day><day><name>Saturday</name><openingTime>09:00</openingTime><closingTime>22:00</closingTime></day><day><name>Sunday</name><openingTime>09:00</openingTime><closingTime>22:00</closingTime></day></operatingHours><onlineOrdering>false</onlineOrdering><loyaltyProgramEnabled>false</loyaltyProgramEnabled><driveThruAvailable>false</driveThruAvailable><language>English</language><taxReference>U6yKZDnX</taxReference><operations /></restaurantConfig>