<restaurantConfig><name>gLmT1I39zz</name><location><city>San Jose</city><zipcode>22649</zipcode></location><currency>USD</currency><timezone>EST</timezone><menu><category><name>Chicken &amp; Sandwiches</name><item><name>McChicken Deluxe</name><price>2.97</price></item><item><name>Buttermilk Crispy Chicken Sandwich</name><price>2.63</price></item><item><name>Spicy McChicken</name><price>4.24</price></item></category><category><name>Salads</name><item><name>Side Salad</name><price>6.03</price></item></category></menu><employees><employee><name>YMqIsIC9</name><position>Manager</position><hourlyWage>10.37</hourlyWage></employee><employee><name>l9EZkmXY</name><position>Cook</position><hourlyWage>17.32</hourlyWage></employee><employee><name>vipH96TN</name><position>Cook</position><hourlyWage>8.92</hourlyWage></employee><employee><name>j304LxeF</name><position>Waiter</position><hourlyWage>11.12</hourlyWage></employee><employee><name>j8RHh0l0</name><position>Manager</position><hourlyWage>8.92</hourlyWage></employee><employee><name>RYjGncBH</name><position>Cook</position><hourlyWage>13.46</hourlyWage></employee><employee><name>tK4qukyH</name><position>Cashier</position><hourlyWage>10.39</hourlyWage></employee><employee><name>xEQRg3ix</name><position>Manager</position><hourlyWage>14.56</hourlyWage></employee><employee><name>9TbJWJzc</name><position>Manager</position><hourlyWage>15.76</hourlyWage></employee><employee><name>9xSNlNTU</name><position>Waiter</position><hourlyWage>14.7</hourlyWage></employee></employees><operatingHours><day><name>Monday</name><openingTime>09:00</openingTime><closingTime>22:00</closingTime></day><day><name>Tuesday</name><openingTime>09:00</openingTime><closingTime>22:00</closingTime></day><day><name>Wednesday</name><openingTime>09:00</openingTime><closingTime>22:00</closingTime></day><day><name>Thursday</name><openingTime>09:00</openingTime><closingTime>22:00</closingTime></day><day><name>Friday</name><openingTime>09:00</openingTime><closingTime>22:00</closingTime></day><day><name>Saturday</name><openingTime>09:00</openingTime><closingTime>22:00</closingTime></day><day><name>Sunday</name><openingTime>09:00</openingTime><closingTime>22:00</closingTime></day></operatingHours><onlineOrdering>false</onlineOrdering><loyaltyProgramEnabled>false</loyaltyProgramEnabled><driveThruAvailable>false</driveThruAvailable><language>English</language><taxReference>UC9OwjNa</taxReference><operations /></restaurantConfig>