<restaurantConfig><name>xslMl6K3O3</name><location><city>Oklahoma City</city><zipcode>90240</zipcode></location><currency>USD</currency><timezone>EST</timezone><menu><category><name>Burgers</name><item><name>Quarter Pounder with Cheese</name><price>1.79</price></item></category><category><name>Salads</name><item><name>Bacon Ranch Salad</name><price>4.2</price></item><item><name>Side Salad</name><price>9.38</price></item></category><category><name>Breakfast</name><item><name>Egg McMuffin</name><price>9.31</price></item></category><category><name>Snacks &amp; Sides</name><item><name>French Fries</name><price>5.45</price></item><item><name>McNuggets</name><price>7.06</price></item><item><name>Apple Slices</name><price>1.68</price></item></category></menu><employees><employee><name>Wu65NOUY</name><position>Cashier</position><hourlyWage>10.5</hourlyWage></employee></employees><operatingHours><day><name>Monday</name><openingTime>09:00</openingTime><closingTime>22:00</closingTime></day><day><name>Tuesday</name><openingTime>09:00</openingTime><closingTime>22:00</closingTime></day><day><name>Wednesday</name><openingTime>09:00</openingTime><closingTime>22:00</closingTime></day><day><name>Thursday</name><openingTime>09:00</openingTime><closingTime>22:00</closingTime></day><day><name>Friday</name><openingTime>09:00</openingTime><closingTime>22:00</closingTime></day><day><name>Saturday</name><openingTime>09:00</openingTime><closingTime>22:00</closingTime></day><day><name>Sunday</name><openingTime>09:00</openingTime><closingTime>22:00</closingTime></day></operatingHours><onlineOrdering>true</onlineOrdering><loyaltyProgramEnabled>false</loyaltyProgramEnabled><driveThruAvailable>true</driveThruAvailable><language>French</language><taxReference>01rNGpiU</taxReference><operations /></restaurantConfig>