<restaurantConfig><name>tHCfkUbhHQ</name><location><city>Long Beach</city><zipcode>79953</zipcode></location><currency>USD</currency><timezone>EST</timezone><menu><category><name>Burgers</name><item><name>McDouble</name><price>6.73</price></item><item><name>Quarter Pounder with Cheese</name><price>5.97</price></item><item><name>McChicken</name><price>4.72</price></item><item><name>Filet-O-Fish</name><price>2.52</price></item><item><name>Big Mac</name><price>7.23</price></item></category><category><name>Salads</name><item><name>Bacon Ranch Salad</name><price>3.74</price></item><item><name>Southwest Grilled Chicken Salad</name><price>8.36</price></item><item><name>Side Salad</name><price>2.07</price></item></category><category><name>Breakfast</name><item><name>Hash Browns</name><price>6.27</price></item><item><name>Big Breakfast</name><price>9.2</price></item><item><name>Egg McMuffin</name><price>8.79</price></item></category><category><name>Snacks &amp; Sides</name><item><name>French Fries</name><price>8.55</price></item><item><name>Apple Slices</name><price>5.61</price></item><item><name>McNuggets</name><price>5.14</price></item></category></menu><employees><employee><name>qr74ISTO</name><position>Waiter</position><hourlyWage>13.17</hourlyWage></employee><employee><name>5G4TAYRn</name><position>Waiter</position><hourlyWage>13.9</hourlyWage></employee></employees><operatingHours><day><name>Monday</name><openingTime>09:00</openingTime><closingTime>22:00</closingTime></day><day><name>Tuesday</name><openingTime>09:00</openingTime><closingTime>22:00</closingTime></day><day><name>Wednesday</name><openingTime>09:00</openingTime><closingTime>22:00</closingTime></day><day><name>Thursday</name><openingTime>09:00</openingTime><closingTime>22:00</closingTime></day><day><name>Friday</name><openingTime>09:00</openingTime><closingTime>22:00</closingTime></day><day><name>Saturday</name><openingTime>09:00</openingTime><closingTime>22:00</closingTime></day><day><name>Sunday</name><openingTime>09:00</openingTime><closingTime>22:00</closingTime></day></operatingHours><onlineOrdering>true</onlineOrdering><loyaltyProgramEnabled>false</loyaltyProgramEnabled><driveThruAvailable>true</driveThruAvailable><language>French</language><taxReference>WbpbJETM</taxReference><operations /></restaurantConfig>