<restaurantConfig><name>itpCfWqXpZ</name><location><city>Raleigh</city><zipcode>77087</zipcode></location><currency>USD</currency><timezone>EST</timezone><menu><category><name>Chicken &amp; Sandwiches</name><item><name>Artisan Grilled Chicken Sandwich</name><price>1.22</price></item><item><name>McChicken Deluxe</name><price>6.61</price></item><item><name>Spicy McChicken</name><price>7.17</price></item><item><name>Buttermilk Crispy Chicken Sandwich</name><price>7.52</price></item></category><category><name>Salads</name><item><name>Bacon Ranch Salad</name><price>6.47</price></item><item><name>Side Salad</name><price>1.99</price></item></category><category><name>Breakfast</name><item><name>Egg McMuffin</name><price>9.04</price></item><item><name>Hotcakes</name><price>1.25</price></item><item><name>Hash Browns</name><price>1.45</price></item><item><name>Sausage McMuffin</name><price>5.65</price></item></category></menu><employees><employee><name>fmpyv797</name><position>Waiter</position><hourlyWage>17.6</hourlyWage></employee><employee><name>HfziZ8jt</name><position>Waiter</position><hourlyWage>14.95</hourlyWage></employee><employee><name>MgSch1VG</name><position>Manager</position><hourlyWage>9.81</hourlyWage></employee><employee><name>mpMQds4n</name><position>Manager</position><hourlyWage>17.49</hourlyWage></employee></employees><operatingHours><day><name>Monday</name><openingTime>09:00</openingTime><closingTime>22:00</closingTime></day><day><name>Tuesday</name><openingTime>09:00</openingTime><closingTime>22:00</closingTime></day><day><name>Wednesday</name><openingTime>09:00</openingTime><closingTime>22:00</closingTime></day><day><name>Thursday</name><openingTime>09:00</openingTime><closingTime>22:00</closingTime></day><day><name>Friday</name><openingTime>09:00</openingTime><closingTime>22:00</closingTime></day><day><name>Saturday</name><openingTime>09:00</openingTime><closingTime>22:00</closingTime></day><day><name>Sunday</name><openingTime>09:00</openingTime><closingTime>22:00</closingTime></day></operatingHours><onlineOrdering>false</onlineOrdering><loyaltyProgramEnabled>false</loyaltyProgramEnabled><driveThruAvailable>true</driveThruAvailable><language>German</language><taxReference>G9KquE68</taxReference><operations /></restaurantConfig>