<restaurantConfig><name>gzDXE6eERe</name><location><city>Chicago</city><zipcode>49323</zipcode></location><currency>USD</currency><timezone>EST</timezone><menu><category><name>Chicken &amp; Sandwiches</name><item><name>McChicken Deluxe</name><price>2.78</price></item><item><name>Spicy McChicken</name><price>8.13</price></item><item><name>Artisan Grilled Chicken Sandwich</name><price>8.89</price></item><item><name>Buttermilk Crispy Chicken Sandwich</name><price>7.81</price></item></category><category><name>Salads</name><item><name>Southwest Grilled Chicken Salad</name><price>5.07</price></item></category><category><name>Breakfast</name><item><name>Big Breakfast</name><price>2.67</price></item><item><name>Sausage McMuffin</name><price>9.53</price></item><item><name>Egg McMuffin</name><price>5.81</price></item><item><name>Hotcakes</name><price>4.41</price></item><item><name>Hash Browns</name><price>2.24</price></item></category></menu><employees><employee><name>S3i2t9VJ</name><position>Manager</position><hourlyWage>13.14</hourlyWage></employee><employee><name>flyazn4x</name><position>Cook</position><hourlyWage>10.72</hourlyWage></employee><employee><name>hV3oQ5t5</name><position>Cashier</position><hourlyWage>16.44</hourlyWage></employee><employee><name>iqOHF7aN</name><position>Cook</position><hourlyWage>18.11</hourlyWage></employee></employees><operatingHours><day><name>Monday</name><openingTime>09:00</openingTime><closingTime>22:00</closingTime></day><day><name>Tuesday</name><openingTime>09:00</openingTime><closingTime>22:00</closingTime></day><day><name>Wednesday</name><openingTime>09:00</openingTime><closingTime>22:00</closingTime></day><day><name>Thursday</name><openingTime>09:00</openingTime><closingTime>22:00</closingTime></day><day><name>Friday</name><openingTime>09:00</openingTime><closingTime>22:00</closingTime></day><day><name>Saturday</name><openingTime>09:00</openingTime><closingTime>22:00</closingTime></day><day><name>Sunday</name><openingTime>09:00</openingTime><closingTime>22:00</closingTime></day></operatingHours><onlineOrdering>false</onlineOrdering><loyaltyProgramEnabled>false</loyaltyProgramEnabled><driveThruAvailable>true</driveThruAvailable><language>Spanish</language><taxReference>RGuFoQV0</taxReference><operations /></restaurantConfig>