<restaurantConfig><name>umQYqWSIYQ</name><location><city>Long Beach</city><zipcode>87556</zipcode></location><currency>USD</currency><timezone>EST</timezone><menu><category><name>Burgers</name><item><name>McChicken</name><price>4.24</price></item><item><name>Big Mac</name><price>1.97</price></item></category><category><name>Chicken &amp; Sandwiches</name><item><name>Buttermilk Crispy Chicken Sandwich</name><price>6.09</price></item><item><name>Spicy McChicken</name><price>5.41</price></item><item><name>Artisan Grilled Chicken Sandwich</name><price>7.23</price></item><item><name>McChicken Deluxe</name><price>4.62</price></item></category><category><name>Breakfast</name><item><name>Hash Browns</name><price>4.42</price></item></category></menu><employees><employee><name>hPlIGBnF</name><position>Manager</position><hourlyWage>18.22</hourlyWage></employee><employee><name>TmxhZIdB</name><position>Cashier</position><hourlyWage>8.57</hourlyWage></employee></employees><operatingHours><day><name>Monday</name><openingTime>09:00</openingTime><closingTime>22:00</closingTime></day><day><name>Tuesday</name><openingTime>09:00</openingTime><closingTime>22:00</closingTime></day><day><name>Wednesday</name><openingTime>09:00</openingTime><closingTime>22:00</closingTime></day><day><name>Thursday</name><openingTime>09:00</openingTime><closingTime>22:00</closingTime></day><day><name>Friday</name><openingTime>09:00</openingTime><closingTime>22:00</closingTime></day><day><name>Saturday</name><openingTime>09:00</openingTime><closingTime>22:00</closingTime></day><day><name>Sunday</name><openingTime>09:00</openingTime><closingTime>22:00</closingTime></day></operatingHours><onlineOrdering>false</onlineOrdering><loyaltyProgramEnabled>false</loyaltyProgramEnabled><driveThruAvailable>false</driveThruAvailable><language>German</language><taxReference>Wjg3ytNs</taxReference><operations /></restaurantConfig>