<restaurantConfig><name>HVOyc3WKjQ</name><location><city>Memphis</city><zipcode>18626</zipcode></location><currency>USD</currency><timezone>EST</timezone><menu><category><name>Chicken &amp; Sandwiches</name><item><name>McChicken Deluxe</name><price>6.82</price></item><item><name>Artisan Grilled Chicken Sandwich</name><price>9.1</price></item><item><name>Buttermilk Crispy Chicken Sandwich</name><price>1.62</price></item><item><name>Spicy McChicken</name><price>9.88</price></item></category><category><name>Salads</name><item><name>Side Salad</name><price>1.88</price></item><item><name>Southwest Grilled Chicken Salad</name><price>4.76</price></item></category></menu><employees><employee><name>PIxDX8tC</name><position>Cook</position><hourlyWage>13.59</hourlyWage></employee><employee><name>eenOqqdY</name><position>Manager</position><hourlyWage>14.28</hourlyWage></employee><employee><name>fqHoRq8S</name><position>Manager</position><hourlyWage>8.68</hourlyWage></employee><employee><name>x9mBk9B6</name><position>Cashier</position><hourlyWage>16.97</hourlyWage></employee></employees><operatingHours><day><name>Monday</name><openingTime>09:00</openingTime><closingTime>22:00</closingTime></day><day><name>Tuesday</name><openingTime>09:00</openingTime><closingTime>22:00</closingTime></day><day><name>Wednesday</name><openingTime>09:00</openingTime><closingTime>22:00</closingTime></day><day><name>Thursday</name><openingTime>09:00</openingTime><closingTime>22:00</closingTime></day><day><name>Friday</name><openingTime>09:00</openingTime><closingTime>22:00</closingTime></day><day><name>Saturday</name><openingTime>09:00</openingTime><closingTime>22:00</closingTime></day><day><name>Sunday</name><openingTime>09:00</openingTime><closingTime>22:00</closingTime></day></operatingHours><onlineOrdering>false</onlineOrdering><loyaltyProgramEnabled>false</loyaltyProgramEnabled><driveThruAvailable>true</driveThruAvailable><language>English</language><taxReference>nP4hgAh5</taxReference><operations /></restaurantConfig>