<restaurantConfig><name>N7CFLQzGx6</name><location><city>Virginia Beach</city><zipcode>38530</zipcode></location><currency>USD</currency><timezone>EST</timezone><menu><category><name>Burgers</name><item><name>McChicken</name><price>4.47</price></item></category><category><name>Chicken &amp; Sandwiches</name><item><name>McChicken Deluxe</name><price>7.2</price></item><item><name>Spicy McChicken</name><price>4.5</price></item><item><name>Buttermilk Crispy Chicken Sandwich</name><price>4.88</price></item></category><category><name>Salads</name><item><name>Side Salad</name><price>5.01</price></item><item><name>Bacon Ranch Salad</name><price>3.03</price></item></category><category><name>Snacks &amp; Sides</name><item><name>French Fries</name><price>2.82</price></item><item><name>McNuggets</name><price>9.86</price></item></category></menu><employees><employee><name>fmKDgU1F</name><position>Cashier</position><hourlyWage>19.39</hourlyWage></employee><employee><name>NeHhb62L</name><position>Manager</position><hourlyWage>12.1</hourlyWage></employee><employee><name>oTQoLo0G</name><position>Cashier</position><hourlyWage>19.47</hourlyWage></employee><employee><name>TvuIUO0p</name><position>Cashier</position><hourlyWage>8.72</hourlyWage></employee></employees><operatingHours><day><name>Monday</name><openingTime>09:00</openingTime><closingTime>22:00</closingTime></day><day><name>Tuesday</name><openingTime>09:00</openingTime><closingTime>22:00</closingTime></day><day><name>Wednesday</name><openingTime>09:00</openingTime><closingTime>22:00</closingTime></day><day><name>Thursday</name><openingTime>09:00</openingTime><closingTime>22:00</closingTime></day><day><name>Friday</name><openingTime>09:00</openingTime><closingTime>22:00</closingTime></day><day><name>Saturday</name><openingTime>09:00</openingTime><closingTime>22:00</closingTime></day><day><name>Sunday</name><openingTime>09:00</openingTime><closingTime>22:00</closingTime></day></operatingHours><onlineOrdering>false</onlineOrdering><loyaltyProgramEnabled>true</loyaltyProgramEnabled><driveThruAvailable>false</driveThruAvailable><language>Spanish</language><taxReference>DBTnAswl</taxReference><operations /></restaurantConfig>