<restaurantConfig><name>SJPxv2yMg1</name><location><city>Columbus</city><zipcode>41961</zipcode></location><currency>USD</currency><timezone>EST</timezone><menu><category><name>Salads</name><item><name>Side Salad</name><price>5.16</price></item><item><name>Bacon Ranch Salad</name><price>7.69</price></item></category></menu><employees><employee><name>Dg6vQVUt</name><position>Cook</position><hourlyWage>11.28</hourlyWage></employee><employee><name>JZu1DI4d</name><position>Waiter</position><hourlyWage>10.81</hourlyWage></employee></employees><operatingHours><day><name>Monday</name><openingTime>09:00</openingTime><closingTime>22:00</closingTime></day><day><name>Tuesday</name><openingTime>09:00</openingTime><closingTime>22:00</closingTime></day><day><name>Wednesday</name><openingTime>09:00</openingTime><closingTime>22:00</closingTime></day><day><name>Thursday</name><openingTime>09:00</openingTime><closingTime>22:00</closingTime></day><day><name>Friday</name><openingTime>09:00</openingTime><closingTime>22:00</closingTime></day><day><name>Saturday</name><openingTime>09:00</openingTime><closingTime>22:00</closingTime></day><day><name>Sunday</name><openingTime>09:00</openingTime><closingTime>22:00</closingTime></day></operatingHours><onlineOrdering>true</onlineOrdering><loyaltyProgramEnabled>true</loyaltyProgramEnabled><driveThruAvailable>true</driveThruAvailable><language>German</language><taxReference>oRE4PGKw</taxReference><operations /></restaurantConfig>