<restaurantConfig><name>WgN9ufjOSt</name><location><city>San Jose</city><zipcode>72372</zipcode></location><currency>USD</currency><timezone>EST</timezone><menu><category><name>Burgers</name><item><name>Big Mac</name><price>2.66</price></item><item><name>McDouble</name><price>2.44</price></item><item><name>Quarter Pounder with Cheese</name><price>5.19</price></item></category><category><name>Breakfast</name><item><name>Hash Browns</name><price>9.61</price></item><item><name>Egg McMuffin</name><price>9.49</price></item><item><name>Hotcakes</name><price>5.32</price></item><item><name>Big Breakfast</name><price>3.15</price></item><item><name>Sausage McMuffin</name><price>5.6</price></item></category><category><name>Snacks &amp; Sides</name><item><name>French Fries</name><price>8.61</price></item><item><name>Apple Slices</name><price>7.69</price></item></category></menu><employees><employee><name>VOpqV2mm</name><position>Manager</position><hourlyWage>14.21</hourlyWage></employee><employee><name>vXUXlxk8</name><position>Cashier</position><hourlyWage>11.17</hourlyWage></employee><employee><name>MUxkQLTL</name><position>Cook</position><hourlyWage>15.18</hourlyWage></employee><employee><name>OU5qZMpm</name><position>Manager</position><hourlyWage>18.63</hourlyWage></employee></employees><operatingHours><day><name>Monday</name><openingTime>09:00</openingTime><closingTime>22:00</closingTime></day><day><name>Tuesday</name><openingTime>09:00</openingTime><closingTime>22:00</closingTime></day><day><name>Wednesday</name><openingTime>09:00</openingTime><closingTime>22:00</closingTime></day><day><name>Thursday</name><openingTime>09:00</openingTime><closingTime>22:00</closingTime></day><day><name>Friday</name><openingTime>09:00</openingTime><closingTime>22:00</closingTime></day><day><name>Saturday</name><openingTime>09:00</openingTime><closingTime>22:00</closingTime></day><day><name>Sunday</name><openingTime>09:00</openingTime><closingTime>22:00</closingTime></day></operatingHours><onlineOrdering>true</onlineOrdering><loyaltyProgramEnabled>true</loyaltyProgramEnabled><driveThruAvailable>false</driveThruAvailable><language>English</language><taxReference>L3JZA0OB</taxReference><operations /></restaurantConfig>