<restaurantConfig><name>OA52S9HSTM</name><location><city>San Diego</city><zipcode>82182</zipcode></location><currency>USD</currency><timezone>EST</timezone><menu><category><name>Salads</name><item><name>Side Salad</name><price>9.91</price></item><item><name>Bacon Ranch Salad</name><price>7.24</price></item><item><name>Southwest Grilled Chicken Salad</name><price>8.25</price></item></category><category><name>Breakfast</name><item><name>Big Breakfast</name><price>4.95</price></item><item><name>Hotcakes</name><price>6.18</price></item><item><name>Sausage McMuffin</name><price>4.25</price></item></category></menu><employees><employee><name>y9LTywKz</name><position>Waiter</position><hourlyWage>18.86</hourlyWage></employee><employee><name>04CbNSia</name><position>Cashier</position><hourlyWage>14.12</hourlyWage></employee><employee><name>WJ1GsteW</name><position>Cashier</position><hourlyWage>12.51</hourlyWage></employee><employee><name>RwrJUk4k</name><position>Waiter</position><hourlyWage>13.89</hourlyWage></employee></employees><operatingHours><day><name>Monday</name><openingTime>09:00</openingTime><closingTime>22:00</closingTime></day><day><name>Tuesday</name><openingTime>09:00</openingTime><closingTime>22:00</closingTime></day><day><name>Wednesday</name><openingTime>09:00</openingTime><closingTime>22:00</closingTime></day><day><name>Thursday</name><openingTime>09:00</openingTime><closingTime>22:00</closingTime></day><day><name>Friday</name><openingTime>09:00</openingTime><closingTime>22:00</closingTime></day><day><name>Saturday</name><openingTime>09:00</openingTime><closingTime>22:00</closingTime></day><day><name>Sunday</name><openingTime>09:00</openingTime><closingTime>22:00</closingTime></day></operatingHours><onlineOrdering>true</onlineOrdering><loyaltyProgramEnabled>true</loyaltyProgramEnabled><driveThruAvailable>true</driveThruAvailable><language>French</language><taxReference>0Zp9Xc7t</taxReference><operations /></restaurantConfig>