<restaurantConfig><name>5mjVJDhbpD</name><location><city>Omaha</city><zipcode>81369</zipcode></location><currency>USD</currency><timezone>EST</timezone><menu><category><name>Salads</name><item><name>Side Salad</name><price>8.03</price></item></category></menu><employees><employee><name>vZZAHJhv</name><position>Cashier</position><hourlyWage>16.03</hourlyWage></employee><employee><name>ijaEozSh</name><position>Manager</position><hourlyWage>14.55</hourlyWage></employee><employee><name>giicNmky</name><position>Cook</position><hourlyWage>12.96</hourlyWage></employee><employee><name>VQmgM1VC</name><position>Cashier</position><hourlyWage>19.9</hourlyWage></employee><employee><name>Ta3csF1C</name><position>Cashier</position><hourlyWage>17.07</hourlyWage></employee><employee><name>L9mHHY7b</name><position>Manager</position><hourlyWage>8.64</hourlyWage></employee><employee><name>3bln03iN</name><position>Cook</position><hourlyWage>9.06</hourlyWage></employee><employee><name>tlDRT1nV</name><position>Cashier</position><hourlyWage>11.12</hourlyWage></employee><employee><name>A3j9QQui</name><position>Cook</position><hourlyWage>12.64</hourlyWage></employee><employee><name>3EiOsQO5</name><position>Manager</position><hourlyWage>19.15</hourlyWage></employee></employees><operatingHours><day><name>Monday</name><openingTime>09:00</openingTime><closingTime>22:00</closingTime></day><day><name>Tuesday</name><openingTime>09:00</openingTime><closingTime>22:00</closingTime></day><day><name>Wednesday</name><openingTime>09:00</openingTime><closingTime>22:00</closingTime></day><day><name>Thursday</name><openingTime>09:00</openingTime><closingTime>22:00</closingTime></day><day><name>Friday</name><openingTime>09:00</openingTime><closingTime>22:00</closingTime></day><day><name>Saturday</name><openingTime>09:00</openingTime><closingTime>22:00</closingTime></day><day><name>Sunday</name><openingTime>09:00</openingTime><closingTime>22:00</closingTime></day></operatingHours><onlineOrdering>true</onlineOrdering><loyaltyProgramEnabled>true</loyaltyProgramEnabled><driveThruAvailable>true</driveThruAvailable><language>Spanish</language><taxReference>iK9F8vMU</taxReference><operations /></restaurantConfig>