<restaurantConfig><name>rI3WUV0eh0</name><location><city>Memphis</city><zipcode>40470</zipcode></location><currency>USD</currency><timezone>EST</timezone><menu><category><name>Burgers</name><item><name>Filet-O-Fish</name><price>6.39</price></item><item><name>Big Mac</name><price>7.69</price></item><item><name>McChicken</name><price>1.66</price></item><item><name>Quarter Pounder with Cheese</name><price>1.87</price></item><item><name>McDouble</name><price>7.41</price></item></category><category><name>Salads</name><item><name>Side Salad</name><price>1.6</price></item></category></menu><employees><employee><name>SHdM9pUL</name><position>Manager</position><hourlyWage>16.99</hourlyWage></employee><employee><name>HOQaYmHz</name><position>Manager</position><hourlyWage>16.87</hourlyWage></employee><employee><name>vRXDdUGV</name><position>Cook</position><hourlyWage>19.07</hourlyWage></employee><employee><name>VKVQhc8W</name><position>Cashier</position><hourlyWage>16.97</hourlyWage></employee><employee><name>jGqp4H7R</name><position>Cashier</position><hourlyWage>16.64</hourlyWage></employee><employee><name>5I8sJKQ0</name><position>Waiter</position><hourlyWage>8.58</hourlyWage></employee><employee><name>J50LX7rt</name><position>Cashier</position><hourlyWage>17.19</hourlyWage></employee><employee><name>NAvFtOUl</name><position>Manager</position><hourlyWage>16.54</hourlyWage></employee><employee><name>fCpd3a76</name><position>Manager</position><hourlyWage>17.68</hourlyWage></employee></employees><operatingHours><day><name>Monday</name><openingTime>09:00</openingTime><closingTime>22:00</closingTime></day><day><name>Tuesday</name><openingTime>09:00</openingTime><closingTime>22:00</closingTime></day><day><name>Wednesday</name><openingTime>09:00</openingTime><closingTime>22:00</closingTime></day><day><name>Thursday</name><openingTime>09:00</openingTime><closingTime>22:00</closingTime></day><day><name>Friday</name><openingTime>09:00</openingTime><closingTime>22:00</closingTime></day><day><name>Saturday</name><openingTime>09:00</openingTime><closingTime>22:00</closingTime></day><day><name>Sunday</name><openingTime>09:00</openingTime><closingTime>22:00</closingTime></day></operatingHours><onlineOrdering>false</onlineOrdering><loyaltyProgramEnabled>true</loyaltyProgramEnabled><driveThruAvailable>false</driveThruAvailable><language>French</language><taxReference>ob9KPp9z</taxReference><operations /></restaurantConfig>