<restaurantConfig><name>dEhJUfAjrf</name><location><city>Memphis</city><zipcode>15905</zipcode></location><currency>USD</currency><timezone>EST</timezone><menu><category><name>Burgers</name><item><name>McChicken</name><price>4.11</price></item></category><category><name>Chicken &amp; Sandwiches</name><item><name>Buttermilk Crispy Chicken Sandwich</name><price>9.21</price></item></category><category><name>Salads</name><item><name>Southwest Grilled Chicken Salad</name><price>1.42</price></item><item><name>Bacon Ranch Salad</name><price>9.11</price></item></category><category><name>Breakfast</name><item><name>Egg McMuffin</name><price>6.77</price></item></category></menu><employees><employee><name>Du6AF4j0</name><position>Manager</position><hourlyWage>9.24</hourlyWage></employee><employee><name>mYBYppu1</name><position>Cashier</position><hourlyWage>14.83</hourlyWage></employee><employee><name>Ks1QNQ18</name><position>Cashier</position><hourlyWage>17.29</hourlyWage></employee><employee><name>KoKyZSdd</name><position>Cook</position><hourlyWage>15.21</hourlyWage></employee><employee><name>XM6DPLzn</name><position>Manager</position><hourlyWage>18.6</hourlyWage></employee><employee><name>TaSZnyny</name><position>Waiter</position><hourlyWage>8.7</hourlyWage></employee><employee><name>XWgureO3</name><position>Cashier</position><hourlyWage>10.31</hourlyWage></employee><employee><name>xpUW1eqs</name><position>Cashier</position><hourlyWage>8.09</hourlyWage></employee><employee><name>zPBxwkrq</name><position>Cook</position><hourlyWage>18.62</hourlyWage></employee><employee><name>QOzvbngC</name><position>Manager</position><hourlyWage>10.29</hourlyWage></employee></employees><operatingHours><day><name>Monday</name><openingTime>09:00</openingTime><closingTime>22:00</closingTime></day><day><name>Tuesday</name><openingTime>09:00</openingTime><closingTime>22:00</closingTime></day><day><name>Wednesday</name><openingTime>09:00</openingTime><closingTime>22:00</closingTime></day><day><name>Thursday</name><openingTime>09:00</openingTime><closingTime>22:00</closingTime></day><day><name>Friday</name><openingTime>09:00</openingTime><closingTime>22:00</closingTime></day><day><name>Saturday</name><openingTime>09:00</openingTime><closingTime>22:00</closingTime></day><day><name>Sunday</name><openingTime>09:00</openingTime><closingTime>22:00</closingTime></day></operatingHours><onlineOrdering>false</onlineOrdering><loyaltyProgramEnabled>true</loyaltyProgramEnabled><driveThruAvailable>true</driveThruAvailable><language>French</language><taxReference>MvXxIWCZ</taxReference><operations /></restaurantConfig>