<restaurantConfig><name>V93yVBgLa9</name><location><city>El Paso</city><zipcode>19090</zipcode></location><currency>USD</currency><timezone>EST</timezone><menu><category><name>Burgers</name><item><name>Big Mac</name><price>8.08</price></item><item><name>Filet-O-Fish</name><price>4.68</price></item><item><name>Quarter Pounder with Cheese</name><price>5.24</price></item></category><category><name>Snacks &amp; Sides</name><item><name>French Fries</name><price>4.15</price></item></category></menu><employees><employee><name>s4NQqZua</name><position>Manager</position><hourlyWage>16.43</hourlyWage></employee><employee><name>ok8NIrV6</name><position>Waiter</position><hourlyWage>13.49</hourlyWage></employee><employee><name>7kdVOCej</name><position>Waiter</position><hourlyWage>14.64</hourlyWage></employee><employee><name>E3VQxKm7</name><position>Cook</position><hourlyWage>12.4</hourlyWage></employee><employee><name>3WJqShTa</name><position>Manager</position><hourlyWage>11.99</hourlyWage></employee><employee><name>Mql0JSFW</name><position>Manager</position><hourlyWage>9.84</hourlyWage></employee><employee><name>jipEzHsP</name><position>Manager</position><hourlyWage>12.3</hourlyWage></employee><employee><name>1605Y2Ii</name><position>Cashier</position><hourlyWage>17.47</hourlyWage></employee><employee><name>0GCarvye</name><position>Manager</position><hourlyWage>11.69</hourlyWage></employee></employees><operatingHours><day><name>Monday</name><openingTime>09:00</openingTime><closingTime>22:00</closingTime></day><day><name>Tuesday</name><openingTime>09:00</openingTime><closingTime>22:00</closingTime></day><day><name>Wednesday</name><openingTime>09:00</openingTime><closingTime>22:00</closingTime></day><day><name>Thursday</name><openingTime>09:00</openingTime><closingTime>22:00</closingTime></day><day><name>Friday</name><openingTime>09:00</openingTime><closingTime>22:00</closingTime></day><day><name>Saturday</name><openingTime>09:00</openingTime><closingTime>22:00</closingTime></day><day><name>Sunday</name><openingTime>09:00</openingTime><closingTime>22:00</closingTime></day></operatingHours><onlineOrdering>false</onlineOrdering><loyaltyProgramEnabled>false</loyaltyProgramEnabled><driveThruAvailable>true</driveThruAvailable><language>French</language><taxReference>ztTlS6EC</taxReference><operations /></restaurantConfig>