<restaurantConfig><name>OZPPKJP3AK</name><location><city>Portland</city><zipcode>21938</zipcode></location><currency>USD</currency><timezone>EST</timezone><menu><category><name>Burgers</name><item><name>Quarter Pounder with Cheese</name><price>7.06</price></item><item><name>McChicken</name><price>2.72</price></item></category><category><name>Breakfast</name><item><name>Hash Browns</name><price>8.05</price></item><item><name>Egg McMuffin</name><price>1.18</price></item><item><name>Hotcakes</name><price>2.8</price></item><item><name>Sausage McMuffin</name><price>6.15</price></item></category></menu><employees><employee><name>vZDMpv87</name><position>Cook</position><hourlyWage>18.72</hourlyWage></employee><employee><name>rjSwervF</name><position>Cashier</position><hourlyWage>8.42</hourlyWage></employee><employee><name>1ZifWIk7</name><position>Manager</position><hourlyWage>8.55</hourlyWage></employee><employee><name>P218toRW</name><position>Cashier</position><hourlyWage>11.43</hourlyWage></employee></employees><operatingHours><day><name>Monday</name><openingTime>09:00</openingTime><closingTime>22:00</closingTime></day><day><name>Tuesday</name><openingTime>09:00</openingTime><closingTime>22:00</closingTime></day><day><name>Wednesday</name><openingTime>09:00</openingTime><closingTime>22:00</closingTime></day><day><name>Thursday</name><openingTime>09:00</openingTime><closingTime>22:00</closingTime></day><day><name>Friday</name><openingTime>09:00</openingTime><closingTime>22:00</closingTime></day><day><name>Saturday</name><openingTime>09:00</openingTime><closingTime>22:00</closingTime></day><day><name>Sunday</name><openingTime>09:00</openingTime><closingTime>22:00</closingTime></day></operatingHours><onlineOrdering>false</onlineOrdering><loyaltyProgramEnabled>false</loyaltyProgramEnabled><driveThruAvailable>true</driveThruAvailable><language>Spanish</language><taxReference>TWCvvoml</taxReference><operations /></restaurantConfig>