<restaurantConfig><name>fpVR9p4svi</name><location><city>Virginia Beach</city><zipcode>35564</zipcode></location><currency>USD</currency><timezone>EST</timezone><menu><category><name>Burgers</name><item><name>Big Mac</name><price>2.91</price></item><item><name>Quarter Pounder with Cheese</name><price>5.91</price></item><item><name>McDouble</name><price>7.76</price></item></category><category><name>Chicken &amp; Sandwiches</name><item><name>Buttermilk Crispy Chicken Sandwich</name><price>8.48</price></item><item><name>Spicy McChicken</name><price>7.14</price></item></category><category><name>Snacks &amp; Sides</name><item><name>Apple Slices</name><price>5.1</price></item><item><name>French Fries</name><price>5.56</price></item><item><name>McNuggets</name><price>1.37</price></item></category></menu><employees><employee><name>qkapfcG1</name><position>Cashier</position><hourlyWage>14.82</hourlyWage></employee><employee><name>3QXWQ1A6</name><position>Manager</position><hourlyWage>11.1</hourlyWage></employee><employee><name>tdxiErcV</name><position>Waiter</position><hourlyWage>12.68</hourlyWage></employee><employee><name>CPRnYMvv</name><position>Cook</position><hourlyWage>11.84</hourlyWage></employee><employee><name>KuJI0Hf4</name><position>Cook</position><hourlyWage>19.81</hourlyWage></employee><employee><name>4QXhA0SU</name><position>Cook</position><hourlyWage>19.89</hourlyWage></employee></employees><operatingHours><day><name>Monday</name><openingTime>09:00</openingTime><closingTime>22:00</closingTime></day><day><name>Tuesday</name><openingTime>09:00</openingTime><closingTime>22:00</closingTime></day><day><name>Wednesday</name><openingTime>09:00</openingTime><closingTime>22:00</closingTime></day><day><name>Thursday</name><openingTime>09:00</openingTime><closingTime>22:00</closingTime></day><day><name>Friday</name><openingTime>09:00</openingTime><closingTime>22:00</closingTime></day><day><name>Saturday</name><openingTime>09:00</openingTime><closingTime>22:00</closingTime></day><day><name>Sunday</name><openingTime>09:00</openingTime><closingTime>22:00</closingTime></day></operatingHours><onlineOrdering>false</onlineOrdering><loyaltyProgramEnabled>false</loyaltyProgramEnabled><driveThruAvailable>true</driveThruAvailable><language>French</language><taxReference>4lfle0Q0</taxReference><operations /></restaurantConfig>