<restaurantConfig><name>BWGsTeMLDt</name><location><city>Washington</city><zipcode>40992</zipcode></location><currency>USD</currency><timezone>EST</timezone><menu><category><name>Burgers</name><item><name>McDouble</name><price>1.9</price></item><item><name>Quarter Pounder with Cheese</name><price>3.81</price></item><item><name>Big Mac</name><price>3.23</price></item></category><category><name>Chicken &amp; Sandwiches</name><item><name>Buttermilk Crispy Chicken Sandwich</name><price>3.4</price></item></category><category><name>Salads</name><item><name>Side Salad</name><price>8.4</price></item><item><name>Bacon Ranch Salad</name><price>5.95</price></item></category><category><name>Breakfast</name><item><name>Hotcakes</name><price>2.2</price></item></category></menu><employees><employee><name>7bNtfphS</name><position>Manager</position><hourlyWage>17.52</hourlyWage></employee><employee><name>6yCBZY0I</name><position>Cook</position><hourlyWage>14.29</hourlyWage></employee><employee><name>dDoeIwfm</name><position>Cashier</position><hourlyWage>14.25</hourlyWage></employee><employee><name>6nchyBiT</name><position>Cashier</position><hourlyWage>12.58</hourlyWage></employee></employees><operatingHours><day><name>Monday</name><openingTime>09:00</openingTime><closingTime>22:00</closingTime></day><day><name>Tuesday</name><openingTime>09:00</openingTime><closingTime>22:00</closingTime></day><day><name>Wednesday</name><openingTime>09:00</openingTime><closingTime>22:00</closingTime></day><day><name>Thursday</name><openingTime>09:00</openingTime><closingTime>22:00</closingTime></day><day><name>Friday</name><openingTime>09:00</openingTime><closingTime>22:00</closingTime></day><day><name>Saturday</name><openingTime>09:00</openingTime><closingTime>22:00</closingTime></day><day><name>Sunday</name><openingTime>09:00</openingTime><closingTime>22:00</closingTime></day></operatingHours><onlineOrdering>true</onlineOrdering><loyaltyProgramEnabled>false</loyaltyProgramEnabled><driveThruAvailable>true</driveThruAvailable><language>French</language><taxReference>QC5HzyP1</taxReference><operations /></restaurantConfig>