<restaurantConfig><name>PWZ6UzM73E</name><location><city>Albuquerque</city><zipcode>22238</zipcode></location><currency>USD</currency><timezone>EST</timezone><menu><category><name>Burgers</name><item><name>Filet-O-Fish</name><price>3.81</price></item><item><name>Big Mac</name><price>5.31</price></item><item><name>McChicken</name><price>5.96</price></item></category><category><name>Chicken &amp; Sandwiches</name><item><name>Spicy McChicken</name><price>5.39</price></item><item><name>Artisan Grilled Chicken Sandwich</name><price>8.56</price></item><item><name>McChicken Deluxe</name><price>1.26</price></item><item><name>Buttermilk Crispy Chicken Sandwich</name><price>5.12</price></item></category><category><name>Salads</name><item><name>Bacon Ranch Salad</name><price>7.25</price></item></category></menu><employees><employee><name>XME6KeIs</name><position>Cashier</position><hourlyWage>8.49</hourlyWage></employee><employee><name>nMXyCkxD</name><position>Cashier</position><hourlyWage>14.44</hourlyWage></employee><employee><name>GGAoPZ7U</name><position>Manager</position><hourlyWage>12.91</hourlyWage></employee><employee><name>G6B2dySy</name><position>Cashier</position><hourlyWage>17.52</hourlyWage></employee></employees><operatingHours><day><name>Monday</name><openingTime>09:00</openingTime><closingTime>22:00</closingTime></day><day><name>Tuesday</name><openingTime>09:00</openingTime><closingTime>22:00</closingTime></day><day><name>Wednesday</name><openingTime>09:00</openingTime><closingTime>22:00</closingTime></day><day><name>Thursday</name><openingTime>09:00</openingTime><closingTime>22:00</closingTime></day><day><name>Friday</name><openingTime>09:00</openingTime><closingTime>22:00</closingTime></day><day><name>Saturday</name><openingTime>09:00</openingTime><closingTime>22:00</closingTime></day><day><name>Sunday</name><openingTime>09:00</openingTime><closingTime>22:00</closingTime></day></operatingHours><onlineOrdering>true</onlineOrdering><loyaltyProgramEnabled>false</loyaltyProgramEnabled><driveThruAvailable>false</driveThruAvailable><language>German</language><taxReference>wH254kAy</taxReference><operations /></restaurantConfig>