<restaurantConfig><name>oZd8VPKuTo</name><location><city>San Diego</city><zipcode>80747</zipcode></location><currency>USD</currency><timezone>EST</timezone><menu><category><name>Burgers</name><item><name>McChicken</name><price>9.15</price></item><item><name>Quarter Pounder with Cheese</name><price>1.04</price></item><item><name>Filet-O-Fish</name><price>5.13</price></item><item><name>McDouble</name><price>9.4</price></item></category></menu><employees><employee><name>7OjWiFE2</name><position>Cook</position><hourlyWage>18.3</hourlyWage></employee><employee><name>S4Gq6UFt</name><position>Waiter</position><hourlyWage>18.02</hourlyWage></employee></employees><operatingHours><day><name>Monday</name><openingTime>09:00</openingTime><closingTime>22:00</closingTime></day><day><name>Tuesday</name><openingTime>09:00</openingTime><closingTime>22:00</closingTime></day><day><name>Wednesday</name><openingTime>09:00</openingTime><closingTime>22:00</closingTime></day><day><name>Thursday</name><openingTime>09:00</openingTime><closingTime>22:00</closingTime></day><day><name>Friday</name><openingTime>09:00</openingTime><closingTime>22:00</closingTime></day><day><name>Saturday</name><openingTime>09:00</openingTime><closingTime>22:00</closingTime></day><day><name>Sunday</name><openingTime>09:00</openingTime><closingTime>22:00</closingTime></day></operatingHours><onlineOrdering>true</onlineOrdering><loyaltyProgramEnabled>true</loyaltyProgramEnabled><driveThruAvailable>true</driveThruAvailable><language>English</language><taxReference>ySGu6nYG</taxReference><operations /></restaurantConfig>