<restaurantConfig><name>nP9f11xoEy</name><location><city>Portland</city><zipcode>49267</zipcode></location><currency>USD</currency><timezone>EST</timezone><menu><category><name>Chicken &amp; Sandwiches</name><item><name>McChicken Deluxe</name><price>3.45</price></item></category><category><name>Salads</name><item><name>Bacon Ranch Salad</name><price>3.71</price></item><item><name>Southwest Grilled Chicken Salad</name><price>6.32</price></item></category></menu><employees><employee><name>XQVZkmR6</name><position>Cook</position><hourlyWage>13.54</hourlyWage></employee><employee><name>9zaPDfyQ</name><position>Waiter</position><hourlyWage>9.5</hourlyWage></employee><employee><name>bMjqQNUN</name><position>Cook</position><hourlyWage>13.5</hourlyWage></employee><employee><name>Y9ZfJllo</name><position>Cook</position><hourlyWage>13.35</hourlyWage></employee><employee><name>ZdkxdUGd</name><position>Cashier</position><hourlyWage>18.05</hourlyWage></employee><employee><name>9VPB3SGg</name><position>Manager</position><hourlyWage>13.89</hourlyWage></employee><employee><name>m5WsaKX0</name><position>Cashier</position><hourlyWage>10.31</hourlyWage></employee><employee><name>TgxYLV0k</name><position>Cashier</position><hourlyWage>17.44</hourlyWage></employee><employee><name>fn8uK5MN</name><position>Cook</position><hourlyWage>19.27</hourlyWage></employee></employees><operatingHours><day><name>Monday</name><openingTime>09:00</openingTime><closingTime>22:00</closingTime></day><day><name>Tuesday</name><openingTime>09:00</openingTime><closingTime>22:00</closingTime></day><day><name>Wednesday</name><openingTime>09:00</openingTime><closingTime>22:00</closingTime></day><day><name>Thursday</name><openingTime>09:00</openingTime><closingTime>22:00</closingTime></day><day><name>Friday</name><openingTime>09:00</openingTime><closingTime>22:00</closingTime></day><day><name>Saturday</name><openingTime>09:00</openingTime><closingTime>22:00</closingTime></day><day><name>Sunday</name><openingTime>09:00</openingTime><closingTime>22:00</closingTime></day></operatingHours><onlineOrdering>true</onlineOrdering><loyaltyProgramEnabled>true</loyaltyProgramEnabled><driveThruAvailable>false</driveThruAvailable><language>English</language><taxReference>36s7HqIZ</taxReference><operations /></restaurantConfig>