<restaurantConfig><name>LHFJxwS9kD</name><location><city>New York</city><zipcode>96944</zipcode></location><currency>USD</currency><timezone>EST</timezone><menu><category><name>Chicken &amp; Sandwiches</name><item><name>Artisan Grilled Chicken Sandwich</name><price>6.21</price></item></category><category><name>Snacks &amp; Sides</name><item><name>French Fries</name><price>3.01</price></item><item><name>McNuggets</name><price>4.51</price></item><item><name>Apple Slices</name><price>7.42</price></item></category></menu><employees><employee><name>n9XB8WOc</name><position>Cook</position><hourlyWage>11.41</hourlyWage></employee><employee><name>AJ6XAuo0</name><position>Cashier</position><hourlyWage>10.7</hourlyWage></employee><employee><name>amECkvfW</name><position>Waiter</position><hourlyWage>15.99</hourlyWage></employee><employee><name>k7cmEVK5</name><position>Waiter</position><hourlyWage>16.0</hourlyWage></employee></employees><operatingHours><day><name>Monday</name><openingTime>09:00</openingTime><closingTime>22:00</closingTime></day><day><name>Tuesday</name><openingTime>09:00</openingTime><closingTime>22:00</closingTime></day><day><name>Wednesday</name><openingTime>09:00</openingTime><closingTime>22:00</closingTime></day><day><name>Thursday</name><openingTime>09:00</openingTime><closingTime>22:00</closingTime></day><day><name>Friday</name><openingTime>09:00</openingTime><closingTime>22:00</closingTime></day><day><name>Saturday</name><openingTime>09:00</openingTime><closingTime>22:00</closingTime></day><day><name>Sunday</name><openingTime>09:00</openingTime><closingTime>22:00</closingTime></day></operatingHours><onlineOrdering>false</onlineOrdering><loyaltyProgramEnabled>true</loyaltyProgramEnabled><driveThruAvailable>false</driveThruAvailable><language>German</language><taxReference>eRgI8KZR</taxReference><operations /></restaurantConfig>