<restaurantConfig><name>VqJeQu5qGe</name><location><city>Colorado Springs</city><zipcode>81498</zipcode></location><currency>USD</currency><timezone>EST</timezone><menu><category><name>Breakfast</name><item><name>Big Breakfast</name><price>5.71</price></item><item><name>Sausage McMuffin</name><price>3.17</price></item><item><name>Hash Browns</name><price>9.61</price></item></category></menu><employees><employee><name>WABYqlVJ</name><position>Cashier</position><hourlyWage>11.46</hourlyWage></employee><employee><name>rnoO6EY0</name><position>Waiter</position><hourlyWage>17.52</hourlyWage></employee><employee><name>5zTMy71X</name><position>Cashier</position><hourlyWage>16.37</hourlyWage></employee><employee><name>jdZx3dPt</name><position>Cook</position><hourlyWage>18.81</hourlyWage></employee><employee><name>Ho9veCW7</name><position>Cook</position><hourlyWage>8.97</hourlyWage></employee><employee><name>uIAVCGxg</name><position>Cook</position><hourlyWage>13.51</hourlyWage></employee></employees><operatingHours><day><name>Monday</name><openingTime>09:00</openingTime><closingTime>22:00</closingTime></day><day><name>Tuesday</name><openingTime>09:00</openingTime><closingTime>22:00</closingTime></day><day><name>Wednesday</name><openingTime>09:00</openingTime><closingTime>22:00</closingTime></day><day><name>Thursday</name><openingTime>09:00</openingTime><closingTime>22:00</closingTime></day><day><name>Friday</name><openingTime>09:00</openingTime><closingTime>22:00</closingTime></day><day><name>Saturday</name><openingTime>09:00</openingTime><closingTime>22:00</closingTime></day><day><name>Sunday</name><openingTime>09:00</openingTime><closingTime>22:00</closingTime></day></operatingHours><onlineOrdering>false</onlineOrdering><loyaltyProgramEnabled>true</loyaltyProgramEnabled><driveThruAvailable>false</driveThruAvailable><language>Spanish</language><taxReference>LlZxCt7C</taxReference><operations /></restaurantConfig>