<restaurantConfig><name>awEvsrkMxI</name><location><city>Mesa</city><zipcode>93016</zipcode></location><currency>USD</currency><timezone>EST</timezone><menu><category><name>Burgers</name><item><name>McChicken</name><price>6.67</price></item><item><name>Big Mac</name><price>5.98</price></item></category><category><name>Salads</name><item><name>Side Salad</name><price>7.05</price></item><item><name>Bacon Ranch Salad</name><price>1.12</price></item><item><name>Southwest Grilled Chicken Salad</name><price>6.98</price></item></category><category><name>Snacks &amp; Sides</name><item><name>Apple Slices</name><price>8.26</price></item><item><name>French Fries</name><price>2.27</price></item><item><name>McNuggets</name><price>6.62</price></item></category></menu><employees><employee><name>7HaB8LCF</name><position>Waiter</position><hourlyWage>12.3</hourlyWage></employee><employee><name>dBCcqCnf</name><position>Manager</position><hourlyWage>17.64</hourlyWage></employee><employee><name>9W2oFmPC</name><position>Waiter</position><hourlyWage>15.32</hourlyWage></employee><employee><name>tQQOdsYl</name><position>Cook</position><hourlyWage>12.63</hourlyWage></employee><employee><name>QCdUVygy</name><position>Cook</position><hourlyWage>10.41</hourlyWage></employee><employee><name>O5EmhuLt</name><position>Cook</position><hourlyWage>14.97</hourlyWage></employee><employee><name>EUk2pTRF</name><position>Cashier</position><hourlyWage>16.0</hourlyWage></employee><employee><name>99SMTX2r</name><position>Cook</position><hourlyWage>15.63</hourlyWage></employee><employee><name>1QX2xNOg</name><position>Cashier</position><hourlyWage>13.27</hourlyWage></employee><employee><name>JtE2bkQF</name><position>Cook</position><hourlyWage>9.12</hourlyWage></employee></employees><operatingHours><day><name>Monday</name><openingTime>09:00</openingTime><closingTime>22:00</closingTime></day><day><name>Tuesday</name><openingTime>09:00</openingTime><closingTime>22:00</closingTime></day><day><name>Wednesday</name><openingTime>09:00</openingTime><closingTime>22:00</closingTime></day><day><name>Thursday</name><openingTime>09:00</openingTime><closingTime>22:00</closingTime></day><day><name>Friday</name><openingTime>09:00</openingTime><closingTime>22:00</closingTime></day><day><name>Saturday</name><openingTime>09:00</openingTime><closingTime>22:00</closingTime></day><day><name>Sunday</name><openingTime>09:00</openingTime><closingTime>22:00</closingTime></day></operatingHours><onlineOrdering>false</onlineOrdering><loyaltyProgramEnabled>true</loyaltyProgramEnabled><driveThruAvailable>true</driveThruAvailable><language>German</language><taxReference>jUupaaRS</taxReference><operations /></restaurantConfig>