<restaurantConfig><name>5bQilI6Kds</name><location><city>Miami</city><zipcode>48577</zipcode></location><currency>USD</currency><timezone>EST</timezone><menu><category><name>Chicken &amp; Sandwiches</name><item><name>McChicken Deluxe</name><price>6.96</price></item><item><name>Buttermilk Crispy Chicken Sandwich</name><price>9.16</price></item><item><name>Artisan Grilled Chicken Sandwich</name><price>3.14</price></item><item><name>Spicy McChicken</name><price>8.41</price></item></category><category><name>Salads</name><item><name>Side Salad</name><price>7.55</price></item></category><category><name>Breakfast</name><item><name>Egg McMuffin</name><price>9.66</price></item><item><name>Big Breakfast</name><price>2.43</price></item></category><category><name>Snacks &amp; Sides</name><item><name>Apple Slices</name><price>4.85</price></item><item><name>McNuggets</name><price>1.71</price></item></category></menu><employees><employee><name>DAugf3bn</name><position>Cashier</position><hourlyWage>19.0</hourlyWage></employee><employee><name>oTIFiTaQ</name><position>Cashier</position><hourlyWage>12.01</hourlyWage></employee><employee><name>OtuQriOl</name><position>Cashier</position><hourlyWage>12.04</hourlyWage></employee><employee><name>6jcKp45T</name><position>Cashier</position><hourlyWage>18.28</hourlyWage></employee><employee><name>jUsiQqGb</name><position>Manager</position><hourlyWage>18.08</hourlyWage></employee><employee><name>98UvzH3w</name><position>Waiter</position><hourlyWage>14.43</hourlyWage></employee></employees><operatingHours><day><name>Monday</name><openingTime>09:00</openingTime><closingTime>22:00</closingTime></day><day><name>Tuesday</name><openingTime>09:00</openingTime><closingTime>22:00</closingTime></day><day><name>Wednesday</name><openingTime>09:00</openingTime><closingTime>22:00</closingTime></day><day><name>Thursday</name><openingTime>09:00</openingTime><closingTime>22:00</closingTime></day><day><name>Friday</name><openingTime>09:00</openingTime><closingTime>22:00</closingTime></day><day><name>Saturday</name><openingTime>09:00</openingTime><closingTime>22:00</closingTime></day><day><name>Sunday</name><openingTime>09:00</openingTime><closingTime>22:00</closingTime></day></operatingHours><onlineOrdering>false</onlineOrdering><loyaltyProgramEnabled>true</loyaltyProgramEnabled><driveThruAvailable>false</driveThruAvailable><language>French</language><taxReference>CLl362OU</taxReference><operations /></restaurantConfig>