<restaurantConfig><name>q506tO7PAK</name><location><city>Chicago</city><zipcode>74802</zipcode></location><currency>USD</currency><timezone>EST</timezone><menu><category><name>Salads</name><item><name>Southwest Grilled Chicken Salad</name><price>4.74</price></item></category><category><name>Breakfast</name><item><name>Big Breakfast</name><price>8.67</price></item></category></menu><employees><employee><name>uQfJcKzv</name><position>Manager</position><hourlyWage>10.17</hourlyWage></employee><employee><name>c94Gz7wc</name><position>Waiter</position><hourlyWage>8.97</hourlyWage></employee><employee><name>lJV7K4Ex</name><position>Waiter</position><hourlyWage>9.07</hourlyWage></employee><employee><name>jGpMkm2T</name><position>Waiter</position><hourlyWage>19.99</hourlyWage></employee></employees><operatingHours><day><name>Monday</name><openingTime>09:00</openingTime><closingTime>22:00</closingTime></day><day><name>Tuesday</name><openingTime>09:00</openingTime><closingTime>22:00</closingTime></day><day><name>Wednesday</name><openingTime>09:00</openingTime><closingTime>22:00</closingTime></day><day><name>Thursday</name><openingTime>09:00</openingTime><closingTime>22:00</closingTime></day><day><name>Friday</name><openingTime>09:00</openingTime><closingTime>22:00</closingTime></day><day><name>Saturday</name><openingTime>09:00</openingTime><closingTime>22:00</closingTime></day><day><name>Sunday</name><openingTime>09:00</openingTime><closingTime>22:00</closingTime></day></operatingHours><onlineOrdering>true</onlineOrdering><loyaltyProgramEnabled>false</loyaltyProgramEnabled><driveThruAvailable>true</driveThruAvailable><language>Spanish</language><taxReference>zSpOxvzz</taxReference><operations /></restaurantConfig>