<restaurantConfig><name>HIxMR25UCB</name><location><city>San Francisco</city><zipcode>42681</zipcode></location><currency>USD</currency><timezone>EST</timezone><menu><category><name>Chicken &amp; Sandwiches</name><item><name>McChicken Deluxe</name><price>5.76</price></item></category></menu><employees><employee><name>9Y3I424s</name><position>Cashier</position><hourlyWage>10.28</hourlyWage></employee><employee><name>gQL0Wx5q</name><position>Cook</position><hourlyWage>18.0</hourlyWage></employee><employee><name>t4WTdrnL</name><position>Waiter</position><hourlyWage>11.95</hourlyWage></employee><employee><name>VHL9DuZm</name><position>Manager</position><hourlyWage>17.3</hourlyWage></employee></employees><operatingHours><day><name>Monday</name><openingTime>09:00</openingTime><closingTime>22:00</closingTime></day><day><name>Tuesday</name><openingTime>09:00</openingTime><closingTime>22:00</closingTime></day><day><name>Wednesday</name><openingTime>09:00</openingTime><closingTime>22:00</closingTime></day><day><name>Thursday</name><openingTime>09:00</openingTime><closingTime>22:00</closingTime></day><day><name>Friday</name><openingTime>09:00</openingTime><closingTime>22:00</closingTime></day><day><name>Saturday</name><openingTime>09:00</openingTime><closingTime>22:00</closingTime></day><day><name>Sunday</name><openingTime>09:00</openingTime><closingTime>22:00</closingTime></day></operatingHours><onlineOrdering>false</onlineOrdering><loyaltyProgramEnabled>false</loyaltyProgramEnabled><driveThruAvailable>true</driveThruAvailable><language>French</language><taxReference>rSao2d6c</taxReference><operations /></restaurantConfig>