<restaurantConfig><name>k6V1WQTosC</name><location><city>Washington</city><zipcode>43462</zipcode></location><currency>USD</currency><timezone>EST</timezone><menu><category><name>Burgers</name><item><name>McChicken</name><price>6.44</price></item><item><name>McDouble</name><price>6.04</price></item><item><name>Quarter Pounder with Cheese</name><price>1.31</price></item></category><category><name>Breakfast</name><item><name>Sausage McMuffin</name><price>4.58</price></item><item><name>Hotcakes</name><price>2.67</price></item></category><category><name>Snacks &amp; Sides</name><item><name>McNuggets</name><price>1.14</price></item></category></menu><employees><employee><name>7P3XA01X</name><position>Waiter</position><hourlyWage>13.94</hourlyWage></employee><employee><name>CNUrAxrW</name><position>Cashier</position><hourlyWage>19.15</hourlyWage></employee><employee><name>IkhTOolZ</name><position>Cook</position><hourlyWage>17.99</hourlyWage></employee><employee><name>qbcfKifd</name><position>Cashier</position><hourlyWage>18.08</hourlyWage></employee></employees><operatingHours><day><name>Monday</name><openingTime>09:00</openingTime><closingTime>22:00</closingTime></day><day><name>Tuesday</name><openingTime>09:00</openingTime><closingTime>22:00</closingTime></day><day><name>Wednesday</name><openingTime>09:00</openingTime><closingTime>22:00</closingTime></day><day><name>Thursday</name><openingTime>09:00</openingTime><closingTime>22:00</closingTime></day><day><name>Friday</name><openingTime>09:00</openingTime><closingTime>22:00</closingTime></day><day><name>Saturday</name><openingTime>09:00</openingTime><closingTime>22:00</closingTime></day><day><name>Sunday</name><openingTime>09:00</openingTime><closingTime>22:00</closingTime></day></operatingHours><onlineOrdering>true</onlineOrdering><loyaltyProgramEnabled>false</loyaltyProgramEnabled><driveThruAvailable>false</driveThruAvailable><language>English</language><taxReference>WdqwDR9H</taxReference><operations /></restaurantConfig>