<restaurantConfig><name>omglnkJCOU</name><location><city>Columbus</city><zipcode>27132</zipcode></location><currency>USD</currency><timezone>EST</timezone><menu><category><name>Burgers</name><item><name>McChicken</name><price>4.67</price></item><item><name>Quarter Pounder with Cheese</name><price>3.73</price></item><item><name>McDouble</name><price>7.18</price></item><item><name>Big Mac</name><price>6.45</price></item><item><name>Filet-O-Fish</name><price>8.77</price></item></category><category><name>Breakfast</name><item><name>Hash Browns</name><price>5.74</price></item><item><name>Big Breakfast</name><price>7.82</price></item><item><name>Sausage McMuffin</name><price>5.06</price></item></category></menu><employees><employee><name>eT3vyvYZ</name><position>Cashier</position><hourlyWage>9.67</hourlyWage></employee></employees><operatingHours><day><name>Monday</name><openingTime>09:00</openingTime><closingTime>22:00</closingTime></day><day><name>Tuesday</name><openingTime>09:00</openingTime><closingTime>22:00</closingTime></day><day><name>Wednesday</name><openingTime>09:00</openingTime><closingTime>22:00</closingTime></day><day><name>Thursday</name><openingTime>09:00</openingTime><closingTime>22:00</closingTime></day><day><name>Friday</name><openingTime>09:00</openingTime><closingTime>22:00</closingTime></day><day><name>Saturday</name><openingTime>09:00</openingTime><closingTime>22:00</closingTime></day><day><name>Sunday</name><openingTime>09:00</openingTime><closingTime>22:00</closingTime></day></operatingHours><onlineOrdering>false</onlineOrdering><loyaltyProgramEnabled>false</loyaltyProgramEnabled><driveThruAvailable>false</driveThruAvailable><language>Spanish</language><taxReference>9r92684Q</taxReference><operations /></restaurantConfig>