<restaurantConfig><name>UFtTrJzl6R</name><location><city>Fort Worth</city><zipcode>60288</zipcode></location><currency>USD</currency><timezone>EST</timezone><menu><category><name>Burgers</name><item><name>Big Mac</name><price>6.65</price></item><item><name>McDouble</name><price>3.03</price></item><item><name>Quarter Pounder with Cheese</name><price>6.61</price></item><item><name>Filet-O-Fish</name><price>9.91</price></item></category><category><name>Chicken &amp; Sandwiches</name><item><name>McChicken Deluxe</name><price>2.35</price></item><item><name>Artisan Grilled Chicken Sandwich</name><price>3.99</price></item><item><name>Buttermilk Crispy Chicken Sandwich</name><price>5.96</price></item></category><category><name>Snacks &amp; Sides</name><item><name>French Fries</name><price>6.61</price></item></category></menu><employees><employee><name>5xGW44w0</name><position>Cook</position><hourlyWage>14.04</hourlyWage></employee><employee><name>NcDTus5S</name><position>Cook</position><hourlyWage>18.22</hourlyWage></employee><employee><name>ME6eQJQV</name><position>Cook</position><hourlyWage>17.62</hourlyWage></employee><employee><name>xnKmjXtE</name><position>Cook</position><hourlyWage>14.85</hourlyWage></employee></employees><operatingHours><day><name>Monday</name><openingTime>09:00</openingTime><closingTime>22:00</closingTime></day><day><name>Tuesday</name><openingTime>09:00</openingTime><closingTime>22:00</closingTime></day><day><name>Wednesday</name><openingTime>09:00</openingTime><closingTime>22:00</closingTime></day><day><name>Thursday</name><openingTime>09:00</openingTime><closingTime>22:00</closingTime></day><day><name>Friday</name><openingTime>09:00</openingTime><closingTime>22:00</closingTime></day><day><name>Saturday</name><openingTime>09:00</openingTime><closingTime>22:00</closingTime></day><day><name>Sunday</name><openingTime>09:00</openingTime><closingTime>22:00</closingTime></day></operatingHours><onlineOrdering>true</onlineOrdering><loyaltyProgramEnabled>true</loyaltyProgramEnabled><driveThruAvailable>true</driveThruAvailable><language>English</language><taxReference>08FTWmYQ</taxReference><operations /></restaurantConfig>