<restaurantConfig><name>PX2m2m4Av1</name><location><city>Las Vegas</city><zipcode>78966</zipcode></location><currency>USD</currency><timezone>EST</timezone><menu><category><name>Chicken &amp; Sandwiches</name><item><name>McChicken Deluxe</name><price>6.52</price></item><item><name>Artisan Grilled Chicken Sandwich</name><price>4.85</price></item><item><name>Spicy McChicken</name><price>6.08</price></item></category><category><name>Salads</name><item><name>Bacon Ranch Salad</name><price>9.55</price></item><item><name>Southwest Grilled Chicken Salad</name><price>1.28</price></item></category><category><name>Breakfast</name><item><name>Big Breakfast</name><price>6.56</price></item><item><name>Hash Browns</name><price>5.89</price></item><item><name>Egg McMuffin</name><price>4.75</price></item></category></menu><employees><employee><name>C7RDnVjJ</name><position>Waiter</position><hourlyWage>19.33</hourlyWage></employee><employee><name>wxz3PNOz</name><position>Manager</position><hourlyWage>16.05</hourlyWage></employee><employee><name>IoJCinKC</name><position>Cashier</position><hourlyWage>9.15</hourlyWage></employee><employee><name>ktUPRKNo</name><position>Cashier</position><hourlyWage>19.63</hourlyWage></employee><employee><name>QaGbsluM</name><position>Manager</position><hourlyWage>15.91</hourlyWage></employee><employee><name>KMccJWp9</name><position>Waiter</position><hourlyWage>8.57</hourlyWage></employee><employee><name>9YtLgDwQ</name><position>Waiter</position><hourlyWage>12.12</hourlyWage></employee><employee><name>GLV15tdw</name><position>Cook</position><hourlyWage>15.88</hourlyWage></employee></employees><operatingHours><day><name>Monday</name><openingTime>09:00</openingTime><closingTime>22:00</closingTime></day><day><name>Tuesday</name><openingTime>09:00</openingTime><closingTime>22:00</closingTime></day><day><name>Wednesday</name><openingTime>09:00</openingTime><closingTime>22:00</closingTime></day><day><name>Thursday</name><openingTime>09:00</openingTime><closingTime>22:00</closingTime></day><day><name>Friday</name><openingTime>09:00</openingTime><closingTime>22:00</closingTime></day><day><name>Saturday</name><openingTime>09:00</openingTime><closingTime>22:00</closingTime></day><day><name>Sunday</name><openingTime>09:00</openingTime><closingTime>22:00</closingTime></day></operatingHours><onlineOrdering>true</onlineOrdering><loyaltyProgramEnabled>true</loyaltyProgramEnabled><driveThruAvailable>false</driveThruAvailable><language>English</language><taxReference>ugmiTmSp</taxReference><operations /></restaurantConfig>