<restaurantConfig><name>DiD9qlvgHp</name><location><city>Tulsa</city><zipcode>60073</zipcode></location><currency>USD</currency><timezone>EST</timezone><menu><category><name>Breakfast</name><item><name>Hash Browns</name><price>4.98</price></item><item><name>Egg McMuffin</name><price>6.74</price></item><item><name>Big Breakfast</name><price>2.25</price></item><item><name>Hotcakes</name><price>9.67</price></item><item><name>Sausage McMuffin</name><price>7.97</price></item></category></menu><employees><employee><name>xBcHfx2J</name><position>Cashier</position><hourlyWage>14.97</hourlyWage></employee><employee><name>Dz8snGyL</name><position>Manager</position><hourlyWage>16.58</hourlyWage></employee><employee><name>OSVVc7F1</name><position>Cashier</position><hourlyWage>16.85</hourlyWage></employee><employee><name>SlJQIjKV</name><position>Cook</position><hourlyWage>15.57</hourlyWage></employee><employee><name>jhonJJz7</name><position>Manager</position><hourlyWage>13.16</hourlyWage></employee><employee><name>v3WjKJGO</name><position>Manager</position><hourlyWage>17.59</hourlyWage></employee><employee><name>zcYzCvA9</name><position>Manager</position><hourlyWage>12.56</hourlyWage></employee><employee><name>VNbnOT3R</name><position>Cashier</position><hourlyWage>19.32</hourlyWage></employee><employee><name>NZIq1A4D</name><position>Manager</position><hourlyWage>16.14</hourlyWage></employee></employees><operatingHours><day><name>Monday</name><openingTime>09:00</openingTime><closingTime>22:00</closingTime></day><day><name>Tuesday</name><openingTime>09:00</openingTime><closingTime>22:00</closingTime></day><day><name>Wednesday</name><openingTime>09:00</openingTime><closingTime>22:00</closingTime></day><day><name>Thursday</name><openingTime>09:00</openingTime><closingTime>22:00</closingTime></day><day><name>Friday</name><openingTime>09:00</openingTime><closingTime>22:00</closingTime></day><day><name>Saturday</name><openingTime>09:00</openingTime><closingTime>22:00</closingTime></day><day><name>Sunday</name><openingTime>09:00</openingTime><closingTime>22:00</closingTime></day></operatingHours><onlineOrdering>false</onlineOrdering><loyaltyProgramEnabled>true</loyaltyProgramEnabled><driveThruAvailable>true</driveThruAvailable><language>French</language><taxReference>B8UJwwEx</taxReference><operations /></restaurantConfig>