<restaurantConfig><name>52p5X5G1ZD</name><location><city>Colorado Springs</city><zipcode>22341</zipcode></location><currency>USD</currency><timezone>EST</timezone><menu><category><name>Breakfast</name><item><name>Sausage McMuffin</name><price>4.05</price></item><item><name>Hash Browns</name><price>7.03</price></item><item><name>Big Breakfast</name><price>3.76</price></item></category></menu><employees><employee><name>xunNOzVv</name><position>Waiter</position><hourlyWage>18.14</hourlyWage></employee><employee><name>fgIipo1A</name><position>Cashier</position><hourlyWage>10.7</hourlyWage></employee><employee><name>B3IKXi8T</name><position>Manager</position><hourlyWage>10.48</hourlyWage></employee><employee><name>HqTC8oXt</name><position>Cook</position><hourlyWage>10.9</hourlyWage></employee><employee><name>NbeMTUFC</name><position>Manager</position><hourlyWage>11.95</hourlyWage></employee><employee><name>KttPsCDa</name><position>Manager</position><hourlyWage>8.08</hourlyWage></employee><employee><name>Bp6bkdt1</name><position>Waiter</position><hourlyWage>8.25</hourlyWage></employee></employees><operatingHours><day><name>Monday</name><openingTime>09:00</openingTime><closingTime>22:00</closingTime></day><day><name>Tuesday</name><openingTime>09:00</openingTime><closingTime>22:00</closingTime></day><day><name>Wednesday</name><openingTime>09:00</openingTime><closingTime>22:00</closingTime></day><day><name>Thursday</name><openingTime>09:00</openingTime><closingTime>22:00</closingTime></day><day><name>Friday</name><openingTime>09:00</openingTime><closingTime>22:00</closingTime></day><day><name>Saturday</name><openingTime>09:00</openingTime><closingTime>22:00</closingTime></day><day><name>Sunday</name><openingTime>09:00</openingTime><closingTime>22:00</closingTime></day></operatingHours><onlineOrdering>false</onlineOrdering><loyaltyProgramEnabled>false</loyaltyProgramEnabled><driveThruAvailable>false</driveThruAvailable><language>English</language><taxReference>aIPXwHfy</taxReference><operations /></restaurantConfig>