<restaurantConfig><name>tuDc6mlhft</name><location><city>Long Beach</city><zipcode>75011</zipcode></location><currency>USD</currency><timezone>EST</timezone><menu><category><name>Chicken &amp; Sandwiches</name><item><name>Artisan Grilled Chicken Sandwich</name><price>2.75</price></item></category><category><name>Salads</name><item><name>Side Salad</name><price>3.94</price></item><item><name>Bacon Ranch Salad</name><price>4.99</price></item></category></menu><employees><employee><name>Ggc57Rzj</name><position>Cook</position><hourlyWage>13.11</hourlyWage></employee><employee><name>qYf1KhLv</name><position>Cook</position><hourlyWage>18.54</hourlyWage></employee><employee><name>9dJqzfBJ</name><position>Manager</position><hourlyWage>19.74</hourlyWage></employee><employee><name>glXgY314</name><position>Waiter</position><hourlyWage>19.8</hourlyWage></employee><employee><name>Lontou9D</name><position>Cook</position><hourlyWage>18.22</hourlyWage></employee><employee><name>27rOq8Aq</name><position>Cook</position><hourlyWage>13.42</hourlyWage></employee><employee><name>Gcv95Ea8</name><position>Waiter</position><hourlyWage>13.35</hourlyWage></employee><employee><name>EYpdN4d9</name><position>Cook</position><hourlyWage>16.9</hourlyWage></employee><employee><name>cmJIWJav</name><position>Manager</position><hourlyWage>19.56</hourlyWage></employee></employees><operatingHours><day><name>Monday</name><openingTime>09:00</openingTime><closingTime>22:00</closingTime></day><day><name>Tuesday</name><openingTime>09:00</openingTime><closingTime>22:00</closingTime></day><day><name>Wednesday</name><openingTime>09:00</openingTime><closingTime>22:00</closingTime></day><day><name>Thursday</name><openingTime>09:00</openingTime><closingTime>22:00</closingTime></day><day><name>Friday</name><openingTime>09:00</openingTime><closingTime>22:00</closingTime></day><day><name>Saturday</name><openingTime>09:00</openingTime><closingTime>22:00</closingTime></day><day><name>Sunday</name><openingTime>09:00</openingTime><closingTime>22:00</closingTime></day></operatingHours><onlineOrdering>true</onlineOrdering><loyaltyProgramEnabled>true</loyaltyProgramEnabled><driveThruAvailable>true</driveThruAvailable><language>German</language><taxReference>ynngXzgv</taxReference><operations /></restaurantConfig>