<restaurantConfig><name>JU6ZOVqdaB</name><location><city>Louisville</city><zipcode>78561</zipcode></location><currency>USD</currency><timezone>EST</timezone><menu><category><name>Chicken &amp; Sandwiches</name><item><name>McChicken Deluxe</name><price>2.72</price></item><item><name>Artisan Grilled Chicken Sandwich</name><price>9.77</price></item></category><category><name>Snacks &amp; Sides</name><item><name>Apple Slices</name><price>9.89</price></item></category></menu><employees><employee><name>wr8VA4b8</name><position>Cook</position><hourlyWage>8.16</hourlyWage></employee><employee><name>RDphE3Td</name><position>Waiter</position><hourlyWage>16.94</hourlyWage></employee></employees><operatingHours><day><name>Monday</name><openingTime>09:00</openingTime><closingTime>22:00</closingTime></day><day><name>Tuesday</name><openingTime>09:00</openingTime><closingTime>22:00</closingTime></day><day><name>Wednesday</name><openingTime>09:00</openingTime><closingTime>22:00</closingTime></day><day><name>Thursday</name><openingTime>09:00</openingTime><closingTime>22:00</closingTime></day><day><name>Friday</name><openingTime>09:00</openingTime><closingTime>22:00</closingTime></day><day><name>Saturday</name><openingTime>09:00</openingTime><closingTime>22:00</closingTime></day><day><name>Sunday</name><openingTime>09:00</openingTime><closingTime>22:00</closingTime></day></operatingHours><onlineOrdering>false</onlineOrdering><loyaltyProgramEnabled>true</loyaltyProgramEnabled><driveThruAvailable>false</driveThruAvailable><language>Spanish</language><taxReference>YizQSZun</taxReference><operations /></restaurantConfig>