<restaurantConfig><name>F9sgQkhXWf</name><location><city>Las Vegas</city><zipcode>85133</zipcode></location><currency>USD</currency><timezone>EST</timezone><menu><category><name>Chicken &amp; Sandwiches</name><item><name>Artisan Grilled Chicken Sandwich</name><price>3.8</price></item><item><name>McChicken Deluxe</name><price>7.08</price></item></category><category><name>Snacks &amp; Sides</name><item><name>Apple Slices</name><price>7.65</price></item><item><name>French Fries</name><price>4.16</price></item></category></menu><employees><employee><name>R9oW1hXw</name><position>Cashier</position><hourlyWage>13.78</hourlyWage></employee><employee><name>zCcXthSf</name><position>Manager</position><hourlyWage>16.91</hourlyWage></employee><employee><name>Jembw8mn</name><position>Cashier</position><hourlyWage>17.47</hourlyWage></employee><employee><name>krYVHTC1</name><position>Cook</position><hourlyWage>12.45</hourlyWage></employee></employees><operatingHours><day><name>Monday</name><openingTime>09:00</openingTime><closingTime>22:00</closingTime></day><day><name>Tuesday</name><openingTime>09:00</openingTime><closingTime>22:00</closingTime></day><day><name>Wednesday</name><openingTime>09:00</openingTime><closingTime>22:00</closingTime></day><day><name>Thursday</name><openingTime>09:00</openingTime><closingTime>22:00</closingTime></day><day><name>Friday</name><openingTime>09:00</openingTime><closingTime>22:00</closingTime></day><day><name>Saturday</name><openingTime>09:00</openingTime><closingTime>22:00</closingTime></day><day><name>Sunday</name><openingTime>09:00</openingTime><closingTime>22:00</closingTime></day></operatingHours><onlineOrdering>false</onlineOrdering><loyaltyProgramEnabled>true</loyaltyProgramEnabled><driveThruAvailable>true</driveThruAvailable><language>German</language><taxReference>jvmBlAbv</taxReference><operations /></restaurantConfig>