<restaurantConfig><name>HfMkHNwwxU</name><location><city>Tucson</city><zipcode>40847</zipcode></location><currency>USD</currency><timezone>EST</timezone><menu><category><name>Breakfast</name><item><name>Hash Browns</name><price>6.28</price></item><item><name>Hotcakes</name><price>9.73</price></item><item><name>Egg McMuffin</name><price>6.63</price></item></category><category><name>Snacks &amp; Sides</name><item><name>Apple Slices</name><price>8.22</price></item><item><name>French Fries</name><price>8.51</price></item><item><name>McNuggets</name><price>1.36</price></item></category></menu><employees><employee><name>Rs6cDvzV</name><position>Waiter</position><hourlyWage>16.26</hourlyWage></employee><employee><name>AKxEzTBq</name><position>Waiter</position><hourlyWage>11.69</hourlyWage></employee><employee><name>yiOOjKs5</name><position>Waiter</position><hourlyWage>18.62</hourlyWage></employee><employee><name>V09J3F9g</name><position>Manager</position><hourlyWage>17.82</hourlyWage></employee><employee><name>XIrMQRIJ</name><position>Waiter</position><hourlyWage>12.54</hourlyWage></employee><employee><name>Baxd2EZC</name><position>Cook</position><hourlyWage>17.92</hourlyWage></employee><employee><name>fNUOXZ06</name><position>Manager</position><hourlyWage>10.17</hourlyWage></employee></employees><operatingHours><day><name>Monday</name><openingTime>09:00</openingTime><closingTime>22:00</closingTime></day><day><name>Tuesday</name><openingTime>09:00</openingTime><closingTime>22:00</closingTime></day><day><name>Wednesday</name><openingTime>09:00</openingTime><closingTime>22:00</closingTime></day><day><name>Thursday</name><openingTime>09:00</openingTime><closingTime>22:00</closingTime></day><day><name>Friday</name><openingTime>09:00</openingTime><closingTime>22:00</closingTime></day><day><name>Saturday</name><openingTime>09:00</openingTime><closingTime>22:00</closingTime></day><day><name>Sunday</name><openingTime>09:00</openingTime><closingTime>22:00</closingTime></day></operatingHours><onlineOrdering>false</onlineOrdering><loyaltyProgramEnabled>true</loyaltyProgramEnabled><driveThruAvailable>true</driveThruAvailable><language>French</language><taxReference>uEgopMQD</taxReference><operations /></restaurantConfig>