<restaurantConfig><name>c0c12EcqHJ</name><location><city>Jacksonville</city><zipcode>41217</zipcode></location><currency>USD</currency><timezone>EST</timezone><menu><category><name>Burgers</name><item><name>McDouble</name><price>3.46</price></item><item><name>Quarter Pounder with Cheese</name><price>8.66</price></item></category><category><name>Chicken &amp; Sandwiches</name><item><name>McChicken Deluxe</name><price>5.8</price></item><item><name>Spicy McChicken</name><price>4.24</price></item></category><category><name>Breakfast</name><item><name>Egg McMuffin</name><price>6.11</price></item><item><name>Big Breakfast</name><price>9.55</price></item><item><name>Sausage McMuffin</name><price>1.13</price></item></category><category><name>Snacks &amp; Sides</name><item><name>Apple Slices</name><price>8.24</price></item><item><name>McNuggets</name><price>7.66</price></item><item><name>French Fries</name><price>8.96</price></item></category></menu><employees><employee><name>TsrzyXdp</name><position>Manager</position><hourlyWage>9.38</hourlyWage></employee><employee><name>TiRWTREV</name><position>Waiter</position><hourlyWage>16.97</hourlyWage></employee><employee><name>7jvBeY4x</name><position>Cook</position><hourlyWage>11.53</hourlyWage></employee><employee><name>bG4C56LW</name><position>Cashier</position><hourlyWage>14.61</hourlyWage></employee><employee><name>ITXWOVkA</name><position>Cook</position><hourlyWage>19.19</hourlyWage></employee><employee><name>SHfrlkOQ</name><position>Cook</position><hourlyWage>16.1</hourlyWage></employee><employee><name>A7JCbndH</name><position>Waiter</position><hourlyWage>12.29</hourlyWage></employee><employee><name>TWA8edQM</name><position>Cook</position><hourlyWage>9.42</hourlyWage></employee></employees><operatingHours><day><name>Monday</name><openingTime>09:00</openingTime><closingTime>22:00</closingTime></day><day><name>Tuesday</name><openingTime>09:00</openingTime><closingTime>22:00</closingTime></day><day><name>Wednesday</name><openingTime>09:00</openingTime><closingTime>22:00</closingTime></day><day><name>Thursday</name><openingTime>09:00</openingTime><closingTime>22:00</closingTime></day><day><name>Friday</name><openingTime>09:00</openingTime><closingTime>22:00</closingTime></day><day><name>Saturday</name><openingTime>09:00</openingTime><closingTime>22:00</closingTime></day><day><name>Sunday</name><openingTime>09:00</openingTime><closingTime>22:00</closingTime></day></operatingHours><onlineOrdering>true</onlineOrdering><loyaltyProgramEnabled>true</loyaltyProgramEnabled><driveThruAvailable>true</driveThruAvailable><language>English</language><taxReference>h23dkoxT</taxReference><operations /></restaurantConfig>