<restaurantConfig><name>APe4fJd4W3</name><location><city>Nashville</city><zipcode>62482</zipcode></location><currency>USD</currency><timezone>EST</timezone><menu><category><name>Burgers</name><item><name>Big Mac</name><price>5.9</price></item><item><name>Quarter Pounder with Cheese</name><price>8.72</price></item><item><name>Filet-O-Fish</name><price>3.75</price></item></category><category><name>Chicken &amp; Sandwiches</name><item><name>Spicy McChicken</name><price>3.03</price></item><item><name>Artisan Grilled Chicken Sandwich</name><price>2.53</price></item></category><category><name>Snacks &amp; Sides</name><item><name>McNuggets</name><price>8.48</price></item><item><name>Apple Slices</name><price>6.66</price></item></category></menu><employees><employee><name>XOVxGpXt</name><position>Manager</position><hourlyWage>11.38</hourlyWage></employee><employee><name>6q0Mv2QH</name><position>Cashier</position><hourlyWage>8.46</hourlyWage></employee><employee><name>Dm1t8GhI</name><position>Cashier</position><hourlyWage>13.44</hourlyWage></employee></employees><operatingHours><day><name>Monday</name><openingTime>09:00</openingTime><closingTime>22:00</closingTime></day><day><name>Tuesday</name><openingTime>09:00</openingTime><closingTime>22:00</closingTime></day><day><name>Wednesday</name><openingTime>09:00</openingTime><closingTime>22:00</closingTime></day><day><name>Thursday</name><openingTime>09:00</openingTime><closingTime>22:00</closingTime></day><day><name>Friday</name><openingTime>09:00</openingTime><closingTime>22:00</closingTime></day><day><name>Saturday</name><openingTime>09:00</openingTime><closingTime>22:00</closingTime></day><day><name>Sunday</name><openingTime>09:00</openingTime><closingTime>22:00</closingTime></day></operatingHours><onlineOrdering>false</onlineOrdering><loyaltyProgramEnabled>false</loyaltyProgramEnabled><driveThruAvailable>false</driveThruAvailable><language>German</language><taxReference>3YIkYEj7</taxReference><operations /></restaurantConfig>