<restaurantConfig><name>6garzyiybe</name><location><city>Detroit</city><zipcode>11930</zipcode></location><currency>USD</currency><timezone>EST</timezone><menu><category><name>Burgers</name><item><name>Big Mac</name><price>7.64</price></item><item><name>Filet-O-Fish</name><price>9.21</price></item><item><name>McChicken</name><price>7.82</price></item><item><name>Quarter Pounder with Cheese</name><price>2.22</price></item></category><category><name>Breakfast</name><item><name>Hotcakes</name><price>2.87</price></item><item><name>Sausage McMuffin</name><price>1.53</price></item><item><name>Egg McMuffin</name><price>7.59</price></item></category><category><name>Snacks &amp; Sides</name><item><name>McNuggets</name><price>9.2</price></item><item><name>Apple Slices</name><price>6.74</price></item><item><name>French Fries</name><price>3.1</price></item></category></menu><employees><employee><name>bu54l2xg</name><position>Manager</position><hourlyWage>16.82</hourlyWage></employee><employee><name>tJrqPtlr</name><position>Cook</position><hourlyWage>17.23</hourlyWage></employee><employee><name>bjcD0hRr</name><position>Cashier</position><hourlyWage>9.78</hourlyWage></employee><employee><name>ZkcIcvxl</name><position>Cashier</position><hourlyWage>16.92</hourlyWage></employee></employees><operatingHours><day><name>Monday</name><openingTime>09:00</openingTime><closingTime>22:00</closingTime></day><day><name>Tuesday</name><openingTime>09:00</openingTime><closingTime>22:00</closingTime></day><day><name>Wednesday</name><openingTime>09:00</openingTime><closingTime>22:00</closingTime></day><day><name>Thursday</name><openingTime>09:00</openingTime><closingTime>22:00</closingTime></day><day><name>Friday</name><openingTime>09:00</openingTime><closingTime>22:00</closingTime></day><day><name>Saturday</name><openingTime>09:00</openingTime><closingTime>22:00</closingTime></day><day><name>Sunday</name><openingTime>09:00</openingTime><closingTime>22:00</closingTime></day></operatingHours><onlineOrdering>false</onlineOrdering><loyaltyProgramEnabled>false</loyaltyProgramEnabled><driveThruAvailable>false</driveThruAvailable><language>German</language><taxReference>0YJOuMnJ</taxReference><operations /></restaurantConfig>