<restaurantConfig><name>im1dEEEEGX</name><location><city>Phoenix</city><zipcode>62896</zipcode></location><currency>USD</currency><timezone>EST</timezone><menu><category><name>Burgers</name><item><name>Filet-O-Fish</name><price>8.73</price></item><item><name>McDouble</name><price>4.79</price></item><item><name>McChicken</name><price>1.03</price></item><item><name>Quarter Pounder with Cheese</name><price>8.23</price></item><item><name>Big Mac</name><price>1.47</price></item></category><category><name>Salads</name><item><name>Side Salad</name><price>4.03</price></item><item><name>Southwest Grilled Chicken Salad</name><price>6.8</price></item></category></menu><employees><employee><name>Xscrloc1</name><position>Cashier</position><hourlyWage>12.24</hourlyWage></employee><employee><name>bxjkufB6</name><position>Cook</position><hourlyWage>19.27</hourlyWage></employee></employees><operatingHours><day><name>Monday</name><openingTime>09:00</openingTime><closingTime>22:00</closingTime></day><day><name>Tuesday</name><openingTime>09:00</openingTime><closingTime>22:00</closingTime></day><day><name>Wednesday</name><openingTime>09:00</openingTime><closingTime>22:00</closingTime></day><day><name>Thursday</name><openingTime>09:00</openingTime><closingTime>22:00</closingTime></day><day><name>Friday</name><openingTime>09:00</openingTime><closingTime>22:00</closingTime></day><day><name>Saturday</name><openingTime>09:00</openingTime><closingTime>22:00</closingTime></day><day><name>Sunday</name><openingTime>09:00</openingTime><closingTime>22:00</closingTime></day></operatingHours><onlineOrdering>false</onlineOrdering><loyaltyProgramEnabled>true</loyaltyProgramEnabled><driveThruAvailable>true</driveThruAvailable><language>Spanish</language><taxReference>fswwzbgV</taxReference><operations /></restaurantConfig>