<restaurantConfig><name>OCHf3saSm1</name><location><city>Houston</city><zipcode>55367</zipcode></location><currency>USD</currency><timezone>EST</timezone><menu><category><name>Chicken &amp; Sandwiches</name><item><name>Spicy McChicken</name><price>8.62</price></item><item><name>McChicken Deluxe</name><price>7.02</price></item></category><category><name>Salads</name><item><name>Southwest Grilled Chicken Salad</name><price>3.82</price></item><item><name>Side Salad</name><price>4.82</price></item><item><name>Bacon Ranch Salad</name><price>4.25</price></item></category><category><name>Breakfast</name><item><name>Big Breakfast</name><price>5.36</price></item><item><name>Egg McMuffin</name><price>1.21</price></item><item><name>Sausage McMuffin</name><price>9.36</price></item><item><name>Hotcakes</name><price>2.76</price></item></category><category><name>Snacks &amp; Sides</name><item><name>French Fries</name><price>5.55</price></item><item><name>McNuggets</name><price>5.0</price></item><item><name>Apple Slices</name><price>6.31</price></item></category></menu><employees><employee><name>RFVcYpeV</name><position>Cashier</position><hourlyWage>16.11</hourlyWage></employee><employee><name>VIXYDCCB</name><position>Waiter</position><hourlyWage>10.61</hourlyWage></employee><employee><name>C2nQNw4M</name><position>Waiter</position><hourlyWage>14.53</hourlyWage></employee></employees><operatingHours><day><name>Monday</name><openingTime>09:00</openingTime><closingTime>22:00</closingTime></day><day><name>Tuesday</name><openingTime>09:00</openingTime><closingTime>22:00</closingTime></day><day><name>Wednesday</name><openingTime>09:00</openingTime><closingTime>22:00</closingTime></day><day><name>Thursday</name><openingTime>09:00</openingTime><closingTime>22:00</closingTime></day><day><name>Friday</name><openingTime>09:00</openingTime><closingTime>22:00</closingTime></day><day><name>Saturday</name><openingTime>09:00</openingTime><closingTime>22:00</closingTime></day><day><name>Sunday</name><openingTime>09:00</openingTime><closingTime>22:00</closingTime></day></operatingHours><onlineOrdering>true</onlineOrdering><loyaltyProgramEnabled>false</loyaltyProgramEnabled><driveThruAvailable>true</driveThruAvailable><language>English</language><taxReference>lZpVrSE0</taxReference><operations /></restaurantConfig>