<restaurantConfig><name>cyW4dy7HeO</name><location><city>Louisville</city><zipcode>91773</zipcode></location><currency>USD</currency><timezone>EST</timezone><menu><category><name>Burgers</name><item><name>Quarter Pounder with Cheese</name><price>7.55</price></item><item><name>Big Mac</name><price>7.68</price></item><item><name>Filet-O-Fish</name><price>3.26</price></item></category><category><name>Breakfast</name><item><name>Sausage McMuffin</name><price>3.03</price></item><item><name>Big Breakfast</name><price>9.99</price></item><item><name>Egg McMuffin</name><price>7.33</price></item><item><name>Hotcakes</name><price>8.69</price></item></category></menu><employees><employee><name>sVfKoJ5Y</name><position>Cook</position><hourlyWage>18.31</hourlyWage></employee><employee><name>dcKm7gsC</name><position>Cook</position><hourlyWage>12.02</hourlyWage></employee><employee><name>xEwXkQfe</name><position>Manager</position><hourlyWage>9.45</hourlyWage></employee><employee><name>428u7BfZ</name><position>Cook</position><hourlyWage>10.0</hourlyWage></employee></employees><operatingHours><day><name>Monday</name><openingTime>09:00</openingTime><closingTime>22:00</closingTime></day><day><name>Tuesday</name><openingTime>09:00</openingTime><closingTime>22:00</closingTime></day><day><name>Wednesday</name><openingTime>09:00</openingTime><closingTime>22:00</closingTime></day><day><name>Thursday</name><openingTime>09:00</openingTime><closingTime>22:00</closingTime></day><day><name>Friday</name><openingTime>09:00</openingTime><closingTime>22:00</closingTime></day><day><name>Saturday</name><openingTime>09:00</openingTime><closingTime>22:00</closingTime></day><day><name>Sunday</name><openingTime>09:00</openingTime><closingTime>22:00</closingTime></day></operatingHours><onlineOrdering>true</onlineOrdering><loyaltyProgramEnabled>true</loyaltyProgramEnabled><driveThruAvailable>false</driveThruAvailable><language>English</language><taxReference>v07RzjI3</taxReference><operations /></restaurantConfig>