<restaurantConfig><name>FNb8cG0EwM</name><location><city>Las Vegas</city><zipcode>37501</zipcode></location><currency>USD</currency><timezone>EST</timezone><menu><category><name>Salads</name><item><name>Side Salad</name><price>7.84</price></item></category><category><name>Breakfast</name><item><name>Hash Browns</name><price>9.2</price></item><item><name>Big Breakfast</name><price>5.23</price></item><item><name>Egg McMuffin</name><price>3.19</price></item><item><name>Sausage McMuffin</name><price>4.65</price></item><item><name>Hotcakes</name><price>2.53</price></item></category><category><name>Snacks &amp; Sides</name><item><name>McNuggets</name><price>2.36</price></item></category></menu><employees><employee><name>tQTVMDmN</name><position>Waiter</position><hourlyWage>13.78</hourlyWage></employee><employee><name>Z7unjc0W</name><position>Cook</position><hourlyWage>17.65</hourlyWage></employee><employee><name>YxfmarmN</name><position>Manager</position><hourlyWage>9.81</hourlyWage></employee><employee><name>N48RInQS</name><position>Waiter</position><hourlyWage>18.82</hourlyWage></employee><employee><name>LXi4zhzS</name><position>Waiter</position><hourlyWage>19.57</hourlyWage></employee><employee><name>J6usQuQ7</name><position>Manager</position><hourlyWage>10.51</hourlyWage></employee><employee><name>I6whaAky</name><position>Waiter</position><hourlyWage>19.08</hourlyWage></employee><employee><name>vwzw9ENz</name><position>Cook</position><hourlyWage>14.87</hourlyWage></employee></employees><operatingHours><day><name>Monday</name><openingTime>09:00</openingTime><closingTime>22:00</closingTime></day><day><name>Tuesday</name><openingTime>09:00</openingTime><closingTime>22:00</closingTime></day><day><name>Wednesday</name><openingTime>09:00</openingTime><closingTime>22:00</closingTime></day><day><name>Thursday</name><openingTime>09:00</openingTime><closingTime>22:00</closingTime></day><day><name>Friday</name><openingTime>09:00</openingTime><closingTime>22:00</closingTime></day><day><name>Saturday</name><openingTime>09:00</openingTime><closingTime>22:00</closingTime></day><day><name>Sunday</name><openingTime>09:00</openingTime><closingTime>22:00</closingTime></day></operatingHours><onlineOrdering>true</onlineOrdering><loyaltyProgramEnabled>false</loyaltyProgramEnabled><driveThruAvailable>false</driveThruAvailable><language>English</language><taxReference>zoNS2q5m</taxReference><operations /></restaurantConfig>