<restaurantConfig><name>AxobQuuh9Z</name><location><city>Detroit</city><zipcode>58101</zipcode></location><currency>USD</currency><timezone>EST</timezone><menu><category><name>Burgers</name><item><name>Filet-O-Fish</name><price>9.52</price></item><item><name>McDouble</name><price>1.68</price></item></category><category><name>Chicken &amp; Sandwiches</name><item><name>McChicken Deluxe</name><price>6.87</price></item></category><category><name>Salads</name><item><name>Side Salad</name><price>8.69</price></item></category><category><name>Breakfast</name><item><name>Egg McMuffin</name><price>1.76</price></item><item><name>Big Breakfast</name><price>8.25</price></item><item><name>Hash Browns</name><price>2.72</price></item></category><category><name>Snacks &amp; Sides</name><item><name>McNuggets</name><price>4.78</price></item><item><name>Apple Slices</name><price>7.85</price></item></category></menu><employees><employee><name>nMuY66d2</name><position>Cashier</position><hourlyWage>9.54</hourlyWage></employee><employee><name>EAWWXXtP</name><position>Cook</position><hourlyWage>16.3</hourlyWage></employee><employee><name>dJCbXWUw</name><position>Manager</position><hourlyWage>19.18</hourlyWage></employee><employee><name>Wr9NbFNe</name><position>Cashier</position><hourlyWage>9.8</hourlyWage></employee></employees><operatingHours><day><name>Monday</name><openingTime>09:00</openingTime><closingTime>22:00</closingTime></day><day><name>Tuesday</name><openingTime>09:00</openingTime><closingTime>22:00</closingTime></day><day><name>Wednesday</name><openingTime>09:00</openingTime><closingTime>22:00</closingTime></day><day><name>Thursday</name><openingTime>09:00</openingTime><closingTime>22:00</closingTime></day><day><name>Friday</name><openingTime>09:00</openingTime><closingTime>22:00</closingTime></day><day><name>Saturday</name><openingTime>09:00</openingTime><closingTime>22:00</closingTime></day><day><name>Sunday</name><openingTime>09:00</openingTime><closingTime>22:00</closingTime></day></operatingHours><onlineOrdering>true</onlineOrdering><loyaltyProgramEnabled>false</loyaltyProgramEnabled><driveThruAvailable>true</driveThruAvailable><language>French</language><taxReference>3hktEObr</taxReference><operations /></restaurantConfig>