<restaurantConfig><name>bkBIXotnZB</name><location><city>Portland</city><zipcode>68137</zipcode></location><currency>USD</currency><timezone>EST</timezone><menu><category><name>Chicken &amp; Sandwiches</name><item><name>McChicken Deluxe</name><price>6.07</price></item></category><category><name>Salads</name><item><name>Bacon Ranch Salad</name><price>4.18</price></item></category><category><name>Breakfast</name><item><name>Egg McMuffin</name><price>6.6</price></item><item><name>Hash Browns</name><price>9.65</price></item><item><name>Sausage McMuffin</name><price>8.95</price></item></category></menu><employees><employee><name>9CZ0XgTk</name><position>Cashier</position><hourlyWage>15.91</hourlyWage></employee><employee><name>UGduSi4W</name><position>Cook</position><hourlyWage>11.98</hourlyWage></employee><employee><name>I5EDdCN2</name><position>Cook</position><hourlyWage>14.25</hourlyWage></employee><employee><name>GN941IPv</name><position>Manager</position><hourlyWage>12.61</hourlyWage></employee></employees><operatingHours><day><name>Monday</name><openingTime>09:00</openingTime><closingTime>22:00</closingTime></day><day><name>Tuesday</name><openingTime>09:00</openingTime><closingTime>22:00</closingTime></day><day><name>Wednesday</name><openingTime>09:00</openingTime><closingTime>22:00</closingTime></day><day><name>Thursday</name><openingTime>09:00</openingTime><closingTime>22:00</closingTime></day><day><name>Friday</name><openingTime>09:00</openingTime><closingTime>22:00</closingTime></day><day><name>Saturday</name><openingTime>09:00</openingTime><closingTime>22:00</closingTime></day><day><name>Sunday</name><openingTime>09:00</openingTime><closingTime>22:00</closingTime></day></operatingHours><onlineOrdering>false</onlineOrdering><loyaltyProgramEnabled>true</loyaltyProgramEnabled><driveThruAvailable>false</driveThruAvailable><language>German</language><taxReference>CRY58zQ1</taxReference><operations /></restaurantConfig>