<restaurantConfig><name>Xa0HafmilH</name><location><city>New York</city><zipcode>29050</zipcode></location><currency>USD</currency><timezone>EST</timezone><menu><category><name>Burgers</name><item><name>McDouble</name><price>8.05</price></item><item><name>Big Mac</name><price>8.13</price></item><item><name>McChicken</name><price>8.79</price></item><item><name>Quarter Pounder with Cheese</name><price>5.93</price></item><item><name>Filet-O-Fish</name><price>4.25</price></item></category><category><name>Salads</name><item><name>Bacon Ranch Salad</name><price>1.07</price></item><item><name>Side Salad</name><price>6.5</price></item></category><category><name>Breakfast</name><item><name>Hotcakes</name><price>9.66</price></item><item><name>Egg McMuffin</name><price>8.87</price></item></category><category><name>Snacks &amp; Sides</name><item><name>French Fries</name><price>7.43</price></item><item><name>Apple Slices</name><price>7.28</price></item></category></menu><employees><employee><name>xgqsMFnf</name><position>Cook</position><hourlyWage>19.2</hourlyWage></employee><employee><name>V3MKt5f7</name><position>Manager</position><hourlyWage>13.32</hourlyWage></employee><employee><name>2KIU2zJq</name><position>Manager</position><hourlyWage>9.0</hourlyWage></employee><employee><name>EO71oAN6</name><position>Cook</position><hourlyWage>10.45</hourlyWage></employee><employee><name>fwPIUziZ</name><position>Waiter</position><hourlyWage>10.22</hourlyWage></employee><employee><name>1Bvz2hGD</name><position>Waiter</position><hourlyWage>11.53</hourlyWage></employee><employee><name>yRvxLply</name><position>Cook</position><hourlyWage>9.11</hourlyWage></employee></employees><operatingHours><day><name>Monday</name><openingTime>09:00</openingTime><closingTime>22:00</closingTime></day><day><name>Tuesday</name><openingTime>09:00</openingTime><closingTime>22:00</closingTime></day><day><name>Wednesday</name><openingTime>09:00</openingTime><closingTime>22:00</closingTime></day><day><name>Thursday</name><openingTime>09:00</openingTime><closingTime>22:00</closingTime></day><day><name>Friday</name><openingTime>09:00</openingTime><closingTime>22:00</closingTime></day><day><name>Saturday</name><openingTime>09:00</openingTime><closingTime>22:00</closingTime></day><day><name>Sunday</name><openingTime>09:00</openingTime><closingTime>22:00</closingTime></day></operatingHours><onlineOrdering>true</onlineOrdering><loyaltyProgramEnabled>false</loyaltyProgramEnabled><driveThruAvailable>false</driveThruAvailable><language>German</language><taxReference>3BOwafPX</taxReference><operations /></restaurantConfig>