<restaurantConfig><name>ocjmngSOY8</name><location><city>Nashville</city><zipcode>26276</zipcode></location><currency>USD</currency><timezone>EST</timezone><menu><category><name>Burgers</name><item><name>Filet-O-Fish</name><price>8.21</price></item><item><name>McChicken</name><price>2.58</price></item></category></menu><employees><employee><name>Uq8tDCy2</name><position>Manager</position><hourlyWage>8.5</hourlyWage></employee><employee><name>W6P8L3kC</name><position>Waiter</position><hourlyWage>9.73</hourlyWage></employee><employee><name>65ztzlhQ</name><position>Cashier</position><hourlyWage>10.26</hourlyWage></employee><employee><name>GMKRYOfi</name><position>Cashier</position><hourlyWage>15.72</hourlyWage></employee><employee><name>8Mzz6lzk</name><position>Cook</position><hourlyWage>19.54</hourlyWage></employee><employee><name>BAhZmSWW</name><position>Cashier</position><hourlyWage>17.36</hourlyWage></employee><employee><name>on8peViA</name><position>Cashier</position><hourlyWage>11.51</hourlyWage></employee><employee><name>cFopEl7L</name><position>Manager</position><hourlyWage>15.26</hourlyWage></employee><employee><name>tPHzqfgn</name><position>Cashier</position><hourlyWage>16.33</hourlyWage></employee><employee><name>tPElfnW9</name><position>Cashier</position><hourlyWage>11.36</hourlyWage></employee></employees><operatingHours><day><name>Monday</name><openingTime>09:00</openingTime><closingTime>22:00</closingTime></day><day><name>Tuesday</name><openingTime>09:00</openingTime><closingTime>22:00</closingTime></day><day><name>Wednesday</name><openingTime>09:00</openingTime><closingTime>22:00</closingTime></day><day><name>Thursday</name><openingTime>09:00</openingTime><closingTime>22:00</closingTime></day><day><name>Friday</name><openingTime>09:00</openingTime><closingTime>22:00</closingTime></day><day><name>Saturday</name><openingTime>09:00</openingTime><closingTime>22:00</closingTime></day><day><name>Sunday</name><openingTime>09:00</openingTime><closingTime>22:00</closingTime></day></operatingHours><onlineOrdering>true</onlineOrdering><loyaltyProgramEnabled>true</loyaltyProgramEnabled><driveThruAvailable>false</driveThruAvailable><language>English</language><taxReference>Rbo0IcOx</taxReference><operations /></restaurantConfig>