<restaurantConfig><name>zKHoraR8tt</name><location><city>Albuquerque</city><zipcode>69729</zipcode></location><currency>USD</currency><timezone>EST</timezone><menu><category><name>Burgers</name><item><name>McChicken</name><price>7.56</price></item><item><name>McDouble</name><price>8.35</price></item><item><name>Big Mac</name><price>7.02</price></item><item><name>Filet-O-Fish</name><price>6.78</price></item></category><category><name>Chicken &amp; Sandwiches</name><item><name>Buttermilk Crispy Chicken Sandwich</name><price>8.42</price></item><item><name>McChicken Deluxe</name><price>3.08</price></item><item><name>Artisan Grilled Chicken Sandwich</name><price>5.5</price></item><item><name>Spicy McChicken</name><price>7.22</price></item></category><category><name>Salads</name><item><name>Southwest Grilled Chicken Salad</name><price>4.58</price></item><item><name>Bacon Ranch Salad</name><price>9.41</price></item><item><name>Side Salad</name><price>9.41</price></item></category><category><name>Breakfast</name><item><name>Big Breakfast</name><price>2.82</price></item><item><name>Sausage McMuffin</name><price>7.09</price></item></category><category><name>Snacks &amp; Sides</name><item><name>French Fries</name><price>5.64</price></item></category></menu><employees><employee><name>UGVHzhAb</name><position>Manager</position><hourlyWage>10.15</hourlyWage></employee></employees><operatingHours><day><name>Monday</name><openingTime>09:00</openingTime><closingTime>22:00</closingTime></day><day><name>Tuesday</name><openingTime>09:00</openingTime><closingTime>22:00</closingTime></day><day><name>Wednesday</name><openingTime>09:00</openingTime><closingTime>22:00</closingTime></day><day><name>Thursday</name><openingTime>09:00</openingTime><closingTime>22:00</closingTime></day><day><name>Friday</name><openingTime>09:00</openingTime><closingTime>22:00</closingTime></day><day><name>Saturday</name><openingTime>09:00</openingTime><closingTime>22:00</closingTime></day><day><name>Sunday</name><openingTime>09:00</openingTime><closingTime>22:00</closingTime></day></operatingHours><onlineOrdering>true</onlineOrdering><loyaltyProgramEnabled>false</loyaltyProgramEnabled><driveThruAvailable>false</driveThruAvailable><language>German</language><taxReference>YNpYOa9j</taxReference><operations /></restaurantConfig>