<restaurantConfig><name>4Hn0WBpcPf</name><location><city>Minneapolis</city><zipcode>90605</zipcode></location><currency>USD</currency><timezone>EST</timezone><menu><category><name>Burgers</name><item><name>Quarter Pounder with Cheese</name><price>5.85</price></item><item><name>Filet-O-Fish</name><price>1.31</price></item></category><category><name>Chicken &amp; Sandwiches</name><item><name>Spicy McChicken</name><price>7.62</price></item><item><name>Artisan Grilled Chicken Sandwich</name><price>2.09</price></item><item><name>McChicken Deluxe</name><price>4.29</price></item></category></menu><employees><employee><name>228XazFI</name><position>Manager</position><hourlyWage>15.49</hourlyWage></employee><employee><name>VpBwyPhe</name><position>Waiter</position><hourlyWage>16.23</hourlyWage></employee><employee><name>0VxrNxBs</name><position>Cook</position><hourlyWage>14.01</hourlyWage></employee><employee><name>Q2gycUOH</name><position>Waiter</position><hourlyWage>12.64</hourlyWage></employee><employee><name>dUvYsBe0</name><position>Waiter</position><hourlyWage>10.27</hourlyWage></employee><employee><name>Y7rwjkvP</name><position>Waiter</position><hourlyWage>18.24</hourlyWage></employee><employee><name>OdNMVRwU</name><position>Cashier</position><hourlyWage>13.82</hourlyWage></employee><employee><name>XUrDspDl</name><position>Waiter</position><hourlyWage>18.38</hourlyWage></employee><employee><name>wrtvKmC4</name><position>Waiter</position><hourlyWage>10.05</hourlyWage></employee><employee><name>lEhC7iZQ</name><position>Manager</position><hourlyWage>16.27</hourlyWage></employee></employees><operatingHours><day><name>Monday</name><openingTime>09:00</openingTime><closingTime>22:00</closingTime></day><day><name>Tuesday</name><openingTime>09:00</openingTime><closingTime>22:00</closingTime></day><day><name>Wednesday</name><openingTime>09:00</openingTime><closingTime>22:00</closingTime></day><day><name>Thursday</name><openingTime>09:00</openingTime><closingTime>22:00</closingTime></day><day><name>Friday</name><openingTime>09:00</openingTime><closingTime>22:00</closingTime></day><day><name>Saturday</name><openingTime>09:00</openingTime><closingTime>22:00</closingTime></day><day><name>Sunday</name><openingTime>09:00</openingTime><closingTime>22:00</closingTime></day></operatingHours><onlineOrdering>true</onlineOrdering><loyaltyProgramEnabled>true</loyaltyProgramEnabled><driveThruAvailable>false</driveThruAvailable><language>French</language><taxReference>RZM8bnbN</taxReference><operations /></restaurantConfig>