<restaurantConfig><name>cRvEbiazfz</name><location><city>Nashville</city><zipcode>86537</zipcode></location><currency>USD</currency><timezone>EST</timezone><menu><category><name>Burgers</name><item><name>Quarter Pounder with Cheese</name><price>3.28</price></item></category><category><name>Salads</name><item><name>Side Salad</name><price>1.83</price></item><item><name>Bacon Ranch Salad</name><price>1.66</price></item></category><category><name>Breakfast</name><item><name>Hotcakes</name><price>5.88</price></item><item><name>Hash Browns</name><price>6.97</price></item><item><name>Sausage McMuffin</name><price>9.05</price></item><item><name>Big Breakfast</name><price>2.0</price></item><item><name>Egg McMuffin</name><price>2.47</price></item></category><category><name>Snacks &amp; Sides</name><item><name>French Fries</name><price>7.13</price></item><item><name>Apple Slices</name><price>7.13</price></item></category></menu><employees><employee><name>qvwivoUn</name><position>Manager</position><hourlyWage>14.01</hourlyWage></employee><employee><name>gH2hWMPM</name><position>Manager</position><hourlyWage>8.46</hourlyWage></employee><employee><name>zuCqGlm2</name><position>Cashier</position><hourlyWage>13.7</hourlyWage></employee><employee><name>lPwDrpyp</name><position>Manager</position><hourlyWage>15.21</hourlyWage></employee><employee><name>1xXqb3AM</name><position>Cook</position><hourlyWage>9.8</hourlyWage></employee><employee><name>9hZkHXvP</name><position>Cashier</position><hourlyWage>19.24</hourlyWage></employee><employee><name>0YWYTljd</name><position>Manager</position><hourlyWage>13.64</hourlyWage></employee></employees><operatingHours><day><name>Monday</name><openingTime>09:00</openingTime><closingTime>22:00</closingTime></day><day><name>Tuesday</name><openingTime>09:00</openingTime><closingTime>22:00</closingTime></day><day><name>Wednesday</name><openingTime>09:00</openingTime><closingTime>22:00</closingTime></day><day><name>Thursday</name><openingTime>09:00</openingTime><closingTime>22:00</closingTime></day><day><name>Friday</name><openingTime>09:00</openingTime><closingTime>22:00</closingTime></day><day><name>Saturday</name><openingTime>09:00</openingTime><closingTime>22:00</closingTime></day><day><name>Sunday</name><openingTime>09:00</openingTime><closingTime>22:00</closingTime></day></operatingHours><onlineOrdering>false</onlineOrdering><loyaltyProgramEnabled>true</loyaltyProgramEnabled><driveThruAvailable>true</driveThruAvailable><language>French</language><taxReference>gcr1NKLX</taxReference><operations /></restaurantConfig>