<restaurantConfig><name>GfqhzXr4vh</name><location><city>Albuquerque</city><zipcode>92159</zipcode></location><currency>USD</currency><timezone>EST</timezone><menu><category><name>Chicken &amp; Sandwiches</name><item><name>Buttermilk Crispy Chicken Sandwich</name><price>3.02</price></item><item><name>Spicy McChicken</name><price>8.41</price></item></category><category><name>Breakfast</name><item><name>Hotcakes</name><price>1.81</price></item><item><name>Big Breakfast</name><price>1.54</price></item><item><name>Sausage McMuffin</name><price>3.45</price></item><item><name>Egg McMuffin</name><price>1.31</price></item><item><name>Hash Browns</name><price>6.99</price></item></category></menu><employees><employee><name>af31VTly</name><position>Manager</position><hourlyWage>15.32</hourlyWage></employee><employee><name>cxPWQRYk</name><position>Cook</position><hourlyWage>12.9</hourlyWage></employee><employee><name>TiNQBDNh</name><position>Waiter</position><hourlyWage>17.89</hourlyWage></employee><employee><name>jTIhrFhx</name><position>Cook</position><hourlyWage>8.54</hourlyWage></employee><employee><name>gzmQ0flP</name><position>Cook</position><hourlyWage>8.09</hourlyWage></employee><employee><name>14iX52tp</name><position>Cashier</position><hourlyWage>15.47</hourlyWage></employee><employee><name>tLBHxx0A</name><position>Waiter</position><hourlyWage>19.46</hourlyWage></employee><employee><name>0MbuxHXs</name><position>Manager</position><hourlyWage>17.76</hourlyWage></employee></employees><operatingHours><day><name>Monday</name><openingTime>09:00</openingTime><closingTime>22:00</closingTime></day><day><name>Tuesday</name><openingTime>09:00</openingTime><closingTime>22:00</closingTime></day><day><name>Wednesday</name><openingTime>09:00</openingTime><closingTime>22:00</closingTime></day><day><name>Thursday</name><openingTime>09:00</openingTime><closingTime>22:00</closingTime></day><day><name>Friday</name><openingTime>09:00</openingTime><closingTime>22:00</closingTime></day><day><name>Saturday</name><openingTime>09:00</openingTime><closingTime>22:00</closingTime></day><day><name>Sunday</name><openingTime>09:00</openingTime><closingTime>22:00</closingTime></day></operatingHours><onlineOrdering>false</onlineOrdering><loyaltyProgramEnabled>true</loyaltyProgramEnabled><driveThruAvailable>false</driveThruAvailable><language>German</language><taxReference>D0tQOSUI</taxReference><operations /></restaurantConfig>