<restaurantConfig><name>To2vNFsmnr</name><location><city>San Jose</city><zipcode>85400</zipcode></location><currency>USD</currency><timezone>EST</timezone><menu><category><name>Chicken &amp; Sandwiches</name><item><name>Buttermilk Crispy Chicken Sandwich</name><price>1.01</price></item><item><name>Artisan Grilled Chicken Sandwich</name><price>9.43</price></item></category><category><name>Salads</name><item><name>Bacon Ranch Salad</name><price>2.71</price></item></category><category><name>Breakfast</name><item><name>Big Breakfast</name><price>3.1</price></item><item><name>Hotcakes</name><price>7.46</price></item><item><name>Sausage McMuffin</name><price>5.17</price></item><item><name>Egg McMuffin</name><price>3.26</price></item><item><name>Hash Browns</name><price>1.53</price></item></category><category><name>Snacks &amp; Sides</name><item><name>Apple Slices</name><price>7.78</price></item></category></menu><employees><employee><name>XsQIVFGF</name><position>Waiter</position><hourlyWage>10.86</hourlyWage></employee><employee><name>0PC8q550</name><position>Manager</position><hourlyWage>14.93</hourlyWage></employee><employee><name>ODFQ8C4R</name><position>Cook</position><hourlyWage>19.13</hourlyWage></employee><employee><name>FflmD86W</name><position>Waiter</position><hourlyWage>17.17</hourlyWage></employee><employee><name>3bknx58e</name><position>Waiter</position><hourlyWage>10.27</hourlyWage></employee></employees><operatingHours><day><name>Monday</name><openingTime>09:00</openingTime><closingTime>22:00</closingTime></day><day><name>Tuesday</name><openingTime>09:00</openingTime><closingTime>22:00</closingTime></day><day><name>Wednesday</name><openingTime>09:00</openingTime><closingTime>22:00</closingTime></day><day><name>Thursday</name><openingTime>09:00</openingTime><closingTime>22:00</closingTime></day><day><name>Friday</name><openingTime>09:00</openingTime><closingTime>22:00</closingTime></day><day><name>Saturday</name><openingTime>09:00</openingTime><closingTime>22:00</closingTime></day><day><name>Sunday</name><openingTime>09:00</openingTime><closingTime>22:00</closingTime></day></operatingHours><onlineOrdering>true</onlineOrdering><loyaltyProgramEnabled>true</loyaltyProgramEnabled><driveThruAvailable>true</driveThruAvailable><language>German</language><taxReference>DCzNZDUh</taxReference><operations /></restaurantConfig>