<restaurantConfig><name>yy2kh9I9jm</name><location><city>Albuquerque</city><zipcode>84600</zipcode></location><currency>USD</currency><timezone>EST</timezone><menu><category><name>Chicken &amp; Sandwiches</name><item><name>Buttermilk Crispy Chicken Sandwich</name><price>4.24</price></item></category><category><name>Salads</name><item><name>Southwest Grilled Chicken Salad</name><price>7.64</price></item><item><name>Bacon Ranch Salad</name><price>7.14</price></item><item><name>Side Salad</name><price>9.01</price></item></category><category><name>Snacks &amp; Sides</name><item><name>Apple Slices</name><price>4.1</price></item></category></menu><employees><employee><name>zvGPKBaL</name><position>Cashier</position><hourlyWage>14.17</hourlyWage></employee></employees><operatingHours><day><name>Monday</name><openingTime>09:00</openingTime><closingTime>22:00</closingTime></day><day><name>Tuesday</name><openingTime>09:00</openingTime><closingTime>22:00</closingTime></day><day><name>Wednesday</name><openingTime>09:00</openingTime><closingTime>22:00</closingTime></day><day><name>Thursday</name><openingTime>09:00</openingTime><closingTime>22:00</closingTime></day><day><name>Friday</name><openingTime>09:00</openingTime><closingTime>22:00</closingTime></day><day><name>Saturday</name><openingTime>09:00</openingTime><closingTime>22:00</closingTime></day><day><name>Sunday</name><openingTime>09:00</openingTime><closingTime>22:00</closingTime></day></operatingHours><onlineOrdering>false</onlineOrdering><loyaltyProgramEnabled>false</loyaltyProgramEnabled><driveThruAvailable>true</driveThruAvailable><language>English</language><taxReference>Rrzr0Qw1</taxReference><operations /></restaurantConfig>