<restaurantConfig><name>Bk2NfnlPCa</name><location><city>Baltimore</city><zipcode>33056</zipcode></location><currency>USD</currency><timezone>EST</timezone><menu><category><name>Breakfast</name><item><name>Egg McMuffin</name><price>9.65</price></item><item><name>Big Breakfast</name><price>3.74</price></item><item><name>Hotcakes</name><price>7.38</price></item><item><name>Hash Browns</name><price>4.85</price></item><item><name>Sausage McMuffin</name><price>5.33</price></item></category><category><name>Snacks &amp; Sides</name><item><name>Apple Slices</name><price>4.41</price></item></category></menu><employees><employee><name>G4FPS9hb</name><position>Manager</position><hourlyWage>17.35</hourlyWage></employee><employee><name>TTxIOZsU</name><position>Cashier</position><hourlyWage>8.61</hourlyWage></employee><employee><name>3tPKjDuA</name><position>Waiter</position><hourlyWage>15.05</hourlyWage></employee><employee><name>I8AlJkVu</name><position>Cook</position><hourlyWage>18.06</hourlyWage></employee><employee><name>Do51arZW</name><position>Waiter</position><hourlyWage>18.7</hourlyWage></employee><employee><name>3guLhmlV</name><position>Cook</position><hourlyWage>17.33</hourlyWage></employee><employee><name>BbpVX7sn</name><position>Manager</position><hourlyWage>14.66</hourlyWage></employee><employee><name>PM0qUEfo</name><position>Waiter</position><hourlyWage>9.32</hourlyWage></employee><employee><name>agwUzZYB</name><position>Waiter</position><hourlyWage>11.91</hourlyWage></employee></employees><operatingHours><day><name>Monday</name><openingTime>09:00</openingTime><closingTime>22:00</closingTime></day><day><name>Tuesday</name><openingTime>09:00</openingTime><closingTime>22:00</closingTime></day><day><name>Wednesday</name><openingTime>09:00</openingTime><closingTime>22:00</closingTime></day><day><name>Thursday</name><openingTime>09:00</openingTime><closingTime>22:00</closingTime></day><day><name>Friday</name><openingTime>09:00</openingTime><closingTime>22:00</closingTime></day><day><name>Saturday</name><openingTime>09:00</openingTime><closingTime>22:00</closingTime></day><day><name>Sunday</name><openingTime>09:00</openingTime><closingTime>22:00</closingTime></day></operatingHours><onlineOrdering>false</onlineOrdering><loyaltyProgramEnabled>false</loyaltyProgramEnabled><driveThruAvailable>false</driveThruAvailable><language>English</language><taxReference>dWtTC1a2</taxReference><operations /></restaurantConfig>