<restaurantConfig><name>aWny8FUw9a</name><location><city>Washington</city><zipcode>72095</zipcode></location><currency>USD</currency><timezone>EST</timezone><menu><category><name>Salads</name><item><name>Side Salad</name><price>5.87</price></item><item><name>Bacon Ranch Salad</name><price>4.59</price></item><item><name>Southwest Grilled Chicken Salad</name><price>5.9</price></item></category><category><name>Breakfast</name><item><name>Sausage McMuffin</name><price>5.37</price></item><item><name>Hash Browns</name><price>2.67</price></item></category><category><name>Snacks &amp; Sides</name><item><name>Apple Slices</name><price>6.54</price></item><item><name>McNuggets</name><price>7.42</price></item></category></menu><employees><employee><name>EHCxgS4G</name><position>Waiter</position><hourlyWage>17.08</hourlyWage></employee><employee><name>QbTLSd2g</name><position>Cashier</position><hourlyWage>11.58</hourlyWage></employee></employees><operatingHours><day><name>Monday</name><openingTime>09:00</openingTime><closingTime>22:00</closingTime></day><day><name>Tuesday</name><openingTime>09:00</openingTime><closingTime>22:00</closingTime></day><day><name>Wednesday</name><openingTime>09:00</openingTime><closingTime>22:00</closingTime></day><day><name>Thursday</name><openingTime>09:00</openingTime><closingTime>22:00</closingTime></day><day><name>Friday</name><openingTime>09:00</openingTime><closingTime>22:00</closingTime></day><day><name>Saturday</name><openingTime>09:00</openingTime><closingTime>22:00</closingTime></day><day><name>Sunday</name><openingTime>09:00</openingTime><closingTime>22:00</closingTime></day></operatingHours><onlineOrdering>false</onlineOrdering><loyaltyProgramEnabled>true</loyaltyProgramEnabled><driveThruAvailable>true</driveThruAvailable><language>English</language><taxReference>im6ji0GZ</taxReference><operations /></restaurantConfig>