<restaurantConfig><name>KmVaQbcUkA</name><location><city>Mesa</city><zipcode>12647</zipcode></location><currency>USD</currency><timezone>EST</timezone><menu><category><name>Burgers</name><item><name>Big Mac</name><price>6.65</price></item><item><name>Quarter Pounder with Cheese</name><price>8.57</price></item><item><name>Filet-O-Fish</name><price>3.86</price></item></category><category><name>Salads</name><item><name>Bacon Ranch Salad</name><price>3.31</price></item></category></menu><employees><employee><name>XPNODYaY</name><position>Cook</position><hourlyWage>15.05</hourlyWage></employee><employee><name>NL14h3SX</name><position>Waiter</position><hourlyWage>9.24</hourlyWage></employee><employee><name>bSY4JZ0m</name><position>Waiter</position><hourlyWage>16.43</hourlyWage></employee><employee><name>iK95tqti</name><position>Cashier</position><hourlyWage>10.35</hourlyWage></employee></employees><operatingHours><day><name>Monday</name><openingTime>09:00</openingTime><closingTime>22:00</closingTime></day><day><name>Tuesday</name><openingTime>09:00</openingTime><closingTime>22:00</closingTime></day><day><name>Wednesday</name><openingTime>09:00</openingTime><closingTime>22:00</closingTime></day><day><name>Thursday</name><openingTime>09:00</openingTime><closingTime>22:00</closingTime></day><day><name>Friday</name><openingTime>09:00</openingTime><closingTime>22:00</closingTime></day><day><name>Saturday</name><openingTime>09:00</openingTime><closingTime>22:00</closingTime></day><day><name>Sunday</name><openingTime>09:00</openingTime><closingTime>22:00</closingTime></day></operatingHours><onlineOrdering>true</onlineOrdering><loyaltyProgramEnabled>true</loyaltyProgramEnabled><driveThruAvailable>false</driveThruAvailable><language>German</language><taxReference>iPZdZdIW</taxReference><operations /></restaurantConfig>