<restaurantConfig><name>qoyjE0OYIg</name><location><city>Oklahoma City</city><zipcode>33160</zipcode></location><currency>USD</currency><timezone>EST</timezone><menu><category><name>Breakfast</name><item><name>Hotcakes</name><price>9.46</price></item><item><name>Hash Browns</name><price>7.36</price></item><item><name>Sausage McMuffin</name><price>5.72</price></item><item><name>Big Breakfast</name><price>6.44</price></item><item><name>Egg McMuffin</name><price>2.18</price></item></category></menu><employees><employee><name>o06wPpZx</name><position>Cook</position><hourlyWage>8.77</hourlyWage></employee><employee><name>Cq0klSxa</name><position>Waiter</position><hourlyWage>9.04</hourlyWage></employee><employee><name>ZoqBkx55</name><position>Manager</position><hourlyWage>12.64</hourlyWage></employee><employee><name>OTRMvVIC</name><position>Manager</position><hourlyWage>17.65</hourlyWage></employee><employee><name>cEVrbEyG</name><position>Cook</position><hourlyWage>14.94</hourlyWage></employee><employee><name>TdKHXFlp</name><position>Waiter</position><hourlyWage>13.41</hourlyWage></employee></employees><operatingHours><day><name>Monday</name><openingTime>09:00</openingTime><closingTime>22:00</closingTime></day><day><name>Tuesday</name><openingTime>09:00</openingTime><closingTime>22:00</closingTime></day><day><name>Wednesday</name><openingTime>09:00</openingTime><closingTime>22:00</closingTime></day><day><name>Thursday</name><openingTime>09:00</openingTime><closingTime>22:00</closingTime></day><day><name>Friday</name><openingTime>09:00</openingTime><closingTime>22:00</closingTime></day><day><name>Saturday</name><openingTime>09:00</openingTime><closingTime>22:00</closingTime></day><day><name>Sunday</name><openingTime>09:00</openingTime><closingTime>22:00</closingTime></day></operatingHours><onlineOrdering>false</onlineOrdering><loyaltyProgramEnabled>true</loyaltyProgramEnabled><driveThruAvailable>true</driveThruAvailable><language>Spanish</language><taxReference>XVTMkCnP</taxReference><operations /></restaurantConfig>