<restaurantConfig><name>NxNyfvPxNE</name><location><city>San Francisco</city><zipcode>92683</zipcode></location><currency>USD</currency><timezone>EST</timezone><menu><category><name>Burgers</name><item><name>Big Mac</name><price>6.59</price></item></category><category><name>Breakfast</name><item><name>Hotcakes</name><price>1.07</price></item><item><name>Hash Browns</name><price>6.19</price></item></category></menu><employees><employee><name>3vodNASA</name><position>Manager</position><hourlyWage>10.02</hourlyWage></employee><employee><name>Ii4YzQKk</name><position>Cashier</position><hourlyWage>9.25</hourlyWage></employee><employee><name>mRh1NzjY</name><position>Waiter</position><hourlyWage>10.25</hourlyWage></employee><employee><name>lMvN2a0q</name><position>Cashier</position><hourlyWage>15.55</hourlyWage></employee><employee><name>Vug8xVHl</name><position>Cook</position><hourlyWage>13.8</hourlyWage></employee></employees><operatingHours><day><name>Monday</name><openingTime>09:00</openingTime><closingTime>22:00</closingTime></day><day><name>Tuesday</name><openingTime>09:00</openingTime><closingTime>22:00</closingTime></day><day><name>Wednesday</name><openingTime>09:00</openingTime><closingTime>22:00</closingTime></day><day><name>Thursday</name><openingTime>09:00</openingTime><closingTime>22:00</closingTime></day><day><name>Friday</name><openingTime>09:00</openingTime><closingTime>22:00</closingTime></day><day><name>Saturday</name><openingTime>09:00</openingTime><closingTime>22:00</closingTime></day><day><name>Sunday</name><openingTime>09:00</openingTime><closingTime>22:00</closingTime></day></operatingHours><onlineOrdering>true</onlineOrdering><loyaltyProgramEnabled>true</loyaltyProgramEnabled><driveThruAvailable>true</driveThruAvailable><language>English</language><taxReference>k1MlxFcn</taxReference><operations /></restaurantConfig>