<restaurantConfig><name>aojGUKdxQR</name><location><city>Los Angeles</city><zipcode>95675</zipcode></location><currency>USD</currency><timezone>EST</timezone><menu><category><name>Burgers</name><item><name>McChicken</name><price>2.32</price></item><item><name>McDouble</name><price>1.36</price></item><item><name>Big Mac</name><price>9.19</price></item><item><name>Quarter Pounder with Cheese</name><price>8.35</price></item></category><category><name>Breakfast</name><item><name>Big Breakfast</name><price>1.93</price></item><item><name>Hash Browns</name><price>5.58</price></item></category></menu><employees><employee><name>RmHVTOXm</name><position>Cook</position><hourlyWage>19.79</hourlyWage></employee><employee><name>YOFpcXsF</name><position>Manager</position><hourlyWage>19.68</hourlyWage></employee><employee><name>065fGJmS</name><position>Cook</position><hourlyWage>15.37</hourlyWage></employee><employee><name>E0Dhz20f</name><position>Waiter</position><hourlyWage>12.39</hourlyWage></employee><employee><name>d29hpGMT</name><position>Cook</position><hourlyWage>13.06</hourlyWage></employee><employee><name>3TLPs5Gm</name><position>Manager</position><hourlyWage>12.12</hourlyWage></employee><employee><name>hP6S58X3</name><position>Waiter</position><hourlyWage>8.91</hourlyWage></employee><employee><name>AUpy9tzp</name><position>Waiter</position><hourlyWage>18.87</hourlyWage></employee><employee><name>AfAa8Eu9</name><position>Manager</position><hourlyWage>15.1</hourlyWage></employee><employee><name>KMIT4au1</name><position>Cashier</position><hourlyWage>13.43</hourlyWage></employee></employees><operatingHours><day><name>Monday</name><openingTime>09:00</openingTime><closingTime>22:00</closingTime></day><day><name>Tuesday</name><openingTime>09:00</openingTime><closingTime>22:00</closingTime></day><day><name>Wednesday</name><openingTime>09:00</openingTime><closingTime>22:00</closingTime></day><day><name>Thursday</name><openingTime>09:00</openingTime><closingTime>22:00</closingTime></day><day><name>Friday</name><openingTime>09:00</openingTime><closingTime>22:00</closingTime></day><day><name>Saturday</name><openingTime>09:00</openingTime><closingTime>22:00</closingTime></day><day><name>Sunday</name><openingTime>09:00</openingTime><closingTime>22:00</closingTime></day></operatingHours><onlineOrdering>false</onlineOrdering><loyaltyProgramEnabled>true</loyaltyProgramEnabled><driveThruAvailable>true</driveThruAvailable><language>German</language><taxReference>1zgq5K7s</taxReference><operations /></restaurantConfig>