<restaurantConfig><name>2SZiUZvwHZ</name><location><city>Albuquerque</city><zipcode>37942</zipcode></location><currency>USD</currency><timezone>EST</timezone><menu><category><name>Burgers</name><item><name>McDouble</name><price>1.92</price></item><item><name>Filet-O-Fish</name><price>6.33</price></item><item><name>Big Mac</name><price>6.62</price></item></category><category><name>Chicken &amp; Sandwiches</name><item><name>Buttermilk Crispy Chicken Sandwich</name><price>2.57</price></item><item><name>Spicy McChicken</name><price>8.3</price></item><item><name>McChicken Deluxe</name><price>6.0</price></item></category><category><name>Breakfast</name><item><name>Sausage McMuffin</name><price>7.28</price></item><item><name>Hash Browns</name><price>7.21</price></item><item><name>Big Breakfast</name><price>1.33</price></item><item><name>Hotcakes</name><price>9.75</price></item></category><category><name>Snacks &amp; Sides</name><item><name>McNuggets</name><price>9.42</price></item><item><name>French Fries</name><price>7.26</price></item></category></menu><employees><employee><name>8D2oNc7R</name><position>Cashier</position><hourlyWage>9.48</hourlyWage></employee><employee><name>knzEB2hn</name><position>Waiter</position><hourlyWage>9.25</hourlyWage></employee><employee><name>4LufKBQF</name><position>Cashier</position><hourlyWage>8.76</hourlyWage></employee><employee><name>sljFc75R</name><position>Cook</position><hourlyWage>11.58</hourlyWage></employee><employee><name>rlDm25bG</name><position>Waiter</position><hourlyWage>18.43</hourlyWage></employee></employees><operatingHours><day><name>Monday</name><openingTime>09:00</openingTime><closingTime>22:00</closingTime></day><day><name>Tuesday</name><openingTime>09:00</openingTime><closingTime>22:00</closingTime></day><day><name>Wednesday</name><openingTime>09:00</openingTime><closingTime>22:00</closingTime></day><day><name>Thursday</name><openingTime>09:00</openingTime><closingTime>22:00</closingTime></day><day><name>Friday</name><openingTime>09:00</openingTime><closingTime>22:00</closingTime></day><day><name>Saturday</name><openingTime>09:00</openingTime><closingTime>22:00</closingTime></day><day><name>Sunday</name><openingTime>09:00</openingTime><closingTime>22:00</closingTime></day></operatingHours><onlineOrdering>false</onlineOrdering><loyaltyProgramEnabled>false</loyaltyProgramEnabled><driveThruAvailable>false</driveThruAvailable><language>German</language><taxReference>gRdhY3ls</taxReference><operations /></restaurantConfig>