<restaurantConfig><name>vbXAv2S53r</name><location><city>Columbus</city><zipcode>96075</zipcode></location><currency>USD</currency><timezone>EST</timezone><menu><category><name>Chicken &amp; Sandwiches</name><item><name>McChicken Deluxe</name><price>3.39</price></item></category><category><name>Salads</name><item><name>Southwest Grilled Chicken Salad</name><price>9.12</price></item><item><name>Side Salad</name><price>4.01</price></item></category></menu><employees><employee><name>4p4hVjup</name><position>Manager</position><hourlyWage>10.21</hourlyWage></employee><employee><name>jjbSBYco</name><position>Waiter</position><hourlyWage>13.5</hourlyWage></employee><employee><name>CRQ9rcuQ</name><position>Manager</position><hourlyWage>15.9</hourlyWage></employee><employee><name>bA6qfqbn</name><position>Waiter</position><hourlyWage>15.35</hourlyWage></employee><employee><name>pdEiYftl</name><position>Waiter</position><hourlyWage>13.92</hourlyWage></employee></employees><operatingHours><day><name>Monday</name><openingTime>09:00</openingTime><closingTime>22:00</closingTime></day><day><name>Tuesday</name><openingTime>09:00</openingTime><closingTime>22:00</closingTime></day><day><name>Wednesday</name><openingTime>09:00</openingTime><closingTime>22:00</closingTime></day><day><name>Thursday</name><openingTime>09:00</openingTime><closingTime>22:00</closingTime></day><day><name>Friday</name><openingTime>09:00</openingTime><closingTime>22:00</closingTime></day><day><name>Saturday</name><openingTime>09:00</openingTime><closingTime>22:00</closingTime></day><day><name>Sunday</name><openingTime>09:00</openingTime><closingTime>22:00</closingTime></day></operatingHours><onlineOrdering>false</onlineOrdering><loyaltyProgramEnabled>false</loyaltyProgramEnabled><driveThruAvailable>true</driveThruAvailable><language>Spanish</language><taxReference>IE8pRMeN</taxReference><operations /></restaurantConfig>