<restaurantConfig><name>7aCWmIJta9</name><location><city>Miami</city><zipcode>50287</zipcode></location><currency>USD</currency><timezone>EST</timezone><menu><category><name>Chicken &amp; Sandwiches</name><item><name>Spicy McChicken</name><price>4.75</price></item></category><category><name>Breakfast</name><item><name>Hotcakes</name><price>9.01</price></item><item><name>Hash Browns</name><price>1.47</price></item></category><category><name>Snacks &amp; Sides</name><item><name>McNuggets</name><price>7.27</price></item></category></menu><employees><employee><name>9UdC7bZC</name><position>Cashier</position><hourlyWage>14.07</hourlyWage></employee><employee><name>twKgiAgF</name><position>Cook</position><hourlyWage>18.93</hourlyWage></employee><employee><name>qaBJWkSO</name><position>Manager</position><hourlyWage>13.5</hourlyWage></employee><employee><name>e0FdnvPL</name><position>Manager</position><hourlyWage>17.6</hourlyWage></employee><employee><name>1v1kt17w</name><position>Waiter</position><hourlyWage>17.95</hourlyWage></employee><employee><name>hXRwR309</name><position>Cook</position><hourlyWage>8.68</hourlyWage></employee></employees><operatingHours><day><name>Monday</name><openingTime>09:00</openingTime><closingTime>22:00</closingTime></day><day><name>Tuesday</name><openingTime>09:00</openingTime><closingTime>22:00</closingTime></day><day><name>Wednesday</name><openingTime>09:00</openingTime><closingTime>22:00</closingTime></day><day><name>Thursday</name><openingTime>09:00</openingTime><closingTime>22:00</closingTime></day><day><name>Friday</name><openingTime>09:00</openingTime><closingTime>22:00</closingTime></day><day><name>Saturday</name><openingTime>09:00</openingTime><closingTime>22:00</closingTime></day><day><name>Sunday</name><openingTime>09:00</openingTime><closingTime>22:00</closingTime></day></operatingHours><onlineOrdering>false</onlineOrdering><loyaltyProgramEnabled>true</loyaltyProgramEnabled><driveThruAvailable>true</driveThruAvailable><language>English</language><taxReference>dbR2X1qT</taxReference><operations /></restaurantConfig>