<restaurantConfig><name>oPIHuNVEUL</name><location><city>Omaha</city><zipcode>13483</zipcode></location><currency>USD</currency><timezone>EST</timezone><menu><category><name>Burgers</name><item><name>McChicken</name><price>8.23</price></item><item><name>McDouble</name><price>9.5</price></item><item><name>Filet-O-Fish</name><price>7.56</price></item><item><name>Quarter Pounder with Cheese</name><price>2.11</price></item></category><category><name>Salads</name><item><name>Southwest Grilled Chicken Salad</name><price>4.37</price></item></category><category><name>Breakfast</name><item><name>Hotcakes</name><price>1.65</price></item></category></menu><employees><employee><name>Kr2OCLSQ</name><position>Manager</position><hourlyWage>8.52</hourlyWage></employee><employee><name>FuXIOs7c</name><position>Manager</position><hourlyWage>18.71</hourlyWage></employee><employee><name>eYGhGvhd</name><position>Manager</position><hourlyWage>14.23</hourlyWage></employee><employee><name>zmNhSKOC</name><position>Cook</position><hourlyWage>13.28</hourlyWage></employee><employee><name>ugYWUhVY</name><position>Manager</position><hourlyWage>8.64</hourlyWage></employee><employee><name>BQb67UgH</name><position>Cook</position><hourlyWage>9.09</hourlyWage></employee><employee><name>HKuRtFuW</name><position>Manager</position><hourlyWage>8.04</hourlyWage></employee><employee><name>5VV5uWLX</name><position>Cashier</position><hourlyWage>9.64</hourlyWage></employee></employees><operatingHours><day><name>Monday</name><openingTime>09:00</openingTime><closingTime>22:00</closingTime></day><day><name>Tuesday</name><openingTime>09:00</openingTime><closingTime>22:00</closingTime></day><day><name>Wednesday</name><openingTime>09:00</openingTime><closingTime>22:00</closingTime></day><day><name>Thursday</name><openingTime>09:00</openingTime><closingTime>22:00</closingTime></day><day><name>Friday</name><openingTime>09:00</openingTime><closingTime>22:00</closingTime></day><day><name>Saturday</name><openingTime>09:00</openingTime><closingTime>22:00</closingTime></day><day><name>Sunday</name><openingTime>09:00</openingTime><closingTime>22:00</closingTime></day></operatingHours><onlineOrdering>true</onlineOrdering><loyaltyProgramEnabled>true</loyaltyProgramEnabled><driveThruAvailable>true</driveThruAvailable><language>German</language><taxReference>aRrShBM1</taxReference><operations /></restaurantConfig>