<restaurantConfig><name>W2pt4HE38K</name><location><city>San Jose</city><zipcode>37731</zipcode></location><currency>USD</currency><timezone>EST</timezone><menu><category><name>Burgers</name><item><name>McChicken</name><price>8.67</price></item><item><name>Filet-O-Fish</name><price>7.09</price></item></category><category><name>Chicken &amp; Sandwiches</name><item><name>Buttermilk Crispy Chicken Sandwich</name><price>6.43</price></item><item><name>McChicken Deluxe</name><price>6.1</price></item><item><name>Artisan Grilled Chicken Sandwich</name><price>9.01</price></item></category><category><name>Breakfast</name><item><name>Egg McMuffin</name><price>7.72</price></item><item><name>Hotcakes</name><price>7.08</price></item><item><name>Hash Browns</name><price>8.84</price></item><item><name>Sausage McMuffin</name><price>5.7</price></item></category><category><name>Snacks &amp; Sides</name><item><name>French Fries</name><price>2.64</price></item><item><name>McNuggets</name><price>1.31</price></item></category></menu><employees><employee><name>iDXSQifB</name><position>Cashier</position><hourlyWage>10.62</hourlyWage></employee><employee><name>vFP7mPCV</name><position>Cashier</position><hourlyWage>18.0</hourlyWage></employee></employees><operatingHours><day><name>Monday</name><openingTime>09:00</openingTime><closingTime>22:00</closingTime></day><day><name>Tuesday</name><openingTime>09:00</openingTime><closingTime>22:00</closingTime></day><day><name>Wednesday</name><openingTime>09:00</openingTime><closingTime>22:00</closingTime></day><day><name>Thursday</name><openingTime>09:00</openingTime><closingTime>22:00</closingTime></day><day><name>Friday</name><openingTime>09:00</openingTime><closingTime>22:00</closingTime></day><day><name>Saturday</name><openingTime>09:00</openingTime><closingTime>22:00</closingTime></day><day><name>Sunday</name><openingTime>09:00</openingTime><closingTime>22:00</closingTime></day></operatingHours><onlineOrdering>true</onlineOrdering><loyaltyProgramEnabled>false</loyaltyProgramEnabled><driveThruAvailable>true</driveThruAvailable><language>Spanish</language><taxReference>35ucuv4G</taxReference><operations /></restaurantConfig>