<restaurantConfig><name>UmvOEeJIPi</name><location><city>New York</city><zipcode>91978</zipcode></location><currency>USD</currency><timezone>EST</timezone><menu><category><name>Salads</name><item><name>Bacon Ranch Salad</name><price>4.17</price></item></category><category><name>Breakfast</name><item><name>Big Breakfast</name><price>5.23</price></item><item><name>Sausage McMuffin</name><price>3.45</price></item><item><name>Hotcakes</name><price>9.19</price></item><item><name>Egg McMuffin</name><price>2.29</price></item><item><name>Hash Browns</name><price>7.17</price></item></category><category><name>Snacks &amp; Sides</name><item><name>McNuggets</name><price>4.93</price></item><item><name>French Fries</name><price>3.89</price></item><item><name>Apple Slices</name><price>9.74</price></item></category></menu><employees><employee><name>MKbqZTPN</name><position>Cashier</position><hourlyWage>17.84</hourlyWage></employee><employee><name>HjQOyrlY</name><position>Manager</position><hourlyWage>11.91</hourlyWage></employee><employee><name>3djrrEsU</name><position>Cashier</position><hourlyWage>14.73</hourlyWage></employee><employee><name>QO8vCBCj</name><position>Cook</position><hourlyWage>12.59</hourlyWage></employee><employee><name>pw8BvDHu</name><position>Cook</position><hourlyWage>12.94</hourlyWage></employee><employee><name>3i9QwFHF</name><position>Waiter</position><hourlyWage>14.61</hourlyWage></employee><employee><name>b5tbkN3I</name><position>Waiter</position><hourlyWage>11.72</hourlyWage></employee><employee><name>vMWVBQjU</name><position>Cashier</position><hourlyWage>15.85</hourlyWage></employee></employees><operatingHours><day><name>Monday</name><openingTime>09:00</openingTime><closingTime>22:00</closingTime></day><day><name>Tuesday</name><openingTime>09:00</openingTime><closingTime>22:00</closingTime></day><day><name>Wednesday</name><openingTime>09:00</openingTime><closingTime>22:00</closingTime></day><day><name>Thursday</name><openingTime>09:00</openingTime><closingTime>22:00</closingTime></day><day><name>Friday</name><openingTime>09:00</openingTime><closingTime>22:00</closingTime></day><day><name>Saturday</name><openingTime>09:00</openingTime><closingTime>22:00</closingTime></day><day><name>Sunday</name><openingTime>09:00</openingTime><closingTime>22:00</closingTime></day></operatingHours><onlineOrdering>true</onlineOrdering><loyaltyProgramEnabled>true</loyaltyProgramEnabled><driveThruAvailable>true</driveThruAvailable><language>English</language><taxReference>Iacpbuf8</taxReference><operations /></restaurantConfig>