<restaurantConfig><name>Z8XhJqQ6Y2</name><location><city>Baltimore</city><zipcode>34932</zipcode></location><currency>USD</currency><timezone>EST</timezone><menu><category><name>Burgers</name><item><name>Big Mac</name><price>9.42</price></item><item><name>Filet-O-Fish</name><price>8.23</price></item><item><name>McChicken</name><price>7.68</price></item><item><name>McDouble</name><price>5.81</price></item><item><name>Quarter Pounder with Cheese</name><price>1.52</price></item></category><category><name>Chicken &amp; Sandwiches</name><item><name>McChicken Deluxe</name><price>3.89</price></item><item><name>Buttermilk Crispy Chicken Sandwich</name><price>4.59</price></item><item><name>Spicy McChicken</name><price>5.66</price></item></category></menu><employees><employee><name>7YCrfnOt</name><position>Cashier</position><hourlyWage>9.53</hourlyWage></employee><employee><name>DWxV1rzJ</name><position>Cook</position><hourlyWage>16.13</hourlyWage></employee><employee><name>chtJLtGP</name><position>Waiter</position><hourlyWage>9.5</hourlyWage></employee><employee><name>85ZYKrhy</name><position>Waiter</position><hourlyWage>17.97</hourlyWage></employee><employee><name>0PoAi71B</name><position>Cashier</position><hourlyWage>17.22</hourlyWage></employee><employee><name>mu5bCZRc</name><position>Cashier</position><hourlyWage>11.07</hourlyWage></employee><employee><name>haTBpGMi</name><position>Cook</position><hourlyWage>12.13</hourlyWage></employee><employee><name>4QMB1jQH</name><position>Waiter</position><hourlyWage>17.7</hourlyWage></employee><employee><name>48lMnyDk</name><position>Waiter</position><hourlyWage>8.46</hourlyWage></employee></employees><operatingHours><day><name>Monday</name><openingTime>09:00</openingTime><closingTime>22:00</closingTime></day><day><name>Tuesday</name><openingTime>09:00</openingTime><closingTime>22:00</closingTime></day><day><name>Wednesday</name><openingTime>09:00</openingTime><closingTime>22:00</closingTime></day><day><name>Thursday</name><openingTime>09:00</openingTime><closingTime>22:00</closingTime></day><day><name>Friday</name><openingTime>09:00</openingTime><closingTime>22:00</closingTime></day><day><name>Saturday</name><openingTime>09:00</openingTime><closingTime>22:00</closingTime></day><day><name>Sunday</name><openingTime>09:00</openingTime><closingTime>22:00</closingTime></day></operatingHours><onlineOrdering>true</onlineOrdering><loyaltyProgramEnabled>true</loyaltyProgramEnabled><driveThruAvailable>false</driveThruAvailable><language>German</language><taxReference>yes0ToUI</taxReference><operations /></restaurantConfig>