<restaurantConfig><name>gcSqUk2O3a</name><location><city>Jacksonville</city><zipcode>99214</zipcode></location><currency>USD</currency><timezone>EST</timezone><menu><category><name>Snacks &amp; Sides</name><item><name>French Fries</name><price>8.19</price></item><item><name>McNuggets</name><price>5.25</price></item><item><name>Apple Slices</name><price>8.5</price></item></category></menu><employees><employee><name>3LOzEnux</name><position>Manager</position><hourlyWage>18.13</hourlyWage></employee><employee><name>IyymLcw9</name><position>Cashier</position><hourlyWage>16.6</hourlyWage></employee><employee><name>z8e3CsvP</name><position>Cashier</position><hourlyWage>19.92</hourlyWage></employee><employee><name>6UHxaxQU</name><position>Waiter</position><hourlyWage>15.45</hourlyWage></employee><employee><name>DU0I7OM3</name><position>Cashier</position><hourlyWage>14.96</hourlyWage></employee><employee><name>JWudNaSc</name><position>Cook</position><hourlyWage>18.92</hourlyWage></employee><employee><name>HUVDmexL</name><position>Manager</position><hourlyWage>14.65</hourlyWage></employee><employee><name>69EoKWsz</name><position>Cashier</position><hourlyWage>12.54</hourlyWage></employee></employees><operatingHours><day><name>Monday</name><openingTime>09:00</openingTime><closingTime>22:00</closingTime></day><day><name>Tuesday</name><openingTime>09:00</openingTime><closingTime>22:00</closingTime></day><day><name>Wednesday</name><openingTime>09:00</openingTime><closingTime>22:00</closingTime></day><day><name>Thursday</name><openingTime>09:00</openingTime><closingTime>22:00</closingTime></day><day><name>Friday</name><openingTime>09:00</openingTime><closingTime>22:00</closingTime></day><day><name>Saturday</name><openingTime>09:00</openingTime><closingTime>22:00</closingTime></day><day><name>Sunday</name><openingTime>09:00</openingTime><closingTime>22:00</closingTime></day></operatingHours><onlineOrdering>false</onlineOrdering><loyaltyProgramEnabled>true</loyaltyProgramEnabled><driveThruAvailable>false</driveThruAvailable><language>French</language><taxReference>6k7cKHQX</taxReference><operations /></restaurantConfig>