<restaurantConfig><name>KCtrNcxEEe</name><location><city>Long Beach</city><zipcode>14051</zipcode></location><currency>USD</currency><timezone>EST</timezone><menu><category><name>Salads</name><item><name>Side Salad</name><price>4.74</price></item></category><category><name>Snacks &amp; Sides</name><item><name>French Fries</name><price>9.21</price></item><item><name>McNuggets</name><price>6.38</price></item><item><name>Apple Slices</name><price>8.85</price></item></category></menu><employees><employee><name>c2vp8j3a</name><position>Waiter</position><hourlyWage>15.54</hourlyWage></employee><employee><name>BVahpn5G</name><position>Manager</position><hourlyWage>17.05</hourlyWage></employee><employee><name>o8usIXJx</name><position>Waiter</position><hourlyWage>15.97</hourlyWage></employee><employee><name>8Uau05xq</name><position>Cashier</position><hourlyWage>11.34</hourlyWage></employee><employee><name>BbbP7v93</name><position>Waiter</position><hourlyWage>17.17</hourlyWage></employee><employee><name>1oGB4nyK</name><position>Cashier</position><hourlyWage>8.75</hourlyWage></employee><employee><name>LfXRrC6A</name><position>Cook</position><hourlyWage>11.2</hourlyWage></employee></employees><operatingHours><day><name>Monday</name><openingTime>09:00</openingTime><closingTime>22:00</closingTime></day><day><name>Tuesday</name><openingTime>09:00</openingTime><closingTime>22:00</closingTime></day><day><name>Wednesday</name><openingTime>09:00</openingTime><closingTime>22:00</closingTime></day><day><name>Thursday</name><openingTime>09:00</openingTime><closingTime>22:00</closingTime></day><day><name>Friday</name><openingTime>09:00</openingTime><closingTime>22:00</closingTime></day><day><name>Saturday</name><openingTime>09:00</openingTime><closingTime>22:00</closingTime></day><day><name>Sunday</name><openingTime>09:00</openingTime><closingTime>22:00</closingTime></day></operatingHours><onlineOrdering>true</onlineOrdering><loyaltyProgramEnabled>true</loyaltyProgramEnabled><driveThruAvailable>false</driveThruAvailable><language>Spanish</language><taxReference>ynsC3srQ</taxReference><operations /></restaurantConfig>