<restaurantConfig><name>1Kr4nLpGkI</name><location><city>San Diego</city><zipcode>27178</zipcode></location><currency>USD</currency><timezone>EST</timezone><menu><category><name>Salads</name><item><name>Side Salad</name><price>4.67</price></item><item><name>Southwest Grilled Chicken Salad</name><price>6.97</price></item></category><category><name>Breakfast</name><item><name>Egg McMuffin</name><price>9.78</price></item><item><name>Hash Browns</name><price>7.38</price></item><item><name>Sausage McMuffin</name><price>5.39</price></item></category><category><name>Snacks &amp; Sides</name><item><name>French Fries</name><price>5.96</price></item><item><name>McNuggets</name><price>8.33</price></item><item><name>Apple Slices</name><price>1.06</price></item></category></menu><employees><employee><name>zbWeuY1R</name><position>Cashier</position><hourlyWage>9.62</hourlyWage></employee><employee><name>ti5U6yks</name><position>Manager</position><hourlyWage>13.43</hourlyWage></employee></employees><operatingHours><day><name>Monday</name><openingTime>09:00</openingTime><closingTime>22:00</closingTime></day><day><name>Tuesday</name><openingTime>09:00</openingTime><closingTime>22:00</closingTime></day><day><name>Wednesday</name><openingTime>09:00</openingTime><closingTime>22:00</closingTime></day><day><name>Thursday</name><openingTime>09:00</openingTime><closingTime>22:00</closingTime></day><day><name>Friday</name><openingTime>09:00</openingTime><closingTime>22:00</closingTime></day><day><name>Saturday</name><openingTime>09:00</openingTime><closingTime>22:00</closingTime></day><day><name>Sunday</name><openingTime>09:00</openingTime><closingTime>22:00</closingTime></day></operatingHours><onlineOrdering>false</onlineOrdering><loyaltyProgramEnabled>false</loyaltyProgramEnabled><driveThruAvailable>false</driveThruAvailable><language>English</language><taxReference>FS1uVRti</taxReference><operations /></restaurantConfig>