<restaurantConfig><name>nykkTHabFC</name><location><city>Sacramento</city><zipcode>34275</zipcode></location><currency>USD</currency><timezone>EST</timezone><menu><category><name>Breakfast</name><item><name>Sausage McMuffin</name><price>7.48</price></item><item><name>Big Breakfast</name><price>9.32</price></item><item><name>Egg McMuffin</name><price>3.8</price></item></category></menu><employees><employee><name>LYDtIZgK</name><position>Cook</position><hourlyWage>14.13</hourlyWage></employee><employee><name>8BwKK6jL</name><position>Cook</position><hourlyWage>10.97</hourlyWage></employee></employees><operatingHours><day><name>Monday</name><openingTime>09:00</openingTime><closingTime>22:00</closingTime></day><day><name>Tuesday</name><openingTime>09:00</openingTime><closingTime>22:00</closingTime></day><day><name>Wednesday</name><openingTime>09:00</openingTime><closingTime>22:00</closingTime></day><day><name>Thursday</name><openingTime>09:00</openingTime><closingTime>22:00</closingTime></day><day><name>Friday</name><openingTime>09:00</openingTime><closingTime>22:00</closingTime></day><day><name>Saturday</name><openingTime>09:00</openingTime><closingTime>22:00</closingTime></day><day><name>Sunday</name><openingTime>09:00</openingTime><closingTime>22:00</closingTime></day></operatingHours><onlineOrdering>false</onlineOrdering><loyaltyProgramEnabled>false</loyaltyProgramEnabled><driveThruAvailable>true</driveThruAvailable><language>German</language><taxReference>MNCv8GF0</taxReference><operations /></restaurantConfig>