<restaurantConfig><name>ifOmQ6EGiV</name><location><city>Columbus</city><zipcode>55848</zipcode></location><currency>USD</currency><timezone>EST</timezone><menu><category><name>Burgers</name><item><name>Filet-O-Fish</name><price>5.37</price></item><item><name>McDouble</name><price>5.17</price></item><item><name>Big Mac</name><price>3.44</price></item></category><category><name>Snacks &amp; Sides</name><item><name>McNuggets</name><price>1.74</price></item><item><name>French Fries</name><price>5.84</price></item><item><name>Apple Slices</name><price>6.39</price></item></category></menu><employees><employee><name>0lKtX5GO</name><position>Cook</position><hourlyWage>12.44</hourlyWage></employee></employees><operatingHours><day><name>Monday</name><openingTime>09:00</openingTime><closingTime>22:00</closingTime></day><day><name>Tuesday</name><openingTime>09:00</openingTime><closingTime>22:00</closingTime></day><day><name>Wednesday</name><openingTime>09:00</openingTime><closingTime>22:00</closingTime></day><day><name>Thursday</name><openingTime>09:00</openingTime><closingTime>22:00</closingTime></day><day><name>Friday</name><openingTime>09:00</openingTime><closingTime>22:00</closingTime></day><day><name>Saturday</name><openingTime>09:00</openingTime><closingTime>22:00</closingTime></day><day><name>Sunday</name><openingTime>09:00</openingTime><closingTime>22:00</closingTime></day></operatingHours><onlineOrdering>false</onlineOrdering><loyaltyProgramEnabled>false</loyaltyProgramEnabled><driveThruAvailable>false</driveThruAvailable><language>German</language><taxReference>NJh9Uiel</taxReference><operations /></restaurantConfig>