<restaurantConfig><name>HXbFwXS7Gv</name><location><city>Virginia Beach</city><zipcode>93138</zipcode></location><currency>USD</currency><timezone>EST</timezone><menu /><employees><employee><name>fizA3Th5</name><position>Manager</position><hourlyWage>8.89</hourlyWage></employee><employee><name>SVrsD6g6</name><position>Manager</position><hourlyWage>9.23</hourlyWage></employee><employee><name>BkHtWAL2</name><position>Cashier</position><hourlyWage>15.83</hourlyWage></employee><employee><name>T4mzCT5R</name><position>Manager</position><hourlyWage>8.98</hourlyWage></employee></employees><operatingHours><day><name>Monday</name><openingTime>09:00</openingTime><closingTime>22:00</closingTime></day><day><name>Tuesday</name><openingTime>09:00</openingTime><closingTime>22:00</closingTime></day><day><name>Wednesday</name><openingTime>09:00</openingTime><closingTime>22:00</closingTime></day><day><name>Thursday</name><openingTime>09:00</openingTime><closingTime>22:00</closingTime></day><day><name>Friday</name><openingTime>09:00</openingTime><closingTime>22:00</closingTime></day><day><name>Saturday</name><openingTime>09:00</openingTime><closingTime>22:00</closingTime></day><day><name>Sunday</name><openingTime>09:00</openingTime><closingTime>22:00</closingTime></day></operatingHours><onlineOrdering>true</onlineOrdering><loyaltyProgramEnabled>false</loyaltyProgramEnabled><driveThruAvailable>false</driveThruAvailable><language>English</language><taxReference>KtDuvYD6</taxReference><operations /></restaurantConfig>