<restaurantConfig><name>kUnZJ242M3</name><location><city>Seattle</city><zipcode>78084</zipcode></location><currency>USD</currency><timezone>EST</timezone><menu><category><name>Chicken &amp; Sandwiches</name><item><name>Spicy McChicken</name><price>2.71</price></item></category></menu><employees><employee><name>tsFChfoF</name><position>Manager</position><hourlyWage>17.26</hourlyWage></employee><employee><name>lHRDKh3n</name><position>Manager</position><hourlyWage>10.14</hourlyWage></employee><employee><name>CiPGjR4Q</name><position>Manager</position><hourlyWage>16.42</hourlyWage></employee><employee><name>jMvCnWpO</name><position>Cook</position><hourlyWage>16.28</hourlyWage></employee><employee><name>FkUNDike</name><position>Cashier</position><hourlyWage>14.23</hourlyWage></employee><employee><name>khby6MWA</name><position>Cashier</position><hourlyWage>18.57</hourlyWage></employee></employees><operatingHours><day><name>Monday</name><openingTime>09:00</openingTime><closingTime>22:00</closingTime></day><day><name>Tuesday</name><openingTime>09:00</openingTime><closingTime>22:00</closingTime></day><day><name>Wednesday</name><openingTime>09:00</openingTime><closingTime>22:00</closingTime></day><day><name>Thursday</name><openingTime>09:00</openingTime><closingTime>22:00</closingTime></day><day><name>Friday</name><openingTime>09:00</openingTime><closingTime>22:00</closingTime></day><day><name>Saturday</name><openingTime>09:00</openingTime><closingTime>22:00</closingTime></day><day><name>Sunday</name><openingTime>09:00</openingTime><closingTime>22:00</closingTime></day></operatingHours><onlineOrdering>false</onlineOrdering><loyaltyProgramEnabled>true</loyaltyProgramEnabled><driveThruAvailable>false</driveThruAvailable><language>English</language><taxReference>dlWR4GYB</taxReference><operations /></restaurantConfig>