<restaurantConfig><name>UXqZBaptO5</name><location><city>Oklahoma City</city><zipcode>86362</zipcode></location><currency>USD</currency><timezone>EST</timezone><menu><category><name>Chicken &amp; Sandwiches</name><item><name>Spicy McChicken</name><price>5.95</price></item><item><name>McChicken Deluxe</name><price>6.12</price></item><item><name>Artisan Grilled Chicken Sandwich</name><price>2.72</price></item></category><category><name>Breakfast</name><item><name>Sausage McMuffin</name><price>5.51</price></item><item><name>Hotcakes</name><price>7.04</price></item><item><name>Big Breakfast</name><price>2.86</price></item><item><name>Hash Browns</name><price>8.58</price></item><item><name>Egg McMuffin</name><price>3.68</price></item></category></menu><employees><employee><name>c3VjD7nF</name><position>Cook</position><hourlyWage>9.17</hourlyWage></employee><employee><name>uEZoWccJ</name><position>Waiter</position><hourlyWage>8.62</hourlyWage></employee><employee><name>u8Y2fCii</name><position>Waiter</position><hourlyWage>16.0</hourlyWage></employee><employee><name>uBBm4xOf</name><position>Cook</position><hourlyWage>17.07</hourlyWage></employee><employee><name>w8cig7HT</name><position>Manager</position><hourlyWage>14.06</hourlyWage></employee></employees><operatingHours><day><name>Monday</name><openingTime>09:00</openingTime><closingTime>22:00</closingTime></day><day><name>Tuesday</name><openingTime>09:00</openingTime><closingTime>22:00</closingTime></day><day><name>Wednesday</name><openingTime>09:00</openingTime><closingTime>22:00</closingTime></day><day><name>Thursday</name><openingTime>09:00</openingTime><closingTime>22:00</closingTime></day><day><name>Friday</name><openingTime>09:00</openingTime><closingTime>22:00</closingTime></day><day><name>Saturday</name><openingTime>09:00</openingTime><closingTime>22:00</closingTime></day><day><name>Sunday</name><openingTime>09:00</openingTime><closingTime>22:00</closingTime></day></operatingHours><onlineOrdering>true</onlineOrdering><loyaltyProgramEnabled>true</loyaltyProgramEnabled><driveThruAvailable>true</driveThruAvailable><language>Spanish</language><taxReference>kML4MDZt</taxReference><operations /></restaurantConfig>