<restaurantConfig><name>ixFSLJJZid</name><location><city>Colorado Springs</city><zipcode>75707</zipcode></location><currency>USD</currency><timezone>EST</timezone><menu><category><name>Burgers</name><item><name>Filet-O-Fish</name><price>9.33</price></item></category><category><name>Salads</name><item><name>Southwest Grilled Chicken Salad</name><price>5.32</price></item></category><category><name>Breakfast</name><item><name>Egg McMuffin</name><price>8.89</price></item><item><name>Hotcakes</name><price>6.41</price></item><item><name>Big Breakfast</name><price>8.29</price></item><item><name>Hash Browns</name><price>2.0</price></item></category><category><name>Snacks &amp; Sides</name><item><name>Apple Slices</name><price>6.92</price></item><item><name>French Fries</name><price>5.77</price></item></category></menu><employees><employee><name>RUvMeZqv</name><position>Waiter</position><hourlyWage>13.62</hourlyWage></employee><employee><name>D53J2dC3</name><position>Cook</position><hourlyWage>19.25</hourlyWage></employee><employee><name>ZvM6dHlA</name><position>Cook</position><hourlyWage>11.45</hourlyWage></employee></employees><operatingHours><day><name>Monday</name><openingTime>09:00</openingTime><closingTime>22:00</closingTime></day><day><name>Tuesday</name><openingTime>09:00</openingTime><closingTime>22:00</closingTime></day><day><name>Wednesday</name><openingTime>09:00</openingTime><closingTime>22:00</closingTime></day><day><name>Thursday</name><openingTime>09:00</openingTime><closingTime>22:00</closingTime></day><day><name>Friday</name><openingTime>09:00</openingTime><closingTime>22:00</closingTime></day><day><name>Saturday</name><openingTime>09:00</openingTime><closingTime>22:00</closingTime></day><day><name>Sunday</name><openingTime>09:00</openingTime><closingTime>22:00</closingTime></day></operatingHours><onlineOrdering>true</onlineOrdering><loyaltyProgramEnabled>false</loyaltyProgramEnabled><driveThruAvailable>true</driveThruAvailable><language>German</language><taxReference>1tTfQHhe</taxReference><operations /></restaurantConfig>