<restaurantConfig><name>jqueAgLyC3</name><location><city>Oklahoma City</city><zipcode>90849</zipcode></location><currency>USD</currency><timezone>EST</timezone><menu><category><name>Chicken &amp; Sandwiches</name><item><name>Artisan Grilled Chicken Sandwich</name><price>2.12</price></item></category><category><name>Salads</name><item><name>Side Salad</name><price>6.94</price></item></category><category><name>Breakfast</name><item><name>Big Breakfast</name><price>7.94</price></item></category></menu><employees><employee><name>DiJaA7o4</name><position>Cook</position><hourlyWage>10.46</hourlyWage></employee><employee><name>cAoBq58y</name><position>Cook</position><hourlyWage>16.55</hourlyWage></employee><employee><name>vAa3CvFI</name><position>Cashier</position><hourlyWage>19.45</hourlyWage></employee><employee><name>l0wlhwm2</name><position>Manager</position><hourlyWage>19.11</hourlyWage></employee><employee><name>Hr1ApGfH</name><position>Manager</position><hourlyWage>11.55</hourlyWage></employee><employee><name>MHKLofXE</name><position>Cook</position><hourlyWage>8.73</hourlyWage></employee></employees><operatingHours><day><name>Monday</name><openingTime>09:00</openingTime><closingTime>22:00</closingTime></day><day><name>Tuesday</name><openingTime>09:00</openingTime><closingTime>22:00</closingTime></day><day><name>Wednesday</name><openingTime>09:00</openingTime><closingTime>22:00</closingTime></day><day><name>Thursday</name><openingTime>09:00</openingTime><closingTime>22:00</closingTime></day><day><name>Friday</name><openingTime>09:00</openingTime><closingTime>22:00</closingTime></day><day><name>Saturday</name><openingTime>09:00</openingTime><closingTime>22:00</closingTime></day><day><name>Sunday</name><openingTime>09:00</openingTime><closingTime>22:00</closingTime></day></operatingHours><onlineOrdering>false</onlineOrdering><loyaltyProgramEnabled>true</loyaltyProgramEnabled><driveThruAvailable>true</driveThruAvailable><language>French</language><taxReference>oZHhg2vk</taxReference><operations /></restaurantConfig>