<restaurantConfig><name>yBh6wGS25e</name><location><city>Miami</city><zipcode>41090</zipcode></location><currency>USD</currency><timezone>EST</timezone><menu><category><name>Breakfast</name><item><name>Big Breakfast</name><price>8.14</price></item></category><category><name>Snacks &amp; Sides</name><item><name>McNuggets</name><price>9.73</price></item><item><name>Apple Slices</name><price>5.49</price></item><item><name>French Fries</name><price>1.57</price></item></category></menu><employees><employee><name>RjkYyyEb</name><position>Manager</position><hourlyWage>14.68</hourlyWage></employee><employee><name>m3rZOOBN</name><position>Cashier</position><hourlyWage>10.93</hourlyWage></employee><employee><name>yW0kRpFy</name><position>Cook</position><hourlyWage>19.44</hourlyWage></employee><employee><name>NWP5adPS</name><position>Waiter</position><hourlyWage>11.85</hourlyWage></employee><employee><name>JsoQz0OC</name><position>Manager</position><hourlyWage>19.75</hourlyWage></employee><employee><name>98Vp3pDd</name><position>Cook</position><hourlyWage>16.4</hourlyWage></employee><employee><name>q45JMY1M</name><position>Waiter</position><hourlyWage>15.68</hourlyWage></employee><employee><name>7jGUlSsk</name><position>Cook</position><hourlyWage>11.61</hourlyWage></employee><employee><name>ogcf6m9I</name><position>Cashier</position><hourlyWage>14.06</hourlyWage></employee></employees><operatingHours><day><name>Monday</name><openingTime>09:00</openingTime><closingTime>22:00</closingTime></day><day><name>Tuesday</name><openingTime>09:00</openingTime><closingTime>22:00</closingTime></day><day><name>Wednesday</name><openingTime>09:00</openingTime><closingTime>22:00</closingTime></day><day><name>Thursday</name><openingTime>09:00</openingTime><closingTime>22:00</closingTime></day><day><name>Friday</name><openingTime>09:00</openingTime><closingTime>22:00</closingTime></day><day><name>Saturday</name><openingTime>09:00</openingTime><closingTime>22:00</closingTime></day><day><name>Sunday</name><openingTime>09:00</openingTime><closingTime>22:00</closingTime></day></operatingHours><onlineOrdering>true</onlineOrdering><loyaltyProgramEnabled>true</loyaltyProgramEnabled><driveThruAvailable>false</driveThruAvailable><language>Spanish</language><taxReference>3GOK7xqh</taxReference><operations /></restaurantConfig>