<restaurantConfig><name>pwim1PZQoF</name><location><city>Albuquerque</city><zipcode>85215</zipcode></location><currency>USD</currency><timezone>EST</timezone><menu><category><name>Burgers</name><item><name>Quarter Pounder with Cheese</name><price>3.83</price></item><item><name>Filet-O-Fish</name><price>5.23</price></item><item><name>McDouble</name><price>5.72</price></item><item><name>McChicken</name><price>1.06</price></item><item><name>Big Mac</name><price>5.38</price></item></category><category><name>Chicken &amp; Sandwiches</name><item><name>Artisan Grilled Chicken Sandwich</name><price>3.64</price></item></category><category><name>Salads</name><item><name>Bacon Ranch Salad</name><price>4.17</price></item><item><name>Southwest Grilled Chicken Salad</name><price>4.74</price></item><item><name>Side Salad</name><price>1.11</price></item></category></menu><employees><employee><name>aOjHn23p</name><position>Manager</position><hourlyWage>14.33</hourlyWage></employee><employee><name>rJLuREaw</name><position>Waiter</position><hourlyWage>15.17</hourlyWage></employee><employee><name>fUsRN7ak</name><position>Cashier</position><hourlyWage>11.03</hourlyWage></employee><employee><name>yn43o1Fe</name><position>Cashier</position><hourlyWage>10.85</hourlyWage></employee><employee><name>PoySKHk3</name><position>Waiter</position><hourlyWage>11.35</hourlyWage></employee><employee><name>N87KGK8m</name><position>Manager</position><hourlyWage>8.12</hourlyWage></employee><employee><name>3FljYW5I</name><position>Cashier</position><hourlyWage>16.69</hourlyWage></employee><employee><name>iv49EbBs</name><position>Cashier</position><hourlyWage>12.78</hourlyWage></employee><employee><name>8da1kQAA</name><position>Manager</position><hourlyWage>16.78</hourlyWage></employee></employees><operatingHours><day><name>Monday</name><openingTime>09:00</openingTime><closingTime>22:00</closingTime></day><day><name>Tuesday</name><openingTime>09:00</openingTime><closingTime>22:00</closingTime></day><day><name>Wednesday</name><openingTime>09:00</openingTime><closingTime>22:00</closingTime></day><day><name>Thursday</name><openingTime>09:00</openingTime><closingTime>22:00</closingTime></day><day><name>Friday</name><openingTime>09:00</openingTime><closingTime>22:00</closingTime></day><day><name>Saturday</name><openingTime>09:00</openingTime><closingTime>22:00</closingTime></day><day><name>Sunday</name><openingTime>09:00</openingTime><closingTime>22:00</closingTime></day></operatingHours><onlineOrdering>true</onlineOrdering><loyaltyProgramEnabled>false</loyaltyProgramEnabled><driveThruAvailable>false</driveThruAvailable><language>German</language><taxReference>00gp4J5K</taxReference><operations /></restaurantConfig>