<restaurantConfig><name>UWtDFOcQK6</name><location><city>Mesa</city><zipcode>93349</zipcode></location><currency>USD</currency><timezone>EST</timezone><menu><category><name>Burgers</name><item><name>Big Mac</name><price>6.0</price></item></category><category><name>Chicken &amp; Sandwiches</name><item><name>Artisan Grilled Chicken Sandwich</name><price>4.91</price></item><item><name>McChicken Deluxe</name><price>4.22</price></item><item><name>Spicy McChicken</name><price>5.34</price></item></category><category><name>Breakfast</name><item><name>Egg McMuffin</name><price>8.45</price></item></category><category><name>Snacks &amp; Sides</name><item><name>French Fries</name><price>9.41</price></item></category></menu><employees><employee><name>Z9AXrRRX</name><position>Cook</position><hourlyWage>19.64</hourlyWage></employee><employee><name>9lRI2sfV</name><position>Manager</position><hourlyWage>10.11</hourlyWage></employee><employee><name>hCW3trCD</name><position>Manager</position><hourlyWage>11.44</hourlyWage></employee><employee><name>49V6g8X0</name><position>Manager</position><hourlyWage>9.01</hourlyWage></employee><employee><name>LeyCVd9A</name><position>Cashier</position><hourlyWage>13.55</hourlyWage></employee></employees><operatingHours><day><name>Monday</name><openingTime>09:00</openingTime><closingTime>22:00</closingTime></day><day><name>Tuesday</name><openingTime>09:00</openingTime><closingTime>22:00</closingTime></day><day><name>Wednesday</name><openingTime>09:00</openingTime><closingTime>22:00</closingTime></day><day><name>Thursday</name><openingTime>09:00</openingTime><closingTime>22:00</closingTime></day><day><name>Friday</name><openingTime>09:00</openingTime><closingTime>22:00</closingTime></day><day><name>Saturday</name><openingTime>09:00</openingTime><closingTime>22:00</closingTime></day><day><name>Sunday</name><openingTime>09:00</openingTime><closingTime>22:00</closingTime></day></operatingHours><onlineOrdering>true</onlineOrdering><loyaltyProgramEnabled>false</loyaltyProgramEnabled><driveThruAvailable>false</driveThruAvailable><language>English</language><taxReference>wbqeYXbN</taxReference><operations /></restaurantConfig>