<restaurantConfig><name>6qx15OhJA7</name><location><city>Minneapolis</city><zipcode>79307</zipcode></location><currency>USD</currency><timezone>EST</timezone><menu><category><name>Chicken &amp; Sandwiches</name><item><name>Spicy McChicken</name><price>2.93</price></item><item><name>Buttermilk Crispy Chicken Sandwich</name><price>9.21</price></item><item><name>Artisan Grilled Chicken Sandwich</name><price>8.13</price></item><item><name>McChicken Deluxe</name><price>5.37</price></item></category><category><name>Salads</name><item><name>Side Salad</name><price>3.06</price></item></category><category><name>Snacks &amp; Sides</name><item><name>French Fries</name><price>4.86</price></item></category></menu><employees><employee><name>pn0eHHsX</name><position>Cook</position><hourlyWage>16.81</hourlyWage></employee><employee><name>JJmDQU7v</name><position>Manager</position><hourlyWage>18.77</hourlyWage></employee><employee><name>h1RpfzhT</name><position>Cook</position><hourlyWage>9.65</hourlyWage></employee><employee><name>eCyRXk1r</name><position>Cook</position><hourlyWage>13.32</hourlyWage></employee><employee><name>YeASzr04</name><position>Manager</position><hourlyWage>14.81</hourlyWage></employee><employee><name>bHnHLiKt</name><position>Manager</position><hourlyWage>17.5</hourlyWage></employee><employee><name>7ywInyyY</name><position>Cashier</position><hourlyWage>8.49</hourlyWage></employee><employee><name>uW2hRXsU</name><position>Cook</position><hourlyWage>19.1</hourlyWage></employee><employee><name>4HmLA94c</name><position>Waiter</position><hourlyWage>17.95</hourlyWage></employee></employees><operatingHours><day><name>Monday</name><openingTime>09:00</openingTime><closingTime>22:00</closingTime></day><day><name>Tuesday</name><openingTime>09:00</openingTime><closingTime>22:00</closingTime></day><day><name>Wednesday</name><openingTime>09:00</openingTime><closingTime>22:00</closingTime></day><day><name>Thursday</name><openingTime>09:00</openingTime><closingTime>22:00</closingTime></day><day><name>Friday</name><openingTime>09:00</openingTime><closingTime>22:00</closingTime></day><day><name>Saturday</name><openingTime>09:00</openingTime><closingTime>22:00</closingTime></day><day><name>Sunday</name><openingTime>09:00</openingTime><closingTime>22:00</closingTime></day></operatingHours><onlineOrdering>false</onlineOrdering><loyaltyProgramEnabled>false</loyaltyProgramEnabled><driveThruAvailable>false</driveThruAvailable><language>French</language><taxReference>j0u6pvc8</taxReference><operations /></restaurantConfig>