<restaurantConfig><name>NNRILfApkW</name><location><city>Fresno</city><zipcode>26994</zipcode></location><currency>USD</currency><timezone>EST</timezone><menu><category><name>Burgers</name><item><name>Big Mac</name><price>8.81</price></item><item><name>McDouble</name><price>9.53</price></item><item><name>Filet-O-Fish</name><price>7.78</price></item><item><name>Quarter Pounder with Cheese</name><price>4.64</price></item><item><name>McChicken</name><price>7.54</price></item></category><category><name>Salads</name><item><name>Southwest Grilled Chicken Salad</name><price>4.29</price></item><item><name>Bacon Ranch Salad</name><price>7.99</price></item><item><name>Side Salad</name><price>5.6</price></item></category><category><name>Snacks &amp; Sides</name><item><name>Apple Slices</name><price>3.99</price></item></category></menu><employees><employee><name>43sOjOcP</name><position>Cook</position><hourlyWage>18.44</hourlyWage></employee><employee><name>ksukzAM2</name><position>Waiter</position><hourlyWage>11.23</hourlyWage></employee><employee><name>ECf9idVD</name><position>Cook</position><hourlyWage>10.53</hourlyWage></employee><employee><name>rjPJmx3M</name><position>Manager</position><hourlyWage>16.51</hourlyWage></employee><employee><name>PPt8t9Nh</name><position>Manager</position><hourlyWage>12.89</hourlyWage></employee><employee><name>pxvBkQzu</name><position>Manager</position><hourlyWage>17.65</hourlyWage></employee><employee><name>g6texo0H</name><position>Cashier</position><hourlyWage>12.04</hourlyWage></employee></employees><operatingHours><day><name>Monday</name><openingTime>09:00</openingTime><closingTime>22:00</closingTime></day><day><name>Tuesday</name><openingTime>09:00</openingTime><closingTime>22:00</closingTime></day><day><name>Wednesday</name><openingTime>09:00</openingTime><closingTime>22:00</closingTime></day><day><name>Thursday</name><openingTime>09:00</openingTime><closingTime>22:00</closingTime></day><day><name>Friday</name><openingTime>09:00</openingTime><closingTime>22:00</closingTime></day><day><name>Saturday</name><openingTime>09:00</openingTime><closingTime>22:00</closingTime></day><day><name>Sunday</name><openingTime>09:00</openingTime><closingTime>22:00</closingTime></day></operatingHours><onlineOrdering>true</onlineOrdering><loyaltyProgramEnabled>true</loyaltyProgramEnabled><driveThruAvailable>false</driveThruAvailable><language>French</language><taxReference>fjoMZYH1</taxReference><operations /></restaurantConfig>