<restaurantConfig><name>Yfb4iNXrX8</name><location><city>Philadelphia</city><zipcode>35044</zipcode></location><currency>USD</currency><timezone>EST</timezone><menu><category><name>Salads</name><item><name>Southwest Grilled Chicken Salad</name><price>3.45</price></item></category></menu><employees><employee><name>KFX7DbcO</name><position>Cashier</position><hourlyWage>19.68</hourlyWage></employee><employee><name>svA4jkJT</name><position>Cook</position><hourlyWage>12.09</hourlyWage></employee><employee><name>VJjlrp5t</name><position>Cook</position><hourlyWage>13.19</hourlyWage></employee></employees><operatingHours><day><name>Monday</name><openingTime>09:00</openingTime><closingTime>22:00</closingTime></day><day><name>Tuesday</name><openingTime>09:00</openingTime><closingTime>22:00</closingTime></day><day><name>Wednesday</name><openingTime>09:00</openingTime><closingTime>22:00</closingTime></day><day><name>Thursday</name><openingTime>09:00</openingTime><closingTime>22:00</closingTime></day><day><name>Friday</name><openingTime>09:00</openingTime><closingTime>22:00</closingTime></day><day><name>Saturday</name><openingTime>09:00</openingTime><closingTime>22:00</closingTime></day><day><name>Sunday</name><openingTime>09:00</openingTime><closingTime>22:00</closingTime></day></operatingHours><onlineOrdering>false</onlineOrdering><loyaltyProgramEnabled>true</loyaltyProgramEnabled><driveThruAvailable>false</driveThruAvailable><language>English</language><taxReference>0DKLe1WV</taxReference><operations /></restaurantConfig>