<restaurantConfig><name>9M9BWxDZPU</name><location><city>Louisville</city><zipcode>58527</zipcode></location><currency>USD</currency><timezone>EST</timezone><menu><category><name>Burgers</name><item><name>Filet-O-Fish</name><price>7.6</price></item><item><name>Quarter Pounder with Cheese</name><price>2.56</price></item><item><name>McChicken</name><price>6.33</price></item><item><name>Big Mac</name><price>5.22</price></item><item><name>McDouble</name><price>3.09</price></item></category><category><name>Salads</name><item><name>Side Salad</name><price>8.58</price></item><item><name>Bacon Ranch Salad</name><price>1.23</price></item><item><name>Southwest Grilled Chicken Salad</name><price>8.71</price></item></category><category><name>Breakfast</name><item><name>Big Breakfast</name><price>9.2</price></item><item><name>Sausage McMuffin</name><price>3.69</price></item></category><category><name>Snacks &amp; Sides</name><item><name>McNuggets</name><price>3.74</price></item></category></menu><employees><employee><name>nTCda3mz</name><position>Cook</position><hourlyWage>17.5</hourlyWage></employee><employee><name>tTMznFh2</name><position>Cook</position><hourlyWage>11.76</hourlyWage></employee><employee><name>R8fFb8OJ</name><position>Cook</position><hourlyWage>12.93</hourlyWage></employee></employees><operatingHours><day><name>Monday</name><openingTime>09:00</openingTime><closingTime>22:00</closingTime></day><day><name>Tuesday</name><openingTime>09:00</openingTime><closingTime>22:00</closingTime></day><day><name>Wednesday</name><openingTime>09:00</openingTime><closingTime>22:00</closingTime></day><day><name>Thursday</name><openingTime>09:00</openingTime><closingTime>22:00</closingTime></day><day><name>Friday</name><openingTime>09:00</openingTime><closingTime>22:00</closingTime></day><day><name>Saturday</name><openingTime>09:00</openingTime><closingTime>22:00</closingTime></day><day><name>Sunday</name><openingTime>09:00</openingTime><closingTime>22:00</closingTime></day></operatingHours><onlineOrdering>true</onlineOrdering><loyaltyProgramEnabled>false</loyaltyProgramEnabled><driveThruAvailable>false</driveThruAvailable><language>English</language><taxReference>GBqJt2n9</taxReference><operations /></restaurantConfig>