<restaurantConfig><name>36JDe1gv0S</name><location><city>New York</city><zipcode>20131</zipcode></location><currency>USD</currency><timezone>EST</timezone><menu><category><name>Burgers</name><item><name>Quarter Pounder with Cheese</name><price>5.4</price></item><item><name>Filet-O-Fish</name><price>6.14</price></item></category><category><name>Chicken &amp; Sandwiches</name><item><name>McChicken Deluxe</name><price>3.73</price></item><item><name>Artisan Grilled Chicken Sandwich</name><price>2.7</price></item></category></menu><employees><employee><name>NlYo4VCe</name><position>Waiter</position><hourlyWage>10.4</hourlyWage></employee><employee><name>TipqRlzV</name><position>Cook</position><hourlyWage>18.46</hourlyWage></employee><employee><name>UNQTccbp</name><position>Cook</position><hourlyWage>14.93</hourlyWage></employee></employees><operatingHours><day><name>Monday</name><openingTime>09:00</openingTime><closingTime>22:00</closingTime></day><day><name>Tuesday</name><openingTime>09:00</openingTime><closingTime>22:00</closingTime></day><day><name>Wednesday</name><openingTime>09:00</openingTime><closingTime>22:00</closingTime></day><day><name>Thursday</name><openingTime>09:00</openingTime><closingTime>22:00</closingTime></day><day><name>Friday</name><openingTime>09:00</openingTime><closingTime>22:00</closingTime></day><day><name>Saturday</name><openingTime>09:00</openingTime><closingTime>22:00</closingTime></day><day><name>Sunday</name><openingTime>09:00</openingTime><closingTime>22:00</closingTime></day></operatingHours><onlineOrdering>true</onlineOrdering><loyaltyProgramEnabled>false</loyaltyProgramEnabled><driveThruAvailable>false</driveThruAvailable><language>Spanish</language><taxReference>LdGXpB10</taxReference><operations /></restaurantConfig>