<restaurantConfig><name>bv6BBn1pUa</name><location><city>Jacksonville</city><zipcode>80592</zipcode></location><currency>USD</currency><timezone>EST</timezone><menu><category><name>Chicken &amp; Sandwiches</name><item><name>Spicy McChicken</name><price>8.85</price></item></category><category><name>Snacks &amp; Sides</name><item><name>McNuggets</name><price>8.36</price></item><item><name>French Fries</name><price>2.74</price></item><item><name>Apple Slices</name><price>7.4</price></item></category></menu><employees><employee><name>5rD9gny7</name><position>Cook</position><hourlyWage>19.36</hourlyWage></employee><employee><name>7v1cIpO1</name><position>Waiter</position><hourlyWage>15.74</hourlyWage></employee></employees><operatingHours><day><name>Monday</name><openingTime>09:00</openingTime><closingTime>22:00</closingTime></day><day><name>Tuesday</name><openingTime>09:00</openingTime><closingTime>22:00</closingTime></day><day><name>Wednesday</name><openingTime>09:00</openingTime><closingTime>22:00</closingTime></day><day><name>Thursday</name><openingTime>09:00</openingTime><closingTime>22:00</closingTime></day><day><name>Friday</name><openingTime>09:00</openingTime><closingTime>22:00</closingTime></day><day><name>Saturday</name><openingTime>09:00</openingTime><closingTime>22:00</closingTime></day><day><name>Sunday</name><openingTime>09:00</openingTime><closingTime>22:00</closingTime></day></operatingHours><onlineOrdering>true</onlineOrdering><loyaltyProgramEnabled>true</loyaltyProgramEnabled><driveThruAvailable>true</driveThruAvailable><language>German</language><taxReference>kCi3aKwv</taxReference><operations /></restaurantConfig>