<restaurantConfig><name>c8LeLsjv4U</name><location><city>Chicago</city><zipcode>87567</zipcode></location><currency>USD</currency><timezone>EST</timezone><menu /><employees><employee><name>lF3VVkAC</name><position>Manager</position><hourlyWage>13.21</hourlyWage></employee><employee><name>DvgYR4bN</name><position>Cook</position><hourlyWage>19.52</hourlyWage></employee><employee><name>bG6srnkt</name><position>Cashier</position><hourlyWage>9.94</hourlyWage></employee><employee><name>OTUAK0BF</name><position>Cook</position><hourlyWage>16.42</hourlyWage></employee></employees><operatingHours><day><name>Monday</name><openingTime>09:00</openingTime><closingTime>22:00</closingTime></day><day><name>Tuesday</name><openingTime>09:00</openingTime><closingTime>22:00</closingTime></day><day><name>Wednesday</name><openingTime>09:00</openingTime><closingTime>22:00</closingTime></day><day><name>Thursday</name><openingTime>09:00</openingTime><closingTime>22:00</closingTime></day><day><name>Friday</name><openingTime>09:00</openingTime><closingTime>22:00</closingTime></day><day><name>Saturday</name><openingTime>09:00</openingTime><closingTime>22:00</closingTime></day><day><name>Sunday</name><openingTime>09:00</openingTime><closingTime>22:00</closingTime></day></operatingHours><onlineOrdering>true</onlineOrdering><loyaltyProgramEnabled>true</loyaltyProgramEnabled><driveThruAvailable>true</driveThruAvailable><language>German</language><taxReference>Bckidphy</taxReference><operations /></restaurantConfig>