<restaurantConfig><name>xFWh1G9Hcg</name><location><city>Nashville</city><zipcode>18027</zipcode></location><currency>USD</currency><timezone>EST</timezone><menu><category><name>Salads</name><item><name>Bacon Ranch Salad</name><price>2.46</price></item><item><name>Southwest Grilled Chicken Salad</name><price>6.93</price></item></category><category><name>Breakfast</name><item><name>Sausage McMuffin</name><price>1.87</price></item><item><name>Hotcakes</name><price>5.83</price></item><item><name>Big Breakfast</name><price>1.3</price></item><item><name>Egg McMuffin</name><price>2.33</price></item></category></menu><employees><employee><name>F1BMiWIF</name><position>Waiter</position><hourlyWage>14.1</hourlyWage></employee><employee><name>MKAbx7Ns</name><position>Manager</position><hourlyWage>18.05</hourlyWage></employee><employee><name>wHoPjvLG</name><position>Cashier</position><hourlyWage>11.91</hourlyWage></employee><employee><name>x5uz1RLl</name><position>Cashier</position><hourlyWage>18.67</hourlyWage></employee><employee><name>3KYUcDW6</name><position>Waiter</position><hourlyWage>17.18</hourlyWage></employee><employee><name>Xo1S5izT</name><position>Cashier</position><hourlyWage>8.78</hourlyWage></employee><employee><name>y9mgm2PE</name><position>Cashier</position><hourlyWage>11.15</hourlyWage></employee></employees><operatingHours><day><name>Monday</name><openingTime>09:00</openingTime><closingTime>22:00</closingTime></day><day><name>Tuesday</name><openingTime>09:00</openingTime><closingTime>22:00</closingTime></day><day><name>Wednesday</name><openingTime>09:00</openingTime><closingTime>22:00</closingTime></day><day><name>Thursday</name><openingTime>09:00</openingTime><closingTime>22:00</closingTime></day><day><name>Friday</name><openingTime>09:00</openingTime><closingTime>22:00</closingTime></day><day><name>Saturday</name><openingTime>09:00</openingTime><closingTime>22:00</closingTime></day><day><name>Sunday</name><openingTime>09:00</openingTime><closingTime>22:00</closingTime></day></operatingHours><onlineOrdering>true</onlineOrdering><loyaltyProgramEnabled>false</loyaltyProgramEnabled><driveThruAvailable>false</driveThruAvailable><language>Spanish</language><taxReference>NOocB1Gg</taxReference><operations /></restaurantConfig>