<restaurantConfig><name>XY1GtYKyDx</name><location><city>Minneapolis</city><zipcode>73140</zipcode></location><currency>USD</currency><timezone>EST</timezone><menu><category><name>Salads</name><item><name>Side Salad</name><price>1.39</price></item><item><name>Southwest Grilled Chicken Salad</name><price>8.65</price></item></category></menu><employees><employee><name>S6Pal0zH</name><position>Waiter</position><hourlyWage>15.25</hourlyWage></employee><employee><name>wUvpg6wn</name><position>Manager</position><hourlyWage>8.39</hourlyWage></employee><employee><name>7dT884tE</name><position>Waiter</position><hourlyWage>10.64</hourlyWage></employee><employee><name>yC1gPbFu</name><position>Cook</position><hourlyWage>12.05</hourlyWage></employee><employee><name>I4AaQQax</name><position>Cashier</position><hourlyWage>18.05</hourlyWage></employee><employee><name>dd3djOCA</name><position>Waiter</position><hourlyWage>11.36</hourlyWage></employee><employee><name>vVf1u2ns</name><position>Waiter</position><hourlyWage>14.36</hourlyWage></employee></employees><operatingHours><day><name>Monday</name><openingTime>09:00</openingTime><closingTime>22:00</closingTime></day><day><name>Tuesday</name><openingTime>09:00</openingTime><closingTime>22:00</closingTime></day><day><name>Wednesday</name><openingTime>09:00</openingTime><closingTime>22:00</closingTime></day><day><name>Thursday</name><openingTime>09:00</openingTime><closingTime>22:00</closingTime></day><day><name>Friday</name><openingTime>09:00</openingTime><closingTime>22:00</closingTime></day><day><name>Saturday</name><openingTime>09:00</openingTime><closingTime>22:00</closingTime></day><day><name>Sunday</name><openingTime>09:00</openingTime><closingTime>22:00</closingTime></day></operatingHours><onlineOrdering>true</onlineOrdering><loyaltyProgramEnabled>false</loyaltyProgramEnabled><driveThruAvailable>false</driveThruAvailable><language>English</language><taxReference>ZnryMQut</taxReference><operations /></restaurantConfig>