<restaurantConfig><name>GJVUjFxJwd</name><location><city>Oklahoma City</city><zipcode>61204</zipcode></location><currency>USD</currency><timezone>EST</timezone><menu><category><name>Burgers</name><item><name>Big Mac</name><price>4.94</price></item><item><name>McChicken</name><price>1.38</price></item><item><name>McDouble</name><price>4.42</price></item></category><category><name>Breakfast</name><item><name>Egg McMuffin</name><price>9.48</price></item><item><name>Big Breakfast</name><price>4.28</price></item></category></menu><employees><employee><name>LJZnHTcl</name><position>Manager</position><hourlyWage>10.35</hourlyWage></employee><employee><name>Zn2PiQwE</name><position>Cashier</position><hourlyWage>16.92</hourlyWage></employee><employee><name>qVbUMrc0</name><position>Cashier</position><hourlyWage>11.9</hourlyWage></employee><employee><name>Q0HaQnDj</name><position>Cashier</position><hourlyWage>9.57</hourlyWage></employee><employee><name>YsTbcuaA</name><position>Manager</position><hourlyWage>19.68</hourlyWage></employee></employees><operatingHours><day><name>Monday</name><openingTime>09:00</openingTime><closingTime>22:00</closingTime></day><day><name>Tuesday</name><openingTime>09:00</openingTime><closingTime>22:00</closingTime></day><day><name>Wednesday</name><openingTime>09:00</openingTime><closingTime>22:00</closingTime></day><day><name>Thursday</name><openingTime>09:00</openingTime><closingTime>22:00</closingTime></day><day><name>Friday</name><openingTime>09:00</openingTime><closingTime>22:00</closingTime></day><day><name>Saturday</name><openingTime>09:00</openingTime><closingTime>22:00</closingTime></day><day><name>Sunday</name><openingTime>09:00</openingTime><closingTime>22:00</closingTime></day></operatingHours><onlineOrdering>true</onlineOrdering><loyaltyProgramEnabled>false</loyaltyProgramEnabled><driveThruAvailable>true</driveThruAvailable><language>English</language><taxReference>U5VgPWVW</taxReference><operations /></restaurantConfig>