<restaurantConfig><name>NfwwE8Ofs1</name><location><city>Raleigh</city><zipcode>23419</zipcode></location><currency>USD</currency><timezone>EST</timezone><menu><category><name>Salads</name><item><name>Bacon Ranch Salad</name><price>1.51</price></item><item><name>Side Salad</name><price>4.86</price></item><item><name>Southwest Grilled Chicken Salad</name><price>9.17</price></item></category><category><name>Breakfast</name><item><name>Hotcakes</name><price>2.12</price></item><item><name>Hash Browns</name><price>9.4</price></item></category><category><name>Snacks &amp; Sides</name><item><name>McNuggets</name><price>3.02</price></item></category></menu><employees><employee><name>LWl8W7O3</name><position>Waiter</position><hourlyWage>8.41</hourlyWage></employee><employee><name>yo4NLHiO</name><position>Manager</position><hourlyWage>9.9</hourlyWage></employee></employees><operatingHours><day><name>Monday</name><openingTime>09:00</openingTime><closingTime>22:00</closingTime></day><day><name>Tuesday</name><openingTime>09:00</openingTime><closingTime>22:00</closingTime></day><day><name>Wednesday</name><openingTime>09:00</openingTime><closingTime>22:00</closingTime></day><day><name>Thursday</name><openingTime>09:00</openingTime><closingTime>22:00</closingTime></day><day><name>Friday</name><openingTime>09:00</openingTime><closingTime>22:00</closingTime></day><day><name>Saturday</name><openingTime>09:00</openingTime><closingTime>22:00</closingTime></day><day><name>Sunday</name><openingTime>09:00</openingTime><closingTime>22:00</closingTime></day></operatingHours><onlineOrdering>false</onlineOrdering><loyaltyProgramEnabled>false</loyaltyProgramEnabled><driveThruAvailable>false</driveThruAvailable><language>Spanish</language><taxReference>fZv6OVji</taxReference><operations /></restaurantConfig>