<restaurantConfig><name>C0FrYxwSUA</name><location><city>Nashville</city><zipcode>83798</zipcode></location><currency>USD</currency><timezone>EST</timezone><menu><category><name>Snacks &amp; Sides</name><item><name>McNuggets</name><price>8.91</price></item><item><name>Apple Slices</name><price>4.3</price></item><item><name>French Fries</name><price>1.22</price></item></category></menu><employees><employee><name>yuFA1zXy</name><position>Cashier</position><hourlyWage>16.75</hourlyWage></employee><employee><name>GyysnLLP</name><position>Manager</position><hourlyWage>14.16</hourlyWage></employee><employee><name>vBbhDhX6</name><position>Cook</position><hourlyWage>10.34</hourlyWage></employee><employee><name>yOp6ASw1</name><position>Cashier</position><hourlyWage>8.18</hourlyWage></employee><employee><name>3fnsWtZN</name><position>Manager</position><hourlyWage>10.35</hourlyWage></employee><employee><name>cCehJjWH</name><position>Manager</position><hourlyWage>9.65</hourlyWage></employee><employee><name>cQrLcj2m</name><position>Manager</position><hourlyWage>9.93</hourlyWage></employee><employee><name>Vw2iMn88</name><position>Waiter</position><hourlyWage>19.04</hourlyWage></employee><employee><name>Eml8JnlW</name><position>Waiter</position><hourlyWage>8.76</hourlyWage></employee></employees><operatingHours><day><name>Monday</name><openingTime>09:00</openingTime><closingTime>22:00</closingTime></day><day><name>Tuesday</name><openingTime>09:00</openingTime><closingTime>22:00</closingTime></day><day><name>Wednesday</name><openingTime>09:00</openingTime><closingTime>22:00</closingTime></day><day><name>Thursday</name><openingTime>09:00</openingTime><closingTime>22:00</closingTime></day><day><name>Friday</name><openingTime>09:00</openingTime><closingTime>22:00</closingTime></day><day><name>Saturday</name><openingTime>09:00</openingTime><closingTime>22:00</closingTime></day><day><name>Sunday</name><openingTime>09:00</openingTime><closingTime>22:00</closingTime></day></operatingHours><onlineOrdering>false</onlineOrdering><loyaltyProgramEnabled>false</loyaltyProgramEnabled><driveThruAvailable>false</driveThruAvailable><language>German</language><taxReference>ksa4u2VT</taxReference><operations /></restaurantConfig>