<restaurantConfig><name>2kFmatigUz</name><location><city>Colorado Springs</city><zipcode>16441</zipcode></location><currency>USD</currency><timezone>EST</timezone><menu><category><name>Chicken &amp; Sandwiches</name><item><name>Spicy McChicken</name><price>4.3</price></item></category><category><name>Salads</name><item><name>Bacon Ranch Salad</name><price>4.74</price></item><item><name>Side Salad</name><price>9.51</price></item><item><name>Southwest Grilled Chicken Salad</name><price>3.66</price></item></category><category><name>Breakfast</name><item><name>Hotcakes</name><price>8.13</price></item><item><name>Big Breakfast</name><price>5.17</price></item></category><category><name>Snacks &amp; Sides</name><item><name>Apple Slices</name><price>2.93</price></item><item><name>McNuggets</name><price>2.48</price></item></category></menu><employees><employee><name>OH8rovSb</name><position>Cashier</position><hourlyWage>14.13</hourlyWage></employee><employee><name>gU2ClZCk</name><position>Manager</position><hourlyWage>8.95</hourlyWage></employee><employee><name>eRmiEYRe</name><position>Manager</position><hourlyWage>12.14</hourlyWage></employee><employee><name>dnfRXoWx</name><position>Cook</position><hourlyWage>14.69</hourlyWage></employee><employee><name>ITytTwGd</name><position>Waiter</position><hourlyWage>12.48</hourlyWage></employee><employee><name>l3Ibhaay</name><position>Cook</position><hourlyWage>10.56</hourlyWage></employee><employee><name>Jn0zNkzg</name><position>Cook</position><hourlyWage>13.97</hourlyWage></employee><employee><name>EXiWep2V</name><position>Waiter</position><hourlyWage>19.59</hourlyWage></employee><employee><name>S0NwQ2rN</name><position>Waiter</position><hourlyWage>19.71</hourlyWage></employee><employee><name>KEhoIGNH</name><position>Cashier</position><hourlyWage>15.8</hourlyWage></employee></employees><operatingHours><day><name>Monday</name><openingTime>09:00</openingTime><closingTime>22:00</closingTime></day><day><name>Tuesday</name><openingTime>09:00</openingTime><closingTime>22:00</closingTime></day><day><name>Wednesday</name><openingTime>09:00</openingTime><closingTime>22:00</closingTime></day><day><name>Thursday</name><openingTime>09:00</openingTime><closingTime>22:00</closingTime></day><day><name>Friday</name><openingTime>09:00</openingTime><closingTime>22:00</closingTime></day><day><name>Saturday</name><openingTime>09:00</openingTime><closingTime>22:00</closingTime></day><day><name>Sunday</name><openingTime>09:00</openingTime><closingTime>22:00</closingTime></day></operatingHours><onlineOrdering>false</onlineOrdering><loyaltyProgramEnabled>false</loyaltyProgramEnabled><driveThruAvailable>true</driveThruAvailable><language>German</language><taxReference>IHEt1F8z</taxReference><operations /></restaurantConfig>