<restaurantConfig><name>ZId4ftWjfU</name><location><city>Kansas City</city><zipcode>97698</zipcode></location><currency>USD</currency><timezone>EST</timezone><menu><category><name>Salads</name><item><name>Bacon Ranch Salad</name><price>8.26</price></item><item><name>Side Salad</name><price>6.13</price></item><item><name>Southwest Grilled Chicken Salad</name><price>2.45</price></item></category><category><name>Breakfast</name><item><name>Hotcakes</name><price>9.27</price></item></category></menu><employees><employee><name>VqHgHUHK</name><position>Cook</position><hourlyWage>18.89</hourlyWage></employee><employee><name>Qn83VNbg</name><position>Cashier</position><hourlyWage>19.73</hourlyWage></employee><employee><name>CUfW2zat</name><position>Waiter</position><hourlyWage>8.77</hourlyWage></employee><employee><name>X6XI2tcv</name><position>Cashier</position><hourlyWage>9.92</hourlyWage></employee><employee><name>HaEwdlY6</name><position>Manager</position><hourlyWage>10.91</hourlyWage></employee><employee><name>2dvRF1zd</name><position>Cook</position><hourlyWage>19.51</hourlyWage></employee></employees><operatingHours><day><name>Monday</name><openingTime>09:00</openingTime><closingTime>22:00</closingTime></day><day><name>Tuesday</name><openingTime>09:00</openingTime><closingTime>22:00</closingTime></day><day><name>Wednesday</name><openingTime>09:00</openingTime><closingTime>22:00</closingTime></day><day><name>Thursday</name><openingTime>09:00</openingTime><closingTime>22:00</closingTime></day><day><name>Friday</name><openingTime>09:00</openingTime><closingTime>22:00</closingTime></day><day><name>Saturday</name><openingTime>09:00</openingTime><closingTime>22:00</closingTime></day><day><name>Sunday</name><openingTime>09:00</openingTime><closingTime>22:00</closingTime></day></operatingHours><onlineOrdering>true</onlineOrdering><loyaltyProgramEnabled>false</loyaltyProgramEnabled><driveThruAvailable>true</driveThruAvailable><language>English</language><taxReference>qhK4EV1b</taxReference><operations /></restaurantConfig>