<restaurantConfig><name>rx8Y6QJloF</name><location><city>El Paso</city><zipcode>47737</zipcode></location><currency>USD</currency><timezone>EST</timezone><menu><category><name>Chicken &amp; Sandwiches</name><item><name>McChicken Deluxe</name><price>5.27</price></item></category><category><name>Salads</name><item><name>Side Salad</name><price>3.86</price></item><item><name>Southwest Grilled Chicken Salad</name><price>2.37</price></item></category><category><name>Breakfast</name><item><name>Sausage McMuffin</name><price>4.46</price></item><item><name>Egg McMuffin</name><price>5.85</price></item><item><name>Big Breakfast</name><price>8.37</price></item><item><name>Hotcakes</name><price>5.22</price></item><item><name>Hash Browns</name><price>7.14</price></item></category><category><name>Snacks &amp; Sides</name><item><name>McNuggets</name><price>9.82</price></item></category></menu><employees><employee><name>hyUFd9Bh</name><position>Waiter</position><hourlyWage>9.67</hourlyWage></employee><employee><name>FOA6ICiN</name><position>Manager</position><hourlyWage>14.28</hourlyWage></employee></employees><operatingHours><day><name>Monday</name><openingTime>09:00</openingTime><closingTime>22:00</closingTime></day><day><name>Tuesday</name><openingTime>09:00</openingTime><closingTime>22:00</closingTime></day><day><name>Wednesday</name><openingTime>09:00</openingTime><closingTime>22:00</closingTime></day><day><name>Thursday</name><openingTime>09:00</openingTime><closingTime>22:00</closingTime></day><day><name>Friday</name><openingTime>09:00</openingTime><closingTime>22:00</closingTime></day><day><name>Saturday</name><openingTime>09:00</openingTime><closingTime>22:00</closingTime></day><day><name>Sunday</name><openingTime>09:00</openingTime><closingTime>22:00</closingTime></day></operatingHours><onlineOrdering>false</onlineOrdering><loyaltyProgramEnabled>false</loyaltyProgramEnabled><driveThruAvailable>true</driveThruAvailable><language>English</language><taxReference>BD9EyZKd</taxReference><operations /></restaurantConfig>