<restaurantConfig><name>8tP2OEbk6Y</name><location><city>Nashville</city><zipcode>23053</zipcode></location><currency>USD</currency><timezone>EST</timezone><menu><category><name>Burgers</name><item><name>Filet-O-Fish</name><price>1.0</price></item><item><name>Big Mac</name><price>2.37</price></item><item><name>McChicken</name><price>5.34</price></item><item><name>McDouble</name><price>1.09</price></item><item><name>Quarter Pounder with Cheese</name><price>1.9</price></item></category><category><name>Salads</name><item><name>Side Salad</name><price>2.88</price></item><item><name>Southwest Grilled Chicken Salad</name><price>6.3</price></item><item><name>Bacon Ranch Salad</name><price>2.5</price></item></category><category><name>Breakfast</name><item><name>Big Breakfast</name><price>6.8</price></item><item><name>Hotcakes</name><price>9.43</price></item></category><category><name>Snacks &amp; Sides</name><item><name>French Fries</name><price>2.23</price></item><item><name>McNuggets</name><price>6.39</price></item></category></menu><employees><employee><name>hNhGI6zo</name><position>Manager</position><hourlyWage>16.95</hourlyWage></employee><employee><name>qDQb1Pna</name><position>Cashier</position><hourlyWage>16.17</hourlyWage></employee><employee><name>bFqenk0v</name><position>Waiter</position><hourlyWage>11.86</hourlyWage></employee><employee><name>4YGVDsSI</name><position>Cashier</position><hourlyWage>14.78</hourlyWage></employee></employees><operatingHours><day><name>Monday</name><openingTime>09:00</openingTime><closingTime>22:00</closingTime></day><day><name>Tuesday</name><openingTime>09:00</openingTime><closingTime>22:00</closingTime></day><day><name>Wednesday</name><openingTime>09:00</openingTime><closingTime>22:00</closingTime></day><day><name>Thursday</name><openingTime>09:00</openingTime><closingTime>22:00</closingTime></day><day><name>Friday</name><openingTime>09:00</openingTime><closingTime>22:00</closingTime></day><day><name>Saturday</name><openingTime>09:00</openingTime><closingTime>22:00</closingTime></day><day><name>Sunday</name><openingTime>09:00</openingTime><closingTime>22:00</closingTime></day></operatingHours><onlineOrdering>false</onlineOrdering><loyaltyProgramEnabled>true</loyaltyProgramEnabled><driveThruAvailable>true</driveThruAvailable><language>German</language><taxReference>s8qdn9Qa</taxReference><operations /></restaurantConfig>