<restaurantConfig><name>9FElWTc4m0</name><location><city>El Paso</city><zipcode>51221</zipcode></location><currency>USD</currency><timezone>EST</timezone><menu><category><name>Breakfast</name><item><name>Sausage McMuffin</name><price>7.13</price></item></category></menu><employees><employee><name>LEQh5huo</name><position>Manager</position><hourlyWage>19.78</hourlyWage></employee><employee><name>5UAqJgng</name><position>Cook</position><hourlyWage>9.46</hourlyWage></employee><employee><name>f5kGha3p</name><position>Cashier</position><hourlyWage>12.74</hourlyWage></employee><employee><name>IJX3LUya</name><position>Waiter</position><hourlyWage>14.36</hourlyWage></employee><employee><name>7jdJcfpv</name><position>Cook</position><hourlyWage>18.76</hourlyWage></employee><employee><name>ikiZvZNA</name><position>Cashier</position><hourlyWage>15.63</hourlyWage></employee><employee><name>v0dxTn08</name><position>Manager</position><hourlyWage>19.29</hourlyWage></employee><employee><name>xzd856lq</name><position>Cashier</position><hourlyWage>9.94</hourlyWage></employee><employee><name>IH2G1qeQ</name><position>Manager</position><hourlyWage>11.31</hourlyWage></employee><employee><name>x5SYv5R5</name><position>Cashier</position><hourlyWage>8.01</hourlyWage></employee></employees><operatingHours><day><name>Monday</name><openingTime>09:00</openingTime><closingTime>22:00</closingTime></day><day><name>Tuesday</name><openingTime>09:00</openingTime><closingTime>22:00</closingTime></day><day><name>Wednesday</name><openingTime>09:00</openingTime><closingTime>22:00</closingTime></day><day><name>Thursday</name><openingTime>09:00</openingTime><closingTime>22:00</closingTime></day><day><name>Friday</name><openingTime>09:00</openingTime><closingTime>22:00</closingTime></day><day><name>Saturday</name><openingTime>09:00</openingTime><closingTime>22:00</closingTime></day><day><name>Sunday</name><openingTime>09:00</openingTime><closingTime>22:00</closingTime></day></operatingHours><onlineOrdering>false</onlineOrdering><loyaltyProgramEnabled>false</loyaltyProgramEnabled><driveThruAvailable>false</driveThruAvailable><language>English</language><taxReference>3ySyrezr</taxReference><operations /></restaurantConfig>