<restaurantConfig><name>p7DaEeP2Sq</name><location><city>Virginia Beach</city><zipcode>89415</zipcode></location><currency>USD</currency><timezone>EST</timezone><menu><category><name>Breakfast</name><item><name>Hotcakes</name><price>4.0</price></item><item><name>Sausage McMuffin</name><price>8.56</price></item><item><name>Hash Browns</name><price>4.76</price></item><item><name>Big Breakfast</name><price>9.66</price></item></category><category><name>Snacks &amp; Sides</name><item><name>McNuggets</name><price>2.91</price></item><item><name>French Fries</name><price>6.7</price></item></category></menu><employees><employee><name>Fq1L78Xt</name><position>Cashier</position><hourlyWage>19.03</hourlyWage></employee><employee><name>WxqMLJfq</name><position>Cook</position><hourlyWage>9.83</hourlyWage></employee><employee><name>im4Arc4w</name><position>Cook</position><hourlyWage>11.87</hourlyWage></employee><employee><name>VAzQqIXv</name><position>Cook</position><hourlyWage>17.88</hourlyWage></employee><employee><name>bWrlYkPO</name><position>Waiter</position><hourlyWage>19.96</hourlyWage></employee><employee><name>6KPWnTal</name><position>Cashier</position><hourlyWage>17.43</hourlyWage></employee><employee><name>O7JtQRN1</name><position>Cashier</position><hourlyWage>13.85</hourlyWage></employee><employee><name>B7pEjtrN</name><position>Waiter</position><hourlyWage>11.69</hourlyWage></employee><employee><name>uZEO1Euh</name><position>Cook</position><hourlyWage>16.21</hourlyWage></employee><employee><name>VFqf7JJu</name><position>Cook</position><hourlyWage>14.22</hourlyWage></employee></employees><operatingHours><day><name>Monday</name><openingTime>09:00</openingTime><closingTime>22:00</closingTime></day><day><name>Tuesday</name><openingTime>09:00</openingTime><closingTime>22:00</closingTime></day><day><name>Wednesday</name><openingTime>09:00</openingTime><closingTime>22:00</closingTime></day><day><name>Thursday</name><openingTime>09:00</openingTime><closingTime>22:00</closingTime></day><day><name>Friday</name><openingTime>09:00</openingTime><closingTime>22:00</closingTime></day><day><name>Saturday</name><openingTime>09:00</openingTime><closingTime>22:00</closingTime></day><day><name>Sunday</name><openingTime>09:00</openingTime><closingTime>22:00</closingTime></day></operatingHours><onlineOrdering>false</onlineOrdering><loyaltyProgramEnabled>false</loyaltyProgramEnabled><driveThruAvailable>true</driveThruAvailable><language>Spanish</language><taxReference>lqPtFUbK</taxReference><operations /></restaurantConfig>