<restaurantConfig><name>hwZBZW13Cj</name><location><city>El Paso</city><zipcode>71862</zipcode></location><currency>USD</currency><timezone>EST</timezone><menu><category><name>Burgers</name><item><name>McChicken</name><price>4.06</price></item><item><name>Big Mac</name><price>6.8</price></item></category><category><name>Chicken &amp; Sandwiches</name><item><name>Buttermilk Crispy Chicken Sandwich</name><price>8.71</price></item><item><name>Spicy McChicken</name><price>5.6</price></item><item><name>Artisan Grilled Chicken Sandwich</name><price>1.43</price></item><item><name>McChicken Deluxe</name><price>7.85</price></item></category><category><name>Breakfast</name><item><name>Egg McMuffin</name><price>2.71</price></item><item><name>Sausage McMuffin</name><price>4.75</price></item><item><name>Big Breakfast</name><price>8.76</price></item><item><name>Hash Browns</name><price>7.31</price></item><item><name>Hotcakes</name><price>3.77</price></item></category><category><name>Snacks &amp; Sides</name><item><name>French Fries</name><price>9.04</price></item><item><name>McNuggets</name><price>7.39</price></item></category></menu><employees><employee><name>zpjIin0X</name><position>Cook</position><hourlyWage>13.21</hourlyWage></employee><employee><name>vGNRpc4q</name><position>Cashier</position><hourlyWage>8.92</hourlyWage></employee><employee><name>dGgsmLuN</name><position>Cashier</position><hourlyWage>19.1</hourlyWage></employee><employee><name>Nh6LFBQa</name><position>Cook</position><hourlyWage>10.92</hourlyWage></employee><employee><name>J4297RrZ</name><position>Manager</position><hourlyWage>14.21</hourlyWage></employee><employee><name>LBWWYUlC</name><position>Manager</position><hourlyWage>12.97</hourlyWage></employee><employee><name>CvrOo7Sq</name><position>Cashier</position><hourlyWage>19.68</hourlyWage></employee><employee><name>6TD13dmF</name><position>Manager</position><hourlyWage>9.6</hourlyWage></employee></employees><operatingHours><day><name>Monday</name><openingTime>09:00</openingTime><closingTime>22:00</closingTime></day><day><name>Tuesday</name><openingTime>09:00</openingTime><closingTime>22:00</closingTime></day><day><name>Wednesday</name><openingTime>09:00</openingTime><closingTime>22:00</closingTime></day><day><name>Thursday</name><openingTime>09:00</openingTime><closingTime>22:00</closingTime></day><day><name>Friday</name><openingTime>09:00</openingTime><closingTime>22:00</closingTime></day><day><name>Saturday</name><openingTime>09:00</openingTime><closingTime>22:00</closingTime></day><day><name>Sunday</name><openingTime>09:00</openingTime><closingTime>22:00</closingTime></day></operatingHours><onlineOrdering>false</onlineOrdering><loyaltyProgramEnabled>true</loyaltyProgramEnabled><driveThruAvailable>true</driveThruAvailable><language>English</language><taxReference>VloE5Q7X</taxReference><operations /></restaurantConfig>