<restaurantConfig><name>BBFE8ychTk</name><location><city>Fresno</city><zipcode>13264</zipcode></location><currency>USD</currency><timezone>EST</timezone><menu><category><name>Burgers</name><item><name>Quarter Pounder with Cheese</name><price>2.98</price></item><item><name>Filet-O-Fish</name><price>6.19</price></item><item><name>McChicken</name><price>2.81</price></item><item><name>McDouble</name><price>8.87</price></item><item><name>Big Mac</name><price>5.04</price></item></category><category><name>Chicken &amp; Sandwiches</name><item><name>Buttermilk Crispy Chicken Sandwich</name><price>8.88</price></item><item><name>Spicy McChicken</name><price>7.7</price></item></category><category><name>Salads</name><item><name>Southwest Grilled Chicken Salad</name><price>3.88</price></item><item><name>Side Salad</name><price>3.23</price></item><item><name>Bacon Ranch Salad</name><price>1.51</price></item></category><category><name>Breakfast</name><item><name>Hash Browns</name><price>9.56</price></item></category><category><name>Snacks &amp; Sides</name><item><name>Apple Slices</name><price>9.31</price></item><item><name>McNuggets</name><price>3.45</price></item><item><name>French Fries</name><price>3.7</price></item></category></menu><employees><employee><name>Ub2ZkEh2</name><position>Waiter</position><hourlyWage>8.37</hourlyWage></employee></employees><operatingHours><day><name>Monday</name><openingTime>09:00</openingTime><closingTime>22:00</closingTime></day><day><name>Tuesday</name><openingTime>09:00</openingTime><closingTime>22:00</closingTime></day><day><name>Wednesday</name><openingTime>09:00</openingTime><closingTime>22:00</closingTime></day><day><name>Thursday</name><openingTime>09:00</openingTime><closingTime>22:00</closingTime></day><day><name>Friday</name><openingTime>09:00</openingTime><closingTime>22:00</closingTime></day><day><name>Saturday</name><openingTime>09:00</openingTime><closingTime>22:00</closingTime></day><day><name>Sunday</name><openingTime>09:00</openingTime><closingTime>22:00</closingTime></day></operatingHours><onlineOrdering>true</onlineOrdering><loyaltyProgramEnabled>true</loyaltyProgramEnabled><driveThruAvailable>true</driveThruAvailable><language>Spanish</language><taxReference>TbzBiKf2</taxReference><operations /></restaurantConfig>