<restaurantConfig><name>1x2fD6y7LW</name><location><city>Tucson</city><zipcode>75025</zipcode></location><currency>USD</currency><timezone>EST</timezone><menu><category><name>Chicken &amp; Sandwiches</name><item><name>Buttermilk Crispy Chicken Sandwich</name><price>1.56</price></item><item><name>Spicy McChicken</name><price>2.98</price></item><item><name>Artisan Grilled Chicken Sandwich</name><price>8.37</price></item></category></menu><employees><employee><name>OcfhuYYq</name><position>Cook</position><hourlyWage>8.88</hourlyWage></employee><employee><name>wYoqydbx</name><position>Manager</position><hourlyWage>18.21</hourlyWage></employee><employee><name>MUM1re5z</name><position>Manager</position><hourlyWage>11.85</hourlyWage></employee><employee><name>wIYSkqxU</name><position>Cook</position><hourlyWage>17.09</hourlyWage></employee><employee><name>1ibFfFv9</name><position>Cashier</position><hourlyWage>19.93</hourlyWage></employee></employees><operatingHours><day><name>Monday</name><openingTime>09:00</openingTime><closingTime>22:00</closingTime></day><day><name>Tuesday</name><openingTime>09:00</openingTime><closingTime>22:00</closingTime></day><day><name>Wednesday</name><openingTime>09:00</openingTime><closingTime>22:00</closingTime></day><day><name>Thursday</name><openingTime>09:00</openingTime><closingTime>22:00</closingTime></day><day><name>Friday</name><openingTime>09:00</openingTime><closingTime>22:00</closingTime></day><day><name>Saturday</name><openingTime>09:00</openingTime><closingTime>22:00</closingTime></day><day><name>Sunday</name><openingTime>09:00</openingTime><closingTime>22:00</closingTime></day></operatingHours><onlineOrdering>false</onlineOrdering><loyaltyProgramEnabled>false</loyaltyProgramEnabled><driveThruAvailable>false</driveThruAvailable><language>French</language><taxReference>JoPZQRJK</taxReference><operations /></restaurantConfig>