<restaurantConfig><name>dusrQibjvl</name><location><city>Detroit</city><zipcode>93881</zipcode></location><currency>USD</currency><timezone>EST</timezone><menu><category><name>Burgers</name><item><name>Filet-O-Fish</name><price>7.47</price></item><item><name>Big Mac</name><price>4.37</price></item></category><category><name>Snacks &amp; Sides</name><item><name>McNuggets</name><price>6.67</price></item></category></menu><employees><employee><name>vVA4xbXd</name><position>Cook</position><hourlyWage>11.08</hourlyWage></employee><employee><name>rCGOUSs7</name><position>Cashier</position><hourlyWage>18.03</hourlyWage></employee><employee><name>7w45xwAl</name><position>Cashier</position><hourlyWage>12.8</hourlyWage></employee><employee><name>i5zS6GIW</name><position>Cook</position><hourlyWage>10.81</hourlyWage></employee><employee><name>KTmOR3T9</name><position>Cook</position><hourlyWage>15.63</hourlyWage></employee></employees><operatingHours><day><name>Monday</name><openingTime>09:00</openingTime><closingTime>22:00</closingTime></day><day><name>Tuesday</name><openingTime>09:00</openingTime><closingTime>22:00</closingTime></day><day><name>Wednesday</name><openingTime>09:00</openingTime><closingTime>22:00</closingTime></day><day><name>Thursday</name><openingTime>09:00</openingTime><closingTime>22:00</closingTime></day><day><name>Friday</name><openingTime>09:00</openingTime><closingTime>22:00</closingTime></day><day><name>Saturday</name><openingTime>09:00</openingTime><closingTime>22:00</closingTime></day><day><name>Sunday</name><openingTime>09:00</openingTime><closingTime>22:00</closingTime></day></operatingHours><onlineOrdering>false</onlineOrdering><loyaltyProgramEnabled>true</loyaltyProgramEnabled><driveThruAvailable>true</driveThruAvailable><language>English</language><taxReference>XflPKkgi</taxReference><operations /></restaurantConfig>