<restaurantConfig><name>fvgfPEBx6m</name><location><city>Phoenix</city><zipcode>40360</zipcode></location><currency>USD</currency><timezone>EST</timezone><menu><category><name>Salads</name><item><name>Bacon Ranch Salad</name><price>9.02</price></item><item><name>Side Salad</name><price>1.4</price></item></category><category><name>Breakfast</name><item><name>Big Breakfast</name><price>1.27</price></item><item><name>Egg McMuffin</name><price>2.85</price></item><item><name>Hotcakes</name><price>5.71</price></item></category><category><name>Snacks &amp; Sides</name><item><name>Apple Slices</name><price>5.18</price></item></category></menu><employees><employee><name>PBIZWvKj</name><position>Cashier</position><hourlyWage>18.61</hourlyWage></employee><employee><name>eSYaPR0o</name><position>Waiter</position><hourlyWage>9.17</hourlyWage></employee><employee><name>icj90wQf</name><position>Cashier</position><hourlyWage>13.92</hourlyWage></employee><employee><name>krFkMaTF</name><position>Cashier</position><hourlyWage>9.59</hourlyWage></employee><employee><name>vzr6M0mU</name><position>Manager</position><hourlyWage>14.82</hourlyWage></employee><employee><name>6Yx5Grn2</name><position>Cook</position><hourlyWage>11.65</hourlyWage></employee></employees><operatingHours><day><name>Monday</name><openingTime>09:00</openingTime><closingTime>22:00</closingTime></day><day><name>Tuesday</name><openingTime>09:00</openingTime><closingTime>22:00</closingTime></day><day><name>Wednesday</name><openingTime>09:00</openingTime><closingTime>22:00</closingTime></day><day><name>Thursday</name><openingTime>09:00</openingTime><closingTime>22:00</closingTime></day><day><name>Friday</name><openingTime>09:00</openingTime><closingTime>22:00</closingTime></day><day><name>Saturday</name><openingTime>09:00</openingTime><closingTime>22:00</closingTime></day><day><name>Sunday</name><openingTime>09:00</openingTime><closingTime>22:00</closingTime></day></operatingHours><onlineOrdering>true</onlineOrdering><loyaltyProgramEnabled>true</loyaltyProgramEnabled><driveThruAvailable>true</driveThruAvailable><language>Spanish</language><taxReference>0SnU6YJJ</taxReference><operations /></restaurantConfig>