<restaurantConfig><name>ISD2RQ0VuE</name><location><city>Virginia Beach</city><zipcode>40760</zipcode></location><currency>USD</currency><timezone>EST</timezone><menu><category><name>Burgers</name><item><name>Big Mac</name><price>1.34</price></item><item><name>Quarter Pounder with Cheese</name><price>6.03</price></item><item><name>Filet-O-Fish</name><price>7.86</price></item><item><name>McDouble</name><price>8.69</price></item></category><category><name>Chicken &amp; Sandwiches</name><item><name>Artisan Grilled Chicken Sandwich</name><price>5.68</price></item></category><category><name>Snacks &amp; Sides</name><item><name>McNuggets</name><price>6.72</price></item><item><name>French Fries</name><price>9.39</price></item></category></menu><employees><employee><name>lRmOBZ9f</name><position>Waiter</position><hourlyWage>8.99</hourlyWage></employee><employee><name>uWGR2oLb</name><position>Cook</position><hourlyWage>18.39</hourlyWage></employee><employee><name>OLMo2aNg</name><position>Cashier</position><hourlyWage>14.48</hourlyWage></employee><employee><name>uzLplnY2</name><position>Manager</position><hourlyWage>14.33</hourlyWage></employee><employee><name>Tkwe9Xj3</name><position>Cook</position><hourlyWage>16.59</hourlyWage></employee><employee><name>O8nWzoaC</name><position>Cashier</position><hourlyWage>17.39</hourlyWage></employee><employee><name>8t5DOLM9</name><position>Cook</position><hourlyWage>8.17</hourlyWage></employee><employee><name>ccJgy13j</name><position>Cook</position><hourlyWage>14.54</hourlyWage></employee></employees><operatingHours><day><name>Monday</name><openingTime>09:00</openingTime><closingTime>22:00</closingTime></day><day><name>Tuesday</name><openingTime>09:00</openingTime><closingTime>22:00</closingTime></day><day><name>Wednesday</name><openingTime>09:00</openingTime><closingTime>22:00</closingTime></day><day><name>Thursday</name><openingTime>09:00</openingTime><closingTime>22:00</closingTime></day><day><name>Friday</name><openingTime>09:00</openingTime><closingTime>22:00</closingTime></day><day><name>Saturday</name><openingTime>09:00</openingTime><closingTime>22:00</closingTime></day><day><name>Sunday</name><openingTime>09:00</openingTime><closingTime>22:00</closingTime></day></operatingHours><onlineOrdering>true</onlineOrdering><loyaltyProgramEnabled>true</loyaltyProgramEnabled><driveThruAvailable>true</driveThruAvailable><language>Spanish</language><taxReference>F5c3ZBLX</taxReference><operations /></restaurantConfig>