<restaurantConfig><name>od6JK6CDEf</name><location><city>Philadelphia</city><zipcode>66482</zipcode></location><currency>USD</currency><timezone>EST</timezone><menu><category><name>Chicken &amp; Sandwiches</name><item><name>Buttermilk Crispy Chicken Sandwich</name><price>2.65</price></item><item><name>Spicy McChicken</name><price>6.44</price></item><item><name>Artisan Grilled Chicken Sandwich</name><price>3.79</price></item><item><name>McChicken Deluxe</name><price>6.18</price></item></category><category><name>Salads</name><item><name>Southwest Grilled Chicken Salad</name><price>2.9</price></item><item><name>Bacon Ranch Salad</name><price>6.77</price></item><item><name>Side Salad</name><price>8.64</price></item></category><category><name>Snacks &amp; Sides</name><item><name>McNuggets</name><price>7.43</price></item></category></menu><employees><employee><name>KqG63pgn</name><position>Cook</position><hourlyWage>16.22</hourlyWage></employee></employees><operatingHours><day><name>Monday</name><openingTime>09:00</openingTime><closingTime>22:00</closingTime></day><day><name>Tuesday</name><openingTime>09:00</openingTime><closingTime>22:00</closingTime></day><day><name>Wednesday</name><openingTime>09:00</openingTime><closingTime>22:00</closingTime></day><day><name>Thursday</name><openingTime>09:00</openingTime><closingTime>22:00</closingTime></day><day><name>Friday</name><openingTime>09:00</openingTime><closingTime>22:00</closingTime></day><day><name>Saturday</name><openingTime>09:00</openingTime><closingTime>22:00</closingTime></day><day><name>Sunday</name><openingTime>09:00</openingTime><closingTime>22:00</closingTime></day></operatingHours><onlineOrdering>false</onlineOrdering><loyaltyProgramEnabled>false</loyaltyProgramEnabled><driveThruAvailable>false</driveThruAvailable><language>German</language><taxReference>8bDMvreo</taxReference><operations /></restaurantConfig>