<restaurantConfig><name>qhoOTgs6tX</name><location><city>San Diego</city><zipcode>89179</zipcode></location><currency>USD</currency><timezone>EST</timezone><menu><category><name>Chicken &amp; Sandwiches</name><item><name>Buttermilk Crispy Chicken Sandwich</name><price>8.05</price></item><item><name>Artisan Grilled Chicken Sandwich</name><price>1.07</price></item><item><name>McChicken Deluxe</name><price>9.35</price></item><item><name>Spicy McChicken</name><price>9.8</price></item></category><category><name>Salads</name><item><name>Southwest Grilled Chicken Salad</name><price>2.88</price></item><item><name>Side Salad</name><price>6.6</price></item><item><name>Bacon Ranch Salad</name><price>8.93</price></item></category><category><name>Breakfast</name><item><name>Sausage McMuffin</name><price>6.25</price></item><item><name>Egg McMuffin</name><price>5.83</price></item></category><category><name>Snacks &amp; Sides</name><item><name>McNuggets</name><price>3.53</price></item><item><name>Apple Slices</name><price>8.96</price></item><item><name>French Fries</name><price>9.82</price></item></category></menu><employees><employee><name>CDLG9DvE</name><position>Cashier</position><hourlyWage>14.12</hourlyWage></employee><employee><name>9W8RSVAB</name><position>Cook</position><hourlyWage>18.35</hourlyWage></employee><employee><name>cjWwhqCe</name><position>Manager</position><hourlyWage>17.53</hourlyWage></employee><employee><name>5aaRNEyJ</name><position>Cook</position><hourlyWage>11.01</hourlyWage></employee><employee><name>egDlhAKu</name><position>Cook</position><hourlyWage>12.4</hourlyWage></employee><employee><name>aWg9cEhn</name><position>Cook</position><hourlyWage>15.33</hourlyWage></employee></employees><operatingHours><day><name>Monday</name><openingTime>09:00</openingTime><closingTime>22:00</closingTime></day><day><name>Tuesday</name><openingTime>09:00</openingTime><closingTime>22:00</closingTime></day><day><name>Wednesday</name><openingTime>09:00</openingTime><closingTime>22:00</closingTime></day><day><name>Thursday</name><openingTime>09:00</openingTime><closingTime>22:00</closingTime></day><day><name>Friday</name><openingTime>09:00</openingTime><closingTime>22:00</closingTime></day><day><name>Saturday</name><openingTime>09:00</openingTime><closingTime>22:00</closingTime></day><day><name>Sunday</name><openingTime>09:00</openingTime><closingTime>22:00</closingTime></day></operatingHours><onlineOrdering>false</onlineOrdering><loyaltyProgramEnabled>false</loyaltyProgramEnabled><driveThruAvailable>false</driveThruAvailable><language>German</language><taxReference>IdA96ioI</taxReference><operations /></restaurantConfig>