<restaurantConfig><name>wnXYTt23GK</name><location><city>Columbus</city><zipcode>28487</zipcode></location><currency>USD</currency><timezone>EST</timezone><menu><category><name>Burgers</name><item><name>Quarter Pounder with Cheese</name><price>9.78</price></item></category><category><name>Salads</name><item><name>Side Salad</name><price>8.14</price></item><item><name>Southwest Grilled Chicken Salad</name><price>9.07</price></item><item><name>Bacon Ranch Salad</name><price>2.69</price></item></category></menu><employees><employee><name>SFrRfZfE</name><position>Cashier</position><hourlyWage>13.14</hourlyWage></employee><employee><name>PblSG6QV</name><position>Cook</position><hourlyWage>11.54</hourlyWage></employee><employee><name>3husXW6p</name><position>Manager</position><hourlyWage>19.63</hourlyWage></employee><employee><name>FMoLgeWW</name><position>Cashier</position><hourlyWage>11.49</hourlyWage></employee></employees><operatingHours><day><name>Monday</name><openingTime>09:00</openingTime><closingTime>22:00</closingTime></day><day><name>Tuesday</name><openingTime>09:00</openingTime><closingTime>22:00</closingTime></day><day><name>Wednesday</name><openingTime>09:00</openingTime><closingTime>22:00</closingTime></day><day><name>Thursday</name><openingTime>09:00</openingTime><closingTime>22:00</closingTime></day><day><name>Friday</name><openingTime>09:00</openingTime><closingTime>22:00</closingTime></day><day><name>Saturday</name><openingTime>09:00</openingTime><closingTime>22:00</closingTime></day><day><name>Sunday</name><openingTime>09:00</openingTime><closingTime>22:00</closingTime></day></operatingHours><onlineOrdering>false</onlineOrdering><loyaltyProgramEnabled>true</loyaltyProgramEnabled><driveThruAvailable>false</driveThruAvailable><language>German</language><taxReference>y6kthXbN</taxReference><operations /></restaurantConfig>