<restaurantConfig><name>nIPPglyvKL</name><location><city>Sacramento</city><zipcode>62707</zipcode></location><currency>USD</currency><timezone>EST</timezone><menu><category><name>Chicken &amp; Sandwiches</name><item><name>Artisan Grilled Chicken Sandwich</name><price>6.1</price></item><item><name>McChicken Deluxe</name><price>6.8</price></item><item><name>Spicy McChicken</name><price>6.66</price></item><item><name>Buttermilk Crispy Chicken Sandwich</name><price>8.42</price></item></category><category><name>Salads</name><item><name>Bacon Ranch Salad</name><price>6.22</price></item><item><name>Side Salad</name><price>5.94</price></item><item><name>Southwest Grilled Chicken Salad</name><price>6.18</price></item></category><category><name>Snacks &amp; Sides</name><item><name>McNuggets</name><price>7.69</price></item></category></menu><employees><employee><name>CqBgG2fq</name><position>Manager</position><hourlyWage>14.07</hourlyWage></employee><employee><name>cBBvEqHA</name><position>Cashier</position><hourlyWage>14.99</hourlyWage></employee></employees><operatingHours><day><name>Monday</name><openingTime>09:00</openingTime><closingTime>22:00</closingTime></day><day><name>Tuesday</name><openingTime>09:00</openingTime><closingTime>22:00</closingTime></day><day><name>Wednesday</name><openingTime>09:00</openingTime><closingTime>22:00</closingTime></day><day><name>Thursday</name><openingTime>09:00</openingTime><closingTime>22:00</closingTime></day><day><name>Friday</name><openingTime>09:00</openingTime><closingTime>22:00</closingTime></day><day><name>Saturday</name><openingTime>09:00</openingTime><closingTime>22:00</closingTime></day><day><name>Sunday</name><openingTime>09:00</openingTime><closingTime>22:00</closingTime></day></operatingHours><onlineOrdering>true</onlineOrdering><loyaltyProgramEnabled>true</loyaltyProgramEnabled><driveThruAvailable>false</driveThruAvailable><language>German</language><taxReference>FdOTQZ8U</taxReference><operations /></restaurantConfig>