<restaurantConfig><name>2AYFPuew0q</name><location><city>Los Angeles</city><zipcode>43270</zipcode></location><currency>USD</currency><timezone>EST</timezone><menu><category><name>Burgers</name><item><name>Quarter Pounder with Cheese</name><price>8.28</price></item><item><name>McDouble</name><price>7.76</price></item><item><name>McChicken</name><price>2.13</price></item><item><name>Filet-O-Fish</name><price>2.58</price></item></category><category><name>Breakfast</name><item><name>Hotcakes</name><price>9.46</price></item><item><name>Egg McMuffin</name><price>8.97</price></item><item><name>Sausage McMuffin</name><price>2.31</price></item></category><category><name>Snacks &amp; Sides</name><item><name>French Fries</name><price>3.63</price></item></category></menu><employees><employee><name>VhUEe7xr</name><position>Manager</position><hourlyWage>9.86</hourlyWage></employee><employee><name>wr9sLHYS</name><position>Cashier</position><hourlyWage>14.66</hourlyWage></employee><employee><name>z4vGfvUN</name><position>Cook</position><hourlyWage>10.88</hourlyWage></employee><employee><name>Ty0ycz6F</name><position>Cashier</position><hourlyWage>19.79</hourlyWage></employee><employee><name>qAXKjwhe</name><position>Manager</position><hourlyWage>11.83</hourlyWage></employee></employees><operatingHours><day><name>Monday</name><openingTime>09:00</openingTime><closingTime>22:00</closingTime></day><day><name>Tuesday</name><openingTime>09:00</openingTime><closingTime>22:00</closingTime></day><day><name>Wednesday</name><openingTime>09:00</openingTime><closingTime>22:00</closingTime></day><day><name>Thursday</name><openingTime>09:00</openingTime><closingTime>22:00</closingTime></day><day><name>Friday</name><openingTime>09:00</openingTime><closingTime>22:00</closingTime></day><day><name>Saturday</name><openingTime>09:00</openingTime><closingTime>22:00</closingTime></day><day><name>Sunday</name><openingTime>09:00</openingTime><closingTime>22:00</closingTime></day></operatingHours><onlineOrdering>false</onlineOrdering><loyaltyProgramEnabled>false</loyaltyProgramEnabled><driveThruAvailable>false</driveThruAvailable><language>Spanish</language><taxReference>MdxgVKPb</taxReference><operations /></restaurantConfig>