<restaurantConfig><name>zZLlj8MkAq</name><location><city>Mesa</city><zipcode>42527</zipcode></location><currency>USD</currency><timezone>EST</timezone><menu><category><name>Chicken &amp; Sandwiches</name><item><name>McChicken Deluxe</name><price>3.05</price></item><item><name>Spicy McChicken</name><price>2.98</price></item><item><name>Buttermilk Crispy Chicken Sandwich</name><price>7.07</price></item><item><name>Artisan Grilled Chicken Sandwich</name><price>1.15</price></item></category><category><name>Breakfast</name><item><name>Egg McMuffin</name><price>7.79</price></item><item><name>Sausage McMuffin</name><price>2.17</price></item><item><name>Big Breakfast</name><price>4.66</price></item></category></menu><employees><employee><name>BhW8FRhF</name><position>Cook</position><hourlyWage>17.35</hourlyWage></employee><employee><name>PYgYdKHc</name><position>Cook</position><hourlyWage>19.9</hourlyWage></employee></employees><operatingHours><day><name>Monday</name><openingTime>09:00</openingTime><closingTime>22:00</closingTime></day><day><name>Tuesday</name><openingTime>09:00</openingTime><closingTime>22:00</closingTime></day><day><name>Wednesday</name><openingTime>09:00</openingTime><closingTime>22:00</closingTime></day><day><name>Thursday</name><openingTime>09:00</openingTime><closingTime>22:00</closingTime></day><day><name>Friday</name><openingTime>09:00</openingTime><closingTime>22:00</closingTime></day><day><name>Saturday</name><openingTime>09:00</openingTime><closingTime>22:00</closingTime></day><day><name>Sunday</name><openingTime>09:00</openingTime><closingTime>22:00</closingTime></day></operatingHours><onlineOrdering>false</onlineOrdering><loyaltyProgramEnabled>false</loyaltyProgramEnabled><driveThruAvailable>true</driveThruAvailable><language>French</language><taxReference>kL9IjdoP</taxReference><operations /></restaurantConfig>