<restaurantConfig><name>c3Ue7pNaKP</name><location><city>Fresno</city><zipcode>92257</zipcode></location><currency>USD</currency><timezone>EST</timezone><menu><category><name>Chicken &amp; Sandwiches</name><item><name>Artisan Grilled Chicken Sandwich</name><price>6.78</price></item><item><name>Buttermilk Crispy Chicken Sandwich</name><price>7.53</price></item><item><name>Spicy McChicken</name><price>6.27</price></item></category><category><name>Breakfast</name><item><name>Hash Browns</name><price>1.03</price></item><item><name>Big Breakfast</name><price>6.59</price></item></category></menu><employees><employee><name>ZJxVIG9v</name><position>Manager</position><hourlyWage>17.65</hourlyWage></employee><employee><name>tOBeb7yR</name><position>Waiter</position><hourlyWage>8.37</hourlyWage></employee><employee><name>GFZwS5do</name><position>Waiter</position><hourlyWage>8.52</hourlyWage></employee><employee><name>olIEz7Km</name><position>Manager</position><hourlyWage>10.38</hourlyWage></employee></employees><operatingHours><day><name>Monday</name><openingTime>09:00</openingTime><closingTime>22:00</closingTime></day><day><name>Tuesday</name><openingTime>09:00</openingTime><closingTime>22:00</closingTime></day><day><name>Wednesday</name><openingTime>09:00</openingTime><closingTime>22:00</closingTime></day><day><name>Thursday</name><openingTime>09:00</openingTime><closingTime>22:00</closingTime></day><day><name>Friday</name><openingTime>09:00</openingTime><closingTime>22:00</closingTime></day><day><name>Saturday</name><openingTime>09:00</openingTime><closingTime>22:00</closingTime></day><day><name>Sunday</name><openingTime>09:00</openingTime><closingTime>22:00</closingTime></day></operatingHours><onlineOrdering>false</onlineOrdering><loyaltyProgramEnabled>true</loyaltyProgramEnabled><driveThruAvailable>false</driveThruAvailable><language>French</language><taxReference>k0MJ5MQG</taxReference><operations /></restaurantConfig>