<restaurantConfig><name>3hfCSdqNQ4</name><location><city>Las Vegas</city><zipcode>70637</zipcode></location><currency>USD</currency><timezone>EST</timezone><menu><category><name>Burgers</name><item><name>Filet-O-Fish</name><price>7.95</price></item><item><name>Big Mac</name><price>1.73</price></item><item><name>McDouble</name><price>3.19</price></item></category><category><name>Breakfast</name><item><name>Hash Browns</name><price>5.85</price></item></category><category><name>Snacks &amp; Sides</name><item><name>McNuggets</name><price>4.52</price></item><item><name>Apple Slices</name><price>6.24</price></item><item><name>French Fries</name><price>9.26</price></item></category></menu><employees><employee><name>irHsvGgG</name><position>Cook</position><hourlyWage>12.1</hourlyWage></employee></employees><operatingHours><day><name>Monday</name><openingTime>09:00</openingTime><closingTime>22:00</closingTime></day><day><name>Tuesday</name><openingTime>09:00</openingTime><closingTime>22:00</closingTime></day><day><name>Wednesday</name><openingTime>09:00</openingTime><closingTime>22:00</closingTime></day><day><name>Thursday</name><openingTime>09:00</openingTime><closingTime>22:00</closingTime></day><day><name>Friday</name><openingTime>09:00</openingTime><closingTime>22:00</closingTime></day><day><name>Saturday</name><openingTime>09:00</openingTime><closingTime>22:00</closingTime></day><day><name>Sunday</name><openingTime>09:00</openingTime><closingTime>22:00</closingTime></day></operatingHours><onlineOrdering>true</onlineOrdering><loyaltyProgramEnabled>false</loyaltyProgramEnabled><driveThruAvailable>false</driveThruAvailable><language>French</language><taxReference>0SPGMM6a</taxReference><operations /></restaurantConfig>