<restaurantConfig><name>JiI87wG1mp</name><location><city>Columbus</city><zipcode>47479</zipcode></location><currency>USD</currency><timezone>EST</timezone><menu><category><name>Breakfast</name><item><name>Sausage McMuffin</name><price>3.05</price></item><item><name>Hash Browns</name><price>7.05</price></item><item><name>Big Breakfast</name><price>8.73</price></item></category></menu><employees><employee><name>n0yA1WHv</name><position>Waiter</position><hourlyWage>16.65</hourlyWage></employee><employee><name>gIaJmOi2</name><position>Manager</position><hourlyWage>19.76</hourlyWage></employee><employee><name>ttf7Znd6</name><position>Manager</position><hourlyWage>16.69</hourlyWage></employee><employee><name>MfNDX488</name><position>Cashier</position><hourlyWage>11.23</hourlyWage></employee><employee><name>OgQYfiBq</name><position>Manager</position><hourlyWage>13.24</hourlyWage></employee><employee><name>fy559mEn</name><position>Waiter</position><hourlyWage>19.56</hourlyWage></employee></employees><operatingHours><day><name>Monday</name><openingTime>09:00</openingTime><closingTime>22:00</closingTime></day><day><name>Tuesday</name><openingTime>09:00</openingTime><closingTime>22:00</closingTime></day><day><name>Wednesday</name><openingTime>09:00</openingTime><closingTime>22:00</closingTime></day><day><name>Thursday</name><openingTime>09:00</openingTime><closingTime>22:00</closingTime></day><day><name>Friday</name><openingTime>09:00</openingTime><closingTime>22:00</closingTime></day><day><name>Saturday</name><openingTime>09:00</openingTime><closingTime>22:00</closingTime></day><day><name>Sunday</name><openingTime>09:00</openingTime><closingTime>22:00</closingTime></day></operatingHours><onlineOrdering>true</onlineOrdering><loyaltyProgramEnabled>true</loyaltyProgramEnabled><driveThruAvailable>false</driveThruAvailable><language>French</language><taxReference>lcc1gzwf</taxReference><operations /></restaurantConfig>