<restaurantConfig><name>M357MfziXZ</name><location><city>San Jose</city><zipcode>26587</zipcode></location><currency>USD</currency><timezone>EST</timezone><menu><category><name>Salads</name><item><name>Bacon Ranch Salad</name><price>8.2</price></item><item><name>Southwest Grilled Chicken Salad</name><price>2.38</price></item><item><name>Side Salad</name><price>1.81</price></item></category><category><name>Breakfast</name><item><name>Big Breakfast</name><price>2.53</price></item><item><name>Hash Browns</name><price>9.14</price></item><item><name>Hotcakes</name><price>6.79</price></item><item><name>Sausage McMuffin</name><price>3.48</price></item><item><name>Egg McMuffin</name><price>4.39</price></item></category></menu><employees><employee><name>Bgp478JX</name><position>Manager</position><hourlyWage>18.54</hourlyWage></employee></employees><operatingHours><day><name>Monday</name><openingTime>09:00</openingTime><closingTime>22:00</closingTime></day><day><name>Tuesday</name><openingTime>09:00</openingTime><closingTime>22:00</closingTime></day><day><name>Wednesday</name><openingTime>09:00</openingTime><closingTime>22:00</closingTime></day><day><name>Thursday</name><openingTime>09:00</openingTime><closingTime>22:00</closingTime></day><day><name>Friday</name><openingTime>09:00</openingTime><closingTime>22:00</closingTime></day><day><name>Saturday</name><openingTime>09:00</openingTime><closingTime>22:00</closingTime></day><day><name>Sunday</name><openingTime>09:00</openingTime><closingTime>22:00</closingTime></day></operatingHours><onlineOrdering>true</onlineOrdering><loyaltyProgramEnabled>true</loyaltyProgramEnabled><driveThruAvailable>true</driveThruAvailable><language>French</language><taxReference>zllvq9oe</taxReference><operations /></restaurantConfig>