<restaurantConfig><name>4DsFMhL6jk</name><location><city>Columbus</city><zipcode>58486</zipcode></location><currency>USD</currency><timezone>EST</timezone><menu><category><name>Burgers</name><item><name>Filet-O-Fish</name><price>3.14</price></item><item><name>Quarter Pounder with Cheese</name><price>2.29</price></item><item><name>McChicken</name><price>4.25</price></item><item><name>McDouble</name><price>2.71</price></item></category><category><name>Chicken &amp; Sandwiches</name><item><name>McChicken Deluxe</name><price>8.34</price></item></category><category><name>Breakfast</name><item><name>Egg McMuffin</name><price>6.83</price></item><item><name>Sausage McMuffin</name><price>7.6</price></item><item><name>Hotcakes</name><price>5.37</price></item><item><name>Hash Browns</name><price>2.4</price></item></category><category><name>Snacks &amp; Sides</name><item><name>McNuggets</name><price>5.05</price></item></category></menu><employees><employee><name>xQKFmv0I</name><position>Waiter</position><hourlyWage>12.38</hourlyWage></employee><employee><name>zJekjn70</name><position>Manager</position><hourlyWage>9.25</hourlyWage></employee><employee><name>mWLgcaZc</name><position>Cashier</position><hourlyWage>8.55</hourlyWage></employee><employee><name>xSz66k84</name><position>Cashier</position><hourlyWage>18.62</hourlyWage></employee></employees><operatingHours><day><name>Monday</name><openingTime>09:00</openingTime><closingTime>22:00</closingTime></day><day><name>Tuesday</name><openingTime>09:00</openingTime><closingTime>22:00</closingTime></day><day><name>Wednesday</name><openingTime>09:00</openingTime><closingTime>22:00</closingTime></day><day><name>Thursday</name><openingTime>09:00</openingTime><closingTime>22:00</closingTime></day><day><name>Friday</name><openingTime>09:00</openingTime><closingTime>22:00</closingTime></day><day><name>Saturday</name><openingTime>09:00</openingTime><closingTime>22:00</closingTime></day><day><name>Sunday</name><openingTime>09:00</openingTime><closingTime>22:00</closingTime></day></operatingHours><onlineOrdering>true</onlineOrdering><loyaltyProgramEnabled>false</loyaltyProgramEnabled><driveThruAvailable>true</driveThruAvailable><language>French</language><taxReference>DgtxmNJA</taxReference><operations /></restaurantConfig>