<restaurantConfig><name>PXrUJK1Kfs</name><location><city>Virginia Beach</city><zipcode>60232</zipcode></location><currency>USD</currency><timezone>EST</timezone><menu><category><name>Salads</name><item><name>Bacon Ranch Salad</name><price>6.94</price></item><item><name>Side Salad</name><price>9.03</price></item><item><name>Southwest Grilled Chicken Salad</name><price>9.71</price></item></category><category><name>Breakfast</name><item><name>Sausage McMuffin</name><price>4.84</price></item><item><name>Egg McMuffin</name><price>2.19</price></item><item><name>Hash Browns</name><price>4.46</price></item></category><category><name>Snacks &amp; Sides</name><item><name>French Fries</name><price>7.18</price></item></category></menu><employees><employee><name>6qtHPqko</name><position>Manager</position><hourlyWage>16.57</hourlyWage></employee><employee><name>zFJWo7i4</name><position>Manager</position><hourlyWage>15.15</hourlyWage></employee></employees><operatingHours><day><name>Monday</name><openingTime>09:00</openingTime><closingTime>22:00</closingTime></day><day><name>Tuesday</name><openingTime>09:00</openingTime><closingTime>22:00</closingTime></day><day><name>Wednesday</name><openingTime>09:00</openingTime><closingTime>22:00</closingTime></day><day><name>Thursday</name><openingTime>09:00</openingTime><closingTime>22:00</closingTime></day><day><name>Friday</name><openingTime>09:00</openingTime><closingTime>22:00</closingTime></day><day><name>Saturday</name><openingTime>09:00</openingTime><closingTime>22:00</closingTime></day><day><name>Sunday</name><openingTime>09:00</openingTime><closingTime>22:00</closingTime></day></operatingHours><onlineOrdering>true</onlineOrdering><loyaltyProgramEnabled>true</loyaltyProgramEnabled><driveThruAvailable>false</driveThruAvailable><language>French</language><taxReference>EDBuPM6R</taxReference><operations /></restaurantConfig>