<restaurantConfig><name>Hdz3CW4Eyd</name><location><city>Tucson</city><zipcode>99434</zipcode></location><currency>USD</currency><timezone>EST</timezone><menu><category><name>Burgers</name><item><name>Quarter Pounder with Cheese</name><price>7.67</price></item><item><name>McDouble</name><price>4.98</price></item><item><name>McChicken</name><price>2.76</price></item></category><category><name>Chicken &amp; Sandwiches</name><item><name>Spicy McChicken</name><price>3.53</price></item></category><category><name>Breakfast</name><item><name>Hash Browns</name><price>3.88</price></item></category><category><name>Snacks &amp; Sides</name><item><name>Apple Slices</name><price>3.92</price></item><item><name>McNuggets</name><price>3.79</price></item><item><name>French Fries</name><price>3.82</price></item></category></menu><employees><employee><name>IWmv6b2D</name><position>Waiter</position><hourlyWage>18.63</hourlyWage></employee><employee><name>RdLSHoMW</name><position>Cashier</position><hourlyWage>16.0</hourlyWage></employee><employee><name>4AU9tOuF</name><position>Cashier</position><hourlyWage>16.66</hourlyWage></employee><employee><name>EgBdQN8R</name><position>Waiter</position><hourlyWage>19.52</hourlyWage></employee></employees><operatingHours><day><name>Monday</name><openingTime>09:00</openingTime><closingTime>22:00</closingTime></day><day><name>Tuesday</name><openingTime>09:00</openingTime><closingTime>22:00</closingTime></day><day><name>Wednesday</name><openingTime>09:00</openingTime><closingTime>22:00</closingTime></day><day><name>Thursday</name><openingTime>09:00</openingTime><closingTime>22:00</closingTime></day><day><name>Friday</name><openingTime>09:00</openingTime><closingTime>22:00</closingTime></day><day><name>Saturday</name><openingTime>09:00</openingTime><closingTime>22:00</closingTime></day><day><name>Sunday</name><openingTime>09:00</openingTime><closingTime>22:00</closingTime></day></operatingHours><onlineOrdering>true</onlineOrdering><loyaltyProgramEnabled>true</loyaltyProgramEnabled><driveThruAvailable>true</driveThruAvailable><language>English</language><taxReference>BxPas1Dh</taxReference><operations /></restaurantConfig>