<restaurantConfig><name>MpE2gP788F</name><location><city>Arlington</city><zipcode>17807</zipcode></location><currency>USD</currency><timezone>EST</timezone><menu><category><name>Burgers</name><item><name>McDouble</name><price>7.49</price></item><item><name>Filet-O-Fish</name><price>8.32</price></item><item><name>Quarter Pounder with Cheese</name><price>1.28</price></item><item><name>McChicken</name><price>4.39</price></item><item><name>Big Mac</name><price>5.41</price></item></category><category><name>Chicken &amp; Sandwiches</name><item><name>McChicken Deluxe</name><price>3.8</price></item><item><name>Buttermilk Crispy Chicken Sandwich</name><price>5.97</price></item></category><category><name>Salads</name><item><name>Bacon Ranch Salad</name><price>8.02</price></item><item><name>Side Salad</name><price>1.17</price></item></category></menu><employees><employee><name>WDRueUpd</name><position>Cook</position><hourlyWage>9.86</hourlyWage></employee><employee><name>ryP2OsRY</name><position>Manager</position><hourlyWage>11.31</hourlyWage></employee><employee><name>u0BsrKaj</name><position>Cashier</position><hourlyWage>8.75</hourlyWage></employee><employee><name>ae2sCBdY</name><position>Manager</position><hourlyWage>13.62</hourlyWage></employee><employee><name>tQpr1G24</name><position>Cook</position><hourlyWage>10.11</hourlyWage></employee><employee><name>TIB9zdT0</name><position>Cashier</position><hourlyWage>14.86</hourlyWage></employee></employees><operatingHours><day><name>Monday</name><openingTime>09:00</openingTime><closingTime>22:00</closingTime></day><day><name>Tuesday</name><openingTime>09:00</openingTime><closingTime>22:00</closingTime></day><day><name>Wednesday</name><openingTime>09:00</openingTime><closingTime>22:00</closingTime></day><day><name>Thursday</name><openingTime>09:00</openingTime><closingTime>22:00</closingTime></day><day><name>Friday</name><openingTime>09:00</openingTime><closingTime>22:00</closingTime></day><day><name>Saturday</name><openingTime>09:00</openingTime><closingTime>22:00</closingTime></day><day><name>Sunday</name><openingTime>09:00</openingTime><closingTime>22:00</closingTime></day></operatingHours><onlineOrdering>false</onlineOrdering><loyaltyProgramEnabled>false</loyaltyProgramEnabled><driveThruAvailable>true</driveThruAvailable><language>English</language><taxReference>pSeWsOiH</taxReference><operations /></restaurantConfig>