<restaurantConfig><name>rA7fpYjAPw</name><location><city>Seattle</city><zipcode>30982</zipcode></location><currency>USD</currency><timezone>EST</timezone><menu><category><name>Chicken &amp; Sandwiches</name><item><name>Buttermilk Crispy Chicken Sandwich</name><price>7.07</price></item><item><name>McChicken Deluxe</name><price>9.71</price></item><item><name>Spicy McChicken</name><price>4.46</price></item></category><category><name>Snacks &amp; Sides</name><item><name>McNuggets</name><price>9.39</price></item><item><name>French Fries</name><price>8.75</price></item></category></menu><employees><employee><name>jRSiGVkG</name><position>Waiter</position><hourlyWage>17.03</hourlyWage></employee><employee><name>wrTExUct</name><position>Cashier</position><hourlyWage>10.63</hourlyWage></employee><employee><name>cA3OaKYb</name><position>Manager</position><hourlyWage>18.28</hourlyWage></employee><employee><name>yS1j9Bir</name><position>Cook</position><hourlyWage>9.43</hourlyWage></employee><employee><name>Wc9xzPro</name><position>Waiter</position><hourlyWage>8.38</hourlyWage></employee><employee><name>6b7Vu1UE</name><position>Cashier</position><hourlyWage>9.67</hourlyWage></employee></employees><operatingHours><day><name>Monday</name><openingTime>09:00</openingTime><closingTime>22:00</closingTime></day><day><name>Tuesday</name><openingTime>09:00</openingTime><closingTime>22:00</closingTime></day><day><name>Wednesday</name><openingTime>09:00</openingTime><closingTime>22:00</closingTime></day><day><name>Thursday</name><openingTime>09:00</openingTime><closingTime>22:00</closingTime></day><day><name>Friday</name><openingTime>09:00</openingTime><closingTime>22:00</closingTime></day><day><name>Saturday</name><openingTime>09:00</openingTime><closingTime>22:00</closingTime></day><day><name>Sunday</name><openingTime>09:00</openingTime><closingTime>22:00</closingTime></day></operatingHours><onlineOrdering>false</onlineOrdering><loyaltyProgramEnabled>false</loyaltyProgramEnabled><driveThruAvailable>false</driveThruAvailable><language>English</language><taxReference>P92RbaOI</taxReference><operations /></restaurantConfig>