<restaurantConfig><name>zJfCi0dMz3</name><location><city>Portland</city><zipcode>17633</zipcode></location><currency>USD</currency><timezone>EST</timezone><menu><category><name>Chicken &amp; Sandwiches</name><item><name>Buttermilk Crispy Chicken Sandwich</name><price>8.39</price></item><item><name>McChicken Deluxe</name><price>7.82</price></item><item><name>Spicy McChicken</name><price>8.7</price></item><item><name>Artisan Grilled Chicken Sandwich</name><price>8.29</price></item></category><category><name>Breakfast</name><item><name>Hash Browns</name><price>3.24</price></item><item><name>Sausage McMuffin</name><price>7.39</price></item></category></menu><employees><employee><name>Dv07ej9h</name><position>Waiter</position><hourlyWage>15.88</hourlyWage></employee></employees><operatingHours><day><name>Monday</name><openingTime>09:00</openingTime><closingTime>22:00</closingTime></day><day><name>Tuesday</name><openingTime>09:00</openingTime><closingTime>22:00</closingTime></day><day><name>Wednesday</name><openingTime>09:00</openingTime><closingTime>22:00</closingTime></day><day><name>Thursday</name><openingTime>09:00</openingTime><closingTime>22:00</closingTime></day><day><name>Friday</name><openingTime>09:00</openingTime><closingTime>22:00</closingTime></day><day><name>Saturday</name><openingTime>09:00</openingTime><closingTime>22:00</closingTime></day><day><name>Sunday</name><openingTime>09:00</openingTime><closingTime>22:00</closingTime></day></operatingHours><onlineOrdering>false</onlineOrdering><loyaltyProgramEnabled>true</loyaltyProgramEnabled><driveThruAvailable>false</driveThruAvailable><language>French</language><taxReference>EVc2siE4</taxReference><operations /></restaurantConfig>