<restaurantConfig><name>dptBSzDx0u</name><location><city>Tucson</city><zipcode>11368</zipcode></location><currency>USD</currency><timezone>EST</timezone><menu><category><name>Salads</name><item><name>Side Salad</name><price>6.05</price></item><item><name>Southwest Grilled Chicken Salad</name><price>1.77</price></item></category></menu><employees><employee><name>z0mOnz9E</name><position>Cashier</position><hourlyWage>17.99</hourlyWage></employee><employee><name>aOY7QTg6</name><position>Waiter</position><hourlyWage>15.93</hourlyWage></employee><employee><name>OCpXrr05</name><position>Cook</position><hourlyWage>12.64</hourlyWage></employee><employee><name>t9VjJlJr</name><position>Waiter</position><hourlyWage>10.74</hourlyWage></employee><employee><name>ETyvGEGL</name><position>Waiter</position><hourlyWage>17.96</hourlyWage></employee><employee><name>H0WUKoaw</name><position>Cook</position><hourlyWage>19.02</hourlyWage></employee><employee><name>NF2HEShE</name><position>Manager</position><hourlyWage>8.0</hourlyWage></employee><employee><name>9Ih52ekE</name><position>Waiter</position><hourlyWage>9.67</hourlyWage></employee></employees><operatingHours><day><name>Monday</name><openingTime>09:00</openingTime><closingTime>22:00</closingTime></day><day><name>Tuesday</name><openingTime>09:00</openingTime><closingTime>22:00</closingTime></day><day><name>Wednesday</name><openingTime>09:00</openingTime><closingTime>22:00</closingTime></day><day><name>Thursday</name><openingTime>09:00</openingTime><closingTime>22:00</closingTime></day><day><name>Friday</name><openingTime>09:00</openingTime><closingTime>22:00</closingTime></day><day><name>Saturday</name><openingTime>09:00</openingTime><closingTime>22:00</closingTime></day><day><name>Sunday</name><openingTime>09:00</openingTime><closingTime>22:00</closingTime></day></operatingHours><onlineOrdering>false</onlineOrdering><loyaltyProgramEnabled>true</loyaltyProgramEnabled><driveThruAvailable>false</driveThruAvailable><language>French</language><taxReference>oNOWPqxT</taxReference><operations /></restaurantConfig>