<restaurantConfig><name>1NKgR6E2Bn</name><location><city>Mesa</city><zipcode>29397</zipcode></location><currency>USD</currency><timezone>EST</timezone><menu><category><name>Chicken &amp; Sandwiches</name><item><name>Spicy McChicken</name><price>6.6</price></item><item><name>Artisan Grilled Chicken Sandwich</name><price>8.85</price></item></category><category><name>Salads</name><item><name>Bacon Ranch Salad</name><price>9.65</price></item><item><name>Southwest Grilled Chicken Salad</name><price>9.82</price></item><item><name>Side Salad</name><price>3.34</price></item></category><category><name>Breakfast</name><item><name>Hotcakes</name><price>3.51</price></item><item><name>Egg McMuffin</name><price>5.72</price></item><item><name>Hash Browns</name><price>1.73</price></item></category></menu><employees><employee><name>aoo1meS2</name><position>Manager</position><hourlyWage>16.94</hourlyWage></employee></employees><operatingHours><day><name>Monday</name><openingTime>09:00</openingTime><closingTime>22:00</closingTime></day><day><name>Tuesday</name><openingTime>09:00</openingTime><closingTime>22:00</closingTime></day><day><name>Wednesday</name><openingTime>09:00</openingTime><closingTime>22:00</closingTime></day><day><name>Thursday</name><openingTime>09:00</openingTime><closingTime>22:00</closingTime></day><day><name>Friday</name><openingTime>09:00</openingTime><closingTime>22:00</closingTime></day><day><name>Saturday</name><openingTime>09:00</openingTime><closingTime>22:00</closingTime></day><day><name>Sunday</name><openingTime>09:00</openingTime><closingTime>22:00</closingTime></day></operatingHours><onlineOrdering>true</onlineOrdering><loyaltyProgramEnabled>true</loyaltyProgramEnabled><driveThruAvailable>false</driveThruAvailable><language>French</language><taxReference>6RKd2PCZ</taxReference><operations /></restaurantConfig>