<restaurantConfig><name>Kt3Zv2908R</name><location><city>Seattle</city><zipcode>18987</zipcode></location><currency>USD</currency><timezone>EST</timezone><menu><category><name>Burgers</name><item><name>Filet-O-Fish</name><price>6.42</price></item><item><name>McChicken</name><price>2.35</price></item></category><category><name>Chicken &amp; Sandwiches</name><item><name>Buttermilk Crispy Chicken Sandwich</name><price>8.84</price></item><item><name>Artisan Grilled Chicken Sandwich</name><price>7.53</price></item><item><name>Spicy McChicken</name><price>8.23</price></item></category><category><name>Breakfast</name><item><name>Egg McMuffin</name><price>5.9</price></item><item><name>Big Breakfast</name><price>1.02</price></item></category></menu><employees><employee><name>563whJJl</name><position>Manager</position><hourlyWage>17.69</hourlyWage></employee><employee><name>XQaIa705</name><position>Cashier</position><hourlyWage>10.6</hourlyWage></employee><employee><name>1voiI87D</name><position>Cashier</position><hourlyWage>17.97</hourlyWage></employee><employee><name>AGpBEfvN</name><position>Cook</position><hourlyWage>12.77</hourlyWage></employee></employees><operatingHours><day><name>Monday</name><openingTime>09:00</openingTime><closingTime>22:00</closingTime></day><day><name>Tuesday</name><openingTime>09:00</openingTime><closingTime>22:00</closingTime></day><day><name>Wednesday</name><openingTime>09:00</openingTime><closingTime>22:00</closingTime></day><day><name>Thursday</name><openingTime>09:00</openingTime><closingTime>22:00</closingTime></day><day><name>Friday</name><openingTime>09:00</openingTime><closingTime>22:00</closingTime></day><day><name>Saturday</name><openingTime>09:00</openingTime><closingTime>22:00</closingTime></day><day><name>Sunday</name><openingTime>09:00</openingTime><closingTime>22:00</closingTime></day></operatingHours><onlineOrdering>false</onlineOrdering><loyaltyProgramEnabled>false</loyaltyProgramEnabled><driveThruAvailable>false</driveThruAvailable><language>German</language><taxReference>qPNKbCOu</taxReference><operations /></restaurantConfig>