<restaurantConfig><name>ZqXdmn22PG</name><location><city>Portland</city><zipcode>77740</zipcode></location><currency>USD</currency><timezone>EST</timezone><menu /><employees><employee><name>2QOIe1mo</name><position>Waiter</position><hourlyWage>19.13</hourlyWage></employee><employee><name>qiSGVgus</name><position>Cashier</position><hourlyWage>11.69</hourlyWage></employee><employee><name>XRdJdvek</name><position>Cook</position><hourlyWage>8.91</hourlyWage></employee><employee><name>G77e3UHd</name><position>Cook</position><hourlyWage>14.98</hourlyWage></employee><employee><name>RnDsVwpL</name><position>Manager</position><hourlyWage>17.81</hourlyWage></employee><employee><name>pOzAXa3v</name><position>Manager</position><hourlyWage>12.22</hourlyWage></employee><employee><name>50dgeoI8</name><position>Cashier</position><hourlyWage>18.0</hourlyWage></employee></employees><operatingHours><day><name>Monday</name><openingTime>09:00</openingTime><closingTime>22:00</closingTime></day><day><name>Tuesday</name><openingTime>09:00</openingTime><closingTime>22:00</closingTime></day><day><name>Wednesday</name><openingTime>09:00</openingTime><closingTime>22:00</closingTime></day><day><name>Thursday</name><openingTime>09:00</openingTime><closingTime>22:00</closingTime></day><day><name>Friday</name><openingTime>09:00</openingTime><closingTime>22:00</closingTime></day><day><name>Saturday</name><openingTime>09:00</openingTime><closingTime>22:00</closingTime></day><day><name>Sunday</name><openingTime>09:00</openingTime><closingTime>22:00</closingTime></day></operatingHours><onlineOrdering>false</onlineOrdering><loyaltyProgramEnabled>false</loyaltyProgramEnabled><driveThruAvailable>false</driveThruAvailable><language>German</language><taxReference>Hp01JaIr</taxReference><operations /></restaurantConfig>