<restaurantConfig><name>qlM79EP1GW</name><location><city>Houston</city><zipcode>54452</zipcode></location><currency>USD</currency><timezone>EST</timezone><menu><category><name>Burgers</name><item><name>McDouble</name><price>6.13</price></item><item><name>Quarter Pounder with Cheese</name><price>5.41</price></item><item><name>Big Mac</name><price>3.74</price></item><item><name>McChicken</name><price>7.34</price></item><item><name>Filet-O-Fish</name><price>3.79</price></item></category></menu><employees><employee><name>vzyWCGvp</name><position>Cook</position><hourlyWage>17.03</hourlyWage></employee><employee><name>ipuMUC4l</name><position>Manager</position><hourlyWage>12.25</hourlyWage></employee><employee><name>GnAiYrUQ</name><position>Manager</position><hourlyWage>13.32</hourlyWage></employee></employees><operatingHours><day><name>Monday</name><openingTime>09:00</openingTime><closingTime>22:00</closingTime></day><day><name>Tuesday</name><openingTime>09:00</openingTime><closingTime>22:00</closingTime></day><day><name>Wednesday</name><openingTime>09:00</openingTime><closingTime>22:00</closingTime></day><day><name>Thursday</name><openingTime>09:00</openingTime><closingTime>22:00</closingTime></day><day><name>Friday</name><openingTime>09:00</openingTime><closingTime>22:00</closingTime></day><day><name>Saturday</name><openingTime>09:00</openingTime><closingTime>22:00</closingTime></day><day><name>Sunday</name><openingTime>09:00</openingTime><closingTime>22:00</closingTime></day></operatingHours><onlineOrdering>true</onlineOrdering><loyaltyProgramEnabled>false</loyaltyProgramEnabled><driveThruAvailable>false</driveThruAvailable><language>German</language><taxReference>v0Zp5kKY</taxReference><operations /></restaurantConfig>