<restaurantConfig><name>eYX8MBJ5lq</name><location><city>Raleigh</city><zipcode>44784</zipcode></location><currency>USD</currency><timezone>EST</timezone><menu><category><name>Breakfast</name><item><name>Sausage McMuffin</name><price>8.59</price></item><item><name>Hash Browns</name><price>9.76</price></item><item><name>Hotcakes</name><price>8.37</price></item><item><name>Big Breakfast</name><price>7.76</price></item><item><name>Egg McMuffin</name><price>5.04</price></item></category></menu><employees><employee><name>rMGQ32jm</name><position>Manager</position><hourlyWage>9.19</hourlyWage></employee><employee><name>Dyy8cFPM</name><position>Cashier</position><hourlyWage>9.04</hourlyWage></employee><employee><name>kxx073nx</name><position>Cashier</position><hourlyWage>13.72</hourlyWage></employee><employee><name>l7kmGV8X</name><position>Cashier</position><hourlyWage>16.08</hourlyWage></employee><employee><name>kUvTnGHU</name><position>Cook</position><hourlyWage>18.97</hourlyWage></employee><employee><name>qSfe5f74</name><position>Cashier</position><hourlyWage>8.94</hourlyWage></employee><employee><name>y74vPTwb</name><position>Cashier</position><hourlyWage>15.52</hourlyWage></employee><employee><name>IaXogcad</name><position>Cashier</position><hourlyWage>17.62</hourlyWage></employee></employees><operatingHours><day><name>Monday</name><openingTime>09:00</openingTime><closingTime>22:00</closingTime></day><day><name>Tuesday</name><openingTime>09:00</openingTime><closingTime>22:00</closingTime></day><day><name>Wednesday</name><openingTime>09:00</openingTime><closingTime>22:00</closingTime></day><day><name>Thursday</name><openingTime>09:00</openingTime><closingTime>22:00</closingTime></day><day><name>Friday</name><openingTime>09:00</openingTime><closingTime>22:00</closingTime></day><day><name>Saturday</name><openingTime>09:00</openingTime><closingTime>22:00</closingTime></day><day><name>Sunday</name><openingTime>09:00</openingTime><closingTime>22:00</closingTime></day></operatingHours><onlineOrdering>true</onlineOrdering><loyaltyProgramEnabled>true</loyaltyProgramEnabled><driveThruAvailable>false</driveThruAvailable><language>English</language><taxReference>QOmXnNwr</taxReference><operations /></restaurantConfig>