<restaurantConfig><name>9OV29m8Vw4</name><location><city>Las Vegas</city><zipcode>87173</zipcode></location><currency>USD</currency><timezone>EST</timezone><menu><category><name>Burgers</name><item><name>Quarter Pounder with Cheese</name><price>3.25</price></item><item><name>Big Mac</name><price>5.64</price></item><item><name>Filet-O-Fish</name><price>2.44</price></item></category><category><name>Chicken &amp; Sandwiches</name><item><name>Artisan Grilled Chicken Sandwich</name><price>8.06</price></item><item><name>Buttermilk Crispy Chicken Sandwich</name><price>6.29</price></item><item><name>Spicy McChicken</name><price>4.36</price></item><item><name>McChicken Deluxe</name><price>7.58</price></item></category><category><name>Snacks &amp; Sides</name><item><name>French Fries</name><price>8.76</price></item></category></menu><employees><employee><name>V6aloGWn</name><position>Cashier</position><hourlyWage>18.88</hourlyWage></employee><employee><name>qLscC0Ek</name><position>Cook</position><hourlyWage>8.99</hourlyWage></employee><employee><name>tkW0M7XS</name><position>Cashier</position><hourlyWage>17.13</hourlyWage></employee><employee><name>svh3pgK9</name><position>Waiter</position><hourlyWage>11.29</hourlyWage></employee><employee><name>w1h9uzJn</name><position>Waiter</position><hourlyWage>9.43</hourlyWage></employee></employees><operatingHours><day><name>Monday</name><openingTime>09:00</openingTime><closingTime>22:00</closingTime></day><day><name>Tuesday</name><openingTime>09:00</openingTime><closingTime>22:00</closingTime></day><day><name>Wednesday</name><openingTime>09:00</openingTime><closingTime>22:00</closingTime></day><day><name>Thursday</name><openingTime>09:00</openingTime><closingTime>22:00</closingTime></day><day><name>Friday</name><openingTime>09:00</openingTime><closingTime>22:00</closingTime></day><day><name>Saturday</name><openingTime>09:00</openingTime><closingTime>22:00</closingTime></day><day><name>Sunday</name><openingTime>09:00</openingTime><closingTime>22:00</closingTime></day></operatingHours><onlineOrdering>false</onlineOrdering><loyaltyProgramEnabled>false</loyaltyProgramEnabled><driveThruAvailable>false</driveThruAvailable><language>Spanish</language><taxReference>D2ffWkhY</taxReference><operations /></restaurantConfig>