<restaurantConfig><name>DhJTsQ4r6l</name><location><city>Boston</city><zipcode>26506</zipcode></location><currency>USD</currency><timezone>EST</timezone><menu><category><name>Chicken &amp; Sandwiches</name><item><name>Buttermilk Crispy Chicken Sandwich</name><price>7.15</price></item><item><name>Artisan Grilled Chicken Sandwich</name><price>5.49</price></item></category></menu><employees><employee><name>LlttZPXP</name><position>Cashier</position><hourlyWage>19.1</hourlyWage></employee><employee><name>QIZVK1pA</name><position>Cook</position><hourlyWage>8.19</hourlyWage></employee><employee><name>hvHPMheA</name><position>Manager</position><hourlyWage>14.52</hourlyWage></employee><employee><name>34QEnFnO</name><position>Cook</position><hourlyWage>17.7</hourlyWage></employee><employee><name>v8Jkl26j</name><position>Cook</position><hourlyWage>14.73</hourlyWage></employee><employee><name>fWKLPB8I</name><position>Cashier</position><hourlyWage>11.97</hourlyWage></employee><employee><name>t8yW6de2</name><position>Cashier</position><hourlyWage>13.04</hourlyWage></employee><employee><name>AVnqDqGZ</name><position>Waiter</position><hourlyWage>13.23</hourlyWage></employee></employees><operatingHours><day><name>Monday</name><openingTime>09:00</openingTime><closingTime>22:00</closingTime></day><day><name>Tuesday</name><openingTime>09:00</openingTime><closingTime>22:00</closingTime></day><day><name>Wednesday</name><openingTime>09:00</openingTime><closingTime>22:00</closingTime></day><day><name>Thursday</name><openingTime>09:00</openingTime><closingTime>22:00</closingTime></day><day><name>Friday</name><openingTime>09:00</openingTime><closingTime>22:00</closingTime></day><day><name>Saturday</name><openingTime>09:00</openingTime><closingTime>22:00</closingTime></day><day><name>Sunday</name><openingTime>09:00</openingTime><closingTime>22:00</closingTime></day></operatingHours><onlineOrdering>false</onlineOrdering><loyaltyProgramEnabled>false</loyaltyProgramEnabled><driveThruAvailable>false</driveThruAvailable><language>German</language><taxReference>69mDoyyq</taxReference><operations /></restaurantConfig>