<restaurantConfig><name>SpW6edpTYT</name><location><city>Boston</city><zipcode>40993</zipcode></location><currency>USD</currency><timezone>EST</timezone><menu><category><name>Breakfast</name><item><name>Hotcakes</name><price>2.34</price></item></category></menu><employees><employee><name>MmbK2Qnm</name><position>Cook</position><hourlyWage>13.08</hourlyWage></employee><employee><name>Hst96H7Y</name><position>Cashier</position><hourlyWage>18.66</hourlyWage></employee><employee><name>YxPYlQys</name><position>Cook</position><hourlyWage>19.52</hourlyWage></employee><employee><name>abD9Hymv</name><position>Waiter</position><hourlyWage>18.89</hourlyWage></employee><employee><name>modECl5U</name><position>Cashier</position><hourlyWage>17.17</hourlyWage></employee></employees><operatingHours><day><name>Monday</name><openingTime>09:00</openingTime><closingTime>22:00</closingTime></day><day><name>Tuesday</name><openingTime>09:00</openingTime><closingTime>22:00</closingTime></day><day><name>Wednesday</name><openingTime>09:00</openingTime><closingTime>22:00</closingTime></day><day><name>Thursday</name><openingTime>09:00</openingTime><closingTime>22:00</closingTime></day><day><name>Friday</name><openingTime>09:00</openingTime><closingTime>22:00</closingTime></day><day><name>Saturday</name><openingTime>09:00</openingTime><closingTime>22:00</closingTime></day><day><name>Sunday</name><openingTime>09:00</openingTime><closingTime>22:00</closingTime></day></operatingHours><onlineOrdering>true</onlineOrdering><loyaltyProgramEnabled>false</loyaltyProgramEnabled><driveThruAvailable>false</driveThruAvailable><language>English</language><taxReference>jmRrxeUX</taxReference><operations /></restaurantConfig>