<restaurantConfig><name>gNw3gyvRHH</name><location><city>Portland</city><zipcode>52363</zipcode></location><currency>USD</currency><timezone>EST</timezone><menu><category><name>Burgers</name><item><name>McChicken</name><price>6.75</price></item></category><category><name>Salads</name><item><name>Side Salad</name><price>3.86</price></item></category><category><name>Snacks &amp; Sides</name><item><name>French Fries</name><price>9.61</price></item></category></menu><employees><employee><name>hfegg20h</name><position>Cashier</position><hourlyWage>8.33</hourlyWage></employee><employee><name>QQhP3N97</name><position>Cashier</position><hourlyWage>12.27</hourlyWage></employee><employee><name>vehkDfdo</name><position>Waiter</position><hourlyWage>17.08</hourlyWage></employee><employee><name>nBL7RfPM</name><position>Cashier</position><hourlyWage>16.07</hourlyWage></employee><employee><name>bQjW7zyc</name><position>Manager</position><hourlyWage>18.89</hourlyWage></employee><employee><name>0gYaBGuv</name><position>Cook</position><hourlyWage>12.35</hourlyWage></employee><employee><name>QfHpuOuT</name><position>Cashier</position><hourlyWage>8.89</hourlyWage></employee><employee><name>9SoK1byC</name><position>Cook</position><hourlyWage>19.06</hourlyWage></employee><employee><name>SwjE0X75</name><position>Waiter</position><hourlyWage>10.62</hourlyWage></employee><employee><name>C5eAIpPI</name><position>Waiter</position><hourlyWage>19.05</hourlyWage></employee></employees><operatingHours><day><name>Monday</name><openingTime>09:00</openingTime><closingTime>22:00</closingTime></day><day><name>Tuesday</name><openingTime>09:00</openingTime><closingTime>22:00</closingTime></day><day><name>Wednesday</name><openingTime>09:00</openingTime><closingTime>22:00</closingTime></day><day><name>Thursday</name><openingTime>09:00</openingTime><closingTime>22:00</closingTime></day><day><name>Friday</name><openingTime>09:00</openingTime><closingTime>22:00</closingTime></day><day><name>Saturday</name><openingTime>09:00</openingTime><closingTime>22:00</closingTime></day><day><name>Sunday</name><openingTime>09:00</openingTime><closingTime>22:00</closingTime></day></operatingHours><onlineOrdering>false</onlineOrdering><loyaltyProgramEnabled>true</loyaltyProgramEnabled><driveThruAvailable>true</driveThruAvailable><language>English</language><taxReference>QHHB8rSi</taxReference><operations /></restaurantConfig>