<restaurantConfig><name>baGLIo3MxN</name><location><city>San Jose</city><zipcode>18042</zipcode></location><currency>USD</currency><timezone>EST</timezone><menu><category><name>Burgers</name><item><name>Filet-O-Fish</name><price>8.59</price></item><item><name>Big Mac</name><price>7.15</price></item><item><name>McChicken</name><price>8.6</price></item><item><name>Quarter Pounder with Cheese</name><price>8.02</price></item></category><category><name>Breakfast</name><item><name>Hotcakes</name><price>1.37</price></item><item><name>Hash Browns</name><price>3.35</price></item><item><name>Big Breakfast</name><price>2.92</price></item><item><name>Egg McMuffin</name><price>6.6</price></item><item><name>Sausage McMuffin</name><price>3.91</price></item></category></menu><employees><employee><name>WEl3XnVg</name><position>Waiter</position><hourlyWage>12.7</hourlyWage></employee><employee><name>uwOod7my</name><position>Cook</position><hourlyWage>15.65</hourlyWage></employee><employee><name>FIOYAuXI</name><position>Manager</position><hourlyWage>16.56</hourlyWage></employee><employee><name>RvtcBhPf</name><position>Manager</position><hourlyWage>10.87</hourlyWage></employee><employee><name>avCQqnyx</name><position>Cook</position><hourlyWage>9.8</hourlyWage></employee><employee><name>NwrEFGDF</name><position>Cashier</position><hourlyWage>16.68</hourlyWage></employee><employee><name>di6L6f2m</name><position>Waiter</position><hourlyWage>14.64</hourlyWage></employee><employee><name>JRVgsNwW</name><position>Cashier</position><hourlyWage>9.12</hourlyWage></employee><employee><name>SotPl5tv</name><position>Manager</position><hourlyWage>18.79</hourlyWage></employee><employee><name>uR8eo4oA</name><position>Manager</position><hourlyWage>19.62</hourlyWage></employee></employees><operatingHours><day><name>Monday</name><openingTime>09:00</openingTime><closingTime>22:00</closingTime></day><day><name>Tuesday</name><openingTime>09:00</openingTime><closingTime>22:00</closingTime></day><day><name>Wednesday</name><openingTime>09:00</openingTime><closingTime>22:00</closingTime></day><day><name>Thursday</name><openingTime>09:00</openingTime><closingTime>22:00</closingTime></day><day><name>Friday</name><openingTime>09:00</openingTime><closingTime>22:00</closingTime></day><day><name>Saturday</name><openingTime>09:00</openingTime><closingTime>22:00</closingTime></day><day><name>Sunday</name><openingTime>09:00</openingTime><closingTime>22:00</closingTime></day></operatingHours><onlineOrdering>false</onlineOrdering><loyaltyProgramEnabled>false</loyaltyProgramEnabled><driveThruAvailable>true</driveThruAvailable><language>German</language><taxReference>7n5yaYXs</taxReference><operations /></restaurantConfig>