<restaurantConfig><name>26mveZFeib</name><location><city>Chicago</city><zipcode>61799</zipcode></location><currency>USD</currency><timezone>EST</timezone><menu><category><name>Chicken &amp; Sandwiches</name><item><name>Artisan Grilled Chicken Sandwich</name><price>3.6</price></item><item><name>Spicy McChicken</name><price>4.46</price></item><item><name>Buttermilk Crispy Chicken Sandwich</name><price>9.44</price></item></category><category><name>Salads</name><item><name>Southwest Grilled Chicken Salad</name><price>4.76</price></item><item><name>Side Salad</name><price>5.11</price></item></category><category><name>Breakfast</name><item><name>Hash Browns</name><price>7.66</price></item><item><name>Hotcakes</name><price>8.97</price></item></category><category><name>Snacks &amp; Sides</name><item><name>McNuggets</name><price>6.11</price></item><item><name>French Fries</name><price>7.07</price></item></category></menu><employees><employee><name>muwhOQs1</name><position>Cook</position><hourlyWage>9.56</hourlyWage></employee></employees><operatingHours><day><name>Monday</name><openingTime>09:00</openingTime><closingTime>22:00</closingTime></day><day><name>Tuesday</name><openingTime>09:00</openingTime><closingTime>22:00</closingTime></day><day><name>Wednesday</name><openingTime>09:00</openingTime><closingTime>22:00</closingTime></day><day><name>Thursday</name><openingTime>09:00</openingTime><closingTime>22:00</closingTime></day><day><name>Friday</name><openingTime>09:00</openingTime><closingTime>22:00</closingTime></day><day><name>Saturday</name><openingTime>09:00</openingTime><closingTime>22:00</closingTime></day><day><name>Sunday</name><openingTime>09:00</openingTime><closingTime>22:00</closingTime></day></operatingHours><onlineOrdering>false</onlineOrdering><loyaltyProgramEnabled>false</loyaltyProgramEnabled><driveThruAvailable>true</driveThruAvailable><language>English</language><taxReference>NGp5u1DR</taxReference><operations /></restaurantConfig>