<restaurantConfig><name>MPVCGXQJoJ</name><location><city>Las Vegas</city><zipcode>80659</zipcode></location><currency>USD</currency><timezone>EST</timezone><menu /><employees><employee><name>exa49Fri</name><position>Cook</position><hourlyWage>12.67</hourlyWage></employee><employee><name>vWOSmz4L</name><position>Cook</position><hourlyWage>18.38</hourlyWage></employee><employee><name>QvuROjuU</name><position>Cook</position><hourlyWage>9.71</hourlyWage></employee><employee><name>sINjBsI7</name><position>Cashier</position><hourlyWage>9.04</hourlyWage></employee><employee><name>WOTZd7rG</name><position>Manager</position><hourlyWage>16.79</hourlyWage></employee></employees><operatingHours><day><name>Monday</name><openingTime>09:00</openingTime><closingTime>22:00</closingTime></day><day><name>Tuesday</name><openingTime>09:00</openingTime><closingTime>22:00</closingTime></day><day><name>Wednesday</name><openingTime>09:00</openingTime><closingTime>22:00</closingTime></day><day><name>Thursday</name><openingTime>09:00</openingTime><closingTime>22:00</closingTime></day><day><name>Friday</name><openingTime>09:00</openingTime><closingTime>22:00</closingTime></day><day><name>Saturday</name><openingTime>09:00</openingTime><closingTime>22:00</closingTime></day><day><name>Sunday</name><openingTime>09:00</openingTime><closingTime>22:00</closingTime></day></operatingHours><onlineOrdering>true</onlineOrdering><loyaltyProgramEnabled>true</loyaltyProgramEnabled><driveThruAvailable>true</driveThruAvailable><language>German</language><taxReference>yU2glHQ1</taxReference><operations /></restaurantConfig>