<restaurantConfig><name>hC2Hy0m7g2</name><location><city>Dallas</city><zipcode>77106</zipcode></location><currency>USD</currency><timezone>EST</timezone><menu><category><name>Chicken &amp; Sandwiches</name><item><name>Buttermilk Crispy Chicken Sandwich</name><price>1.59</price></item></category><category><name>Snacks &amp; Sides</name><item><name>Apple Slices</name><price>7.96</price></item></category></menu><employees><employee><name>13L5O25J</name><position>Manager</position><hourlyWage>12.77</hourlyWage></employee><employee><name>acxmUnvd</name><position>Manager</position><hourlyWage>11.07</hourlyWage></employee><employee><name>OY8cLysd</name><position>Manager</position><hourlyWage>10.99</hourlyWage></employee><employee><name>JlYBX1Zp</name><position>Manager</position><hourlyWage>9.55</hourlyWage></employee><employee><name>CJB0bvgX</name><position>Cashier</position><hourlyWage>19.96</hourlyWage></employee><employee><name>qhCT1blE</name><position>Cashier</position><hourlyWage>8.1</hourlyWage></employee></employees><operatingHours><day><name>Monday</name><openingTime>09:00</openingTime><closingTime>22:00</closingTime></day><day><name>Tuesday</name><openingTime>09:00</openingTime><closingTime>22:00</closingTime></day><day><name>Wednesday</name><openingTime>09:00</openingTime><closingTime>22:00</closingTime></day><day><name>Thursday</name><openingTime>09:00</openingTime><closingTime>22:00</closingTime></day><day><name>Friday</name><openingTime>09:00</openingTime><closingTime>22:00</closingTime></day><day><name>Saturday</name><openingTime>09:00</openingTime><closingTime>22:00</closingTime></day><day><name>Sunday</name><openingTime>09:00</openingTime><closingTime>22:00</closingTime></day></operatingHours><onlineOrdering>false</onlineOrdering><loyaltyProgramEnabled>true</loyaltyProgramEnabled><driveThruAvailable>false</driveThruAvailable><language>French</language><taxReference>KANYRwM5</taxReference><operations /></restaurantConfig>