<restaurantConfig><name>38ubPalBjC</name><location><city>Chicago</city><zipcode>73329</zipcode></location><currency>USD</currency><timezone>EST</timezone><menu><category><name>Chicken &amp; Sandwiches</name><item><name>Buttermilk Crispy Chicken Sandwich</name><price>7.58</price></item><item><name>Spicy McChicken</name><price>3.56</price></item></category><category><name>Breakfast</name><item><name>Hotcakes</name><price>4.21</price></item><item><name>Hash Browns</name><price>4.08</price></item></category><category><name>Snacks &amp; Sides</name><item><name>French Fries</name><price>4.7</price></item><item><name>Apple Slices</name><price>1.88</price></item></category></menu><employees><employee><name>7i2LDK1q</name><position>Waiter</position><hourlyWage>17.91</hourlyWage></employee><employee><name>nYrvjtOu</name><position>Cook</position><hourlyWage>11.65</hourlyWage></employee></employees><operatingHours><day><name>Monday</name><openingTime>09:00</openingTime><closingTime>22:00</closingTime></day><day><name>Tuesday</name><openingTime>09:00</openingTime><closingTime>22:00</closingTime></day><day><name>Wednesday</name><openingTime>09:00</openingTime><closingTime>22:00</closingTime></day><day><name>Thursday</name><openingTime>09:00</openingTime><closingTime>22:00</closingTime></day><day><name>Friday</name><openingTime>09:00</openingTime><closingTime>22:00</closingTime></day><day><name>Saturday</name><openingTime>09:00</openingTime><closingTime>22:00</closingTime></day><day><name>Sunday</name><openingTime>09:00</openingTime><closingTime>22:00</closingTime></day></operatingHours><onlineOrdering>true</onlineOrdering><loyaltyProgramEnabled>false</loyaltyProgramEnabled><driveThruAvailable>false</driveThruAvailable><language>French</language><taxReference>hAf7PUsy</taxReference><operations /></restaurantConfig>