<restaurantConfig><name>uY8qWtJ6bP</name><location><city>Detroit</city><zipcode>78069</zipcode></location><currency>USD</currency><timezone>EST</timezone><menu><category><name>Burgers</name><item><name>Big Mac</name><price>4.37</price></item><item><name>McChicken</name><price>8.23</price></item><item><name>McDouble</name><price>4.6</price></item></category><category><name>Chicken &amp; Sandwiches</name><item><name>Artisan Grilled Chicken Sandwich</name><price>6.25</price></item><item><name>McChicken Deluxe</name><price>4.65</price></item><item><name>Buttermilk Crispy Chicken Sandwich</name><price>1.2</price></item><item><name>Spicy McChicken</name><price>7.46</price></item></category></menu><employees><employee><name>nDuahWsO</name><position>Waiter</position><hourlyWage>18.44</hourlyWage></employee><employee><name>Hntgy0Jb</name><position>Cashier</position><hourlyWage>9.1</hourlyWage></employee><employee><name>sFJZaxtv</name><position>Cook</position><hourlyWage>8.84</hourlyWage></employee><employee><name>5ZnvucC0</name><position>Cashier</position><hourlyWage>15.5</hourlyWage></employee><employee><name>lYh3l07O</name><position>Waiter</position><hourlyWage>15.44</hourlyWage></employee><employee><name>XW15W7dH</name><position>Manager</position><hourlyWage>16.63</hourlyWage></employee></employees><operatingHours><day><name>Monday</name><openingTime>09:00</openingTime><closingTime>22:00</closingTime></day><day><name>Tuesday</name><openingTime>09:00</openingTime><closingTime>22:00</closingTime></day><day><name>Wednesday</name><openingTime>09:00</openingTime><closingTime>22:00</closingTime></day><day><name>Thursday</name><openingTime>09:00</openingTime><closingTime>22:00</closingTime></day><day><name>Friday</name><openingTime>09:00</openingTime><closingTime>22:00</closingTime></day><day><name>Saturday</name><openingTime>09:00</openingTime><closingTime>22:00</closingTime></day><day><name>Sunday</name><openingTime>09:00</openingTime><closingTime>22:00</closingTime></day></operatingHours><onlineOrdering>false</onlineOrdering><loyaltyProgramEnabled>true</loyaltyProgramEnabled><driveThruAvailable>true</driveThruAvailable><language>French</language><taxReference>eKQ8eXc6</taxReference><operations /></restaurantConfig>