<restaurantConfig><name>91LEX3cgkq</name><location><city>Tucson</city><zipcode>66591</zipcode></location><currency>USD</currency><timezone>EST</timezone><menu><category><name>Chicken &amp; Sandwiches</name><item><name>Buttermilk Crispy Chicken Sandwich</name><price>2.92</price></item></category><category><name>Breakfast</name><item><name>Sausage McMuffin</name><price>7.13</price></item><item><name>Big Breakfast</name><price>8.91</price></item><item><name>Hotcakes</name><price>9.53</price></item><item><name>Hash Browns</name><price>8.24</price></item><item><name>Egg McMuffin</name><price>4.44</price></item></category></menu><employees><employee><name>vqZiLEIc</name><position>Manager</position><hourlyWage>10.75</hourlyWage></employee><employee><name>kMoaXpKu</name><position>Waiter</position><hourlyWage>14.83</hourlyWage></employee><employee><name>K7wmH27J</name><position>Cook</position><hourlyWage>12.34</hourlyWage></employee><employee><name>EnSVIMZS</name><position>Cook</position><hourlyWage>16.48</hourlyWage></employee><employee><name>D9i67nlk</name><position>Manager</position><hourlyWage>9.93</hourlyWage></employee><employee><name>gULTtG7M</name><position>Cook</position><hourlyWage>17.68</hourlyWage></employee><employee><name>IBRajqcM</name><position>Cook</position><hourlyWage>9.55</hourlyWage></employee><employee><name>Xq4P4RII</name><position>Manager</position><hourlyWage>14.52</hourlyWage></employee></employees><operatingHours><day><name>Monday</name><openingTime>09:00</openingTime><closingTime>22:00</closingTime></day><day><name>Tuesday</name><openingTime>09:00</openingTime><closingTime>22:00</closingTime></day><day><name>Wednesday</name><openingTime>09:00</openingTime><closingTime>22:00</closingTime></day><day><name>Thursday</name><openingTime>09:00</openingTime><closingTime>22:00</closingTime></day><day><name>Friday</name><openingTime>09:00</openingTime><closingTime>22:00</closingTime></day><day><name>Saturday</name><openingTime>09:00</openingTime><closingTime>22:00</closingTime></day><day><name>Sunday</name><openingTime>09:00</openingTime><closingTime>22:00</closingTime></day></operatingHours><onlineOrdering>true</onlineOrdering><loyaltyProgramEnabled>true</loyaltyProgramEnabled><driveThruAvailable>true</driveThruAvailable><language>German</language><taxReference>MGDTRl61</taxReference><operations /></restaurantConfig>