<restaurantConfig><name>mYplWJcSd6</name><location><city>Dallas</city><zipcode>96064</zipcode></location><currency>USD</currency><timezone>EST</timezone><menu><category><name>Burgers</name><item><name>Big Mac</name><price>6.66</price></item><item><name>McChicken</name><price>1.6</price></item><item><name>Quarter Pounder with Cheese</name><price>7.13</price></item><item><name>McDouble</name><price>8.12</price></item><item><name>Filet-O-Fish</name><price>2.41</price></item></category><category><name>Breakfast</name><item><name>Egg McMuffin</name><price>9.36</price></item><item><name>Hash Browns</name><price>8.98</price></item><item><name>Hotcakes</name><price>4.7</price></item><item><name>Sausage McMuffin</name><price>5.77</price></item><item><name>Big Breakfast</name><price>9.06</price></item></category><category><name>Snacks &amp; Sides</name><item><name>French Fries</name><price>6.0</price></item></category></menu><employees><employee><name>Btox7SkL</name><position>Cook</position><hourlyWage>13.77</hourlyWage></employee><employee><name>BUsB3Yrv</name><position>Cook</position><hourlyWage>10.14</hourlyWage></employee><employee><name>zfWaxZJC</name><position>Manager</position><hourlyWage>14.78</hourlyWage></employee><employee><name>trFXM77a</name><position>Waiter</position><hourlyWage>13.5</hourlyWage></employee><employee><name>HOy5c9uj</name><position>Cook</position><hourlyWage>15.46</hourlyWage></employee></employees><operatingHours><day><name>Monday</name><openingTime>09:00</openingTime><closingTime>22:00</closingTime></day><day><name>Tuesday</name><openingTime>09:00</openingTime><closingTime>22:00</closingTime></day><day><name>Wednesday</name><openingTime>09:00</openingTime><closingTime>22:00</closingTime></day><day><name>Thursday</name><openingTime>09:00</openingTime><closingTime>22:00</closingTime></day><day><name>Friday</name><openingTime>09:00</openingTime><closingTime>22:00</closingTime></day><day><name>Saturday</name><openingTime>09:00</openingTime><closingTime>22:00</closingTime></day><day><name>Sunday</name><openingTime>09:00</openingTime><closingTime>22:00</closingTime></day></operatingHours><onlineOrdering>true</onlineOrdering><loyaltyProgramEnabled>false</loyaltyProgramEnabled><driveThruAvailable>true</driveThruAvailable><language>German</language><taxReference>vXIGPcNE</taxReference><operations /></restaurantConfig>