<restaurantConfig><name>j3nGYzgTXe</name><location><city>Oklahoma City</city><zipcode>17009</zipcode></location><currency>USD</currency><timezone>EST</timezone><menu><category><name>Salads</name><item><name>Bacon Ranch Salad</name><price>3.14</price></item></category><category><name>Breakfast</name><item><name>Egg McMuffin</name><price>3.36</price></item><item><name>Big Breakfast</name><price>1.18</price></item><item><name>Hash Browns</name><price>4.44</price></item></category></menu><employees><employee><name>gEndjh16</name><position>Waiter</position><hourlyWage>19.61</hourlyWage></employee><employee><name>P3qhtYzt</name><position>Cashier</position><hourlyWage>12.44</hourlyWage></employee><employee><name>GDoHg0nh</name><position>Cashier</position><hourlyWage>17.71</hourlyWage></employee><employee><name>U6EDLzfE</name><position>Cashier</position><hourlyWage>8.85</hourlyWage></employee><employee><name>HjMpQCLb</name><position>Waiter</position><hourlyWage>19.87</hourlyWage></employee><employee><name>XiDJmFyK</name><position>Manager</position><hourlyWage>11.86</hourlyWage></employee><employee><name>VwMCnV5s</name><position>Waiter</position><hourlyWage>19.92</hourlyWage></employee><employee><name>LK4U9whm</name><position>Cashier</position><hourlyWage>16.0</hourlyWage></employee><employee><name>4ZbbRnlG</name><position>Cook</position><hourlyWage>10.35</hourlyWage></employee></employees><operatingHours><day><name>Monday</name><openingTime>09:00</openingTime><closingTime>22:00</closingTime></day><day><name>Tuesday</name><openingTime>09:00</openingTime><closingTime>22:00</closingTime></day><day><name>Wednesday</name><openingTime>09:00</openingTime><closingTime>22:00</closingTime></day><day><name>Thursday</name><openingTime>09:00</openingTime><closingTime>22:00</closingTime></day><day><name>Friday</name><openingTime>09:00</openingTime><closingTime>22:00</closingTime></day><day><name>Saturday</name><openingTime>09:00</openingTime><closingTime>22:00</closingTime></day><day><name>Sunday</name><openingTime>09:00</openingTime><closingTime>22:00</closingTime></day></operatingHours><onlineOrdering>false</onlineOrdering><loyaltyProgramEnabled>true</loyaltyProgramEnabled><driveThruAvailable>true</driveThruAvailable><language>French</language><taxReference>m250ET3A</taxReference><operations /></restaurantConfig>