<restaurantConfig><name>I74WIVwpKf</name><location><city>Minneapolis</city><zipcode>24054</zipcode></location><currency>USD</currency><timezone>EST</timezone><menu><category><name>Breakfast</name><item><name>Big Breakfast</name><price>7.93</price></item></category></menu><employees><employee><name>0yNu1HDw</name><position>Manager</position><hourlyWage>18.2</hourlyWage></employee><employee><name>TVUhPol7</name><position>Manager</position><hourlyWage>14.04</hourlyWage></employee><employee><name>5bzd7Mu3</name><position>Manager</position><hourlyWage>11.56</hourlyWage></employee><employee><name>DzEbmR9g</name><position>Cook</position><hourlyWage>12.68</hourlyWage></employee><employee><name>U7gDLLS9</name><position>Manager</position><hourlyWage>19.5</hourlyWage></employee><employee><name>qnO4dds3</name><position>Cook</position><hourlyWage>10.42</hourlyWage></employee></employees><operatingHours><day><name>Monday</name><openingTime>09:00</openingTime><closingTime>22:00</closingTime></day><day><name>Tuesday</name><openingTime>09:00</openingTime><closingTime>22:00</closingTime></day><day><name>Wednesday</name><openingTime>09:00</openingTime><closingTime>22:00</closingTime></day><day><name>Thursday</name><openingTime>09:00</openingTime><closingTime>22:00</closingTime></day><day><name>Friday</name><openingTime>09:00</openingTime><closingTime>22:00</closingTime></day><day><name>Saturday</name><openingTime>09:00</openingTime><closingTime>22:00</closingTime></day><day><name>Sunday</name><openingTime>09:00</openingTime><closingTime>22:00</closingTime></day></operatingHours><onlineOrdering>true</onlineOrdering><loyaltyProgramEnabled>false</loyaltyProgramEnabled><driveThruAvailable>false</driveThruAvailable><language>English</language><taxReference>YNAR19Oe</taxReference><operations /></restaurantConfig>