<restaurantConfig><name>x36duEgAUN</name><location><city>Baltimore</city><zipcode>90322</zipcode></location><currency>USD</currency><timezone>EST</timezone><menu><category><name>Burgers</name><item><name>McChicken</name><price>6.23</price></item></category><category><name>Salads</name><item><name>Side Salad</name><price>8.64</price></item><item><name>Southwest Grilled Chicken Salad</name><price>7.14</price></item></category><category><name>Snacks &amp; Sides</name><item><name>Apple Slices</name><price>5.8</price></item><item><name>McNuggets</name><price>9.78</price></item><item><name>French Fries</name><price>6.45</price></item></category></menu><employees><employee><name>BIKTkufN</name><position>Waiter</position><hourlyWage>8.78</hourlyWage></employee><employee><name>6Sjlw8Sj</name><position>Waiter</position><hourlyWage>10.25</hourlyWage></employee><employee><name>wtwTORTo</name><position>Manager</position><hourlyWage>18.84</hourlyWage></employee><employee><name>o8VJB8Nt</name><position>Cashier</position><hourlyWage>16.79</hourlyWage></employee><employee><name>UtzMqaEG</name><position>Cook</position><hourlyWage>13.2</hourlyWage></employee><employee><name>6Fe02rT3</name><position>Cook</position><hourlyWage>17.7</hourlyWage></employee></employees><operatingHours><day><name>Monday</name><openingTime>09:00</openingTime><closingTime>22:00</closingTime></day><day><name>Tuesday</name><openingTime>09:00</openingTime><closingTime>22:00</closingTime></day><day><name>Wednesday</name><openingTime>09:00</openingTime><closingTime>22:00</closingTime></day><day><name>Thursday</name><openingTime>09:00</openingTime><closingTime>22:00</closingTime></day><day><name>Friday</name><openingTime>09:00</openingTime><closingTime>22:00</closingTime></day><day><name>Saturday</name><openingTime>09:00</openingTime><closingTime>22:00</closingTime></day><day><name>Sunday</name><openingTime>09:00</openingTime><closingTime>22:00</closingTime></day></operatingHours><onlineOrdering>false</onlineOrdering><loyaltyProgramEnabled>false</loyaltyProgramEnabled><driveThruAvailable>false</driveThruAvailable><language>French</language><taxReference>BBvQvjOe</taxReference><operations /></restaurantConfig>