<restaurantConfig><name>QGMwV1BkxM</name><location><city>Long Beach</city><zipcode>87296</zipcode></location><currency>USD</currency><timezone>EST</timezone><menu><category><name>Burgers</name><item><name>Quarter Pounder with Cheese</name><price>4.83</price></item><item><name>McChicken</name><price>7.06</price></item></category><category><name>Chicken &amp; Sandwiches</name><item><name>Artisan Grilled Chicken Sandwich</name><price>1.88</price></item></category><category><name>Breakfast</name><item><name>Big Breakfast</name><price>1.25</price></item><item><name>Egg McMuffin</name><price>3.07</price></item><item><name>Hash Browns</name><price>8.95</price></item><item><name>Sausage McMuffin</name><price>5.53</price></item><item><name>Hotcakes</name><price>8.92</price></item></category></menu><employees><employee><name>7frEhazc</name><position>Cashier</position><hourlyWage>15.61</hourlyWage></employee><employee><name>fZKRjeGH</name><position>Waiter</position><hourlyWage>15.69</hourlyWage></employee><employee><name>Fwrsl4YJ</name><position>Cook</position><hourlyWage>8.08</hourlyWage></employee><employee><name>zZCvUJ6M</name><position>Cook</position><hourlyWage>11.07</hourlyWage></employee><employee><name>WOsCSJLs</name><position>Cashier</position><hourlyWage>14.93</hourlyWage></employee><employee><name>ry154WNF</name><position>Manager</position><hourlyWage>12.24</hourlyWage></employee><employee><name>d4DJL3uw</name><position>Manager</position><hourlyWage>10.09</hourlyWage></employee><employee><name>M5tGeXEc</name><position>Cook</position><hourlyWage>18.27</hourlyWage></employee></employees><operatingHours><day><name>Monday</name><openingTime>09:00</openingTime><closingTime>22:00</closingTime></day><day><name>Tuesday</name><openingTime>09:00</openingTime><closingTime>22:00</closingTime></day><day><name>Wednesday</name><openingTime>09:00</openingTime><closingTime>22:00</closingTime></day><day><name>Thursday</name><openingTime>09:00</openingTime><closingTime>22:00</closingTime></day><day><name>Friday</name><openingTime>09:00</openingTime><closingTime>22:00</closingTime></day><day><name>Saturday</name><openingTime>09:00</openingTime><closingTime>22:00</closingTime></day><day><name>Sunday</name><openingTime>09:00</openingTime><closingTime>22:00</closingTime></day></operatingHours><onlineOrdering>true</onlineOrdering><loyaltyProgramEnabled>true</loyaltyProgramEnabled><driveThruAvailable>true</driveThruAvailable><language>French</language><taxReference>vj92repI</taxReference><operations /></restaurantConfig>