<restaurantConfig><name>YSHc8Y3PPz</name><location><city>Baltimore</city><zipcode>99155</zipcode></location><currency>USD</currency><timezone>EST</timezone><menu><category><name>Salads</name><item><name>Side Salad</name><price>6.57</price></item><item><name>Southwest Grilled Chicken Salad</name><price>8.38</price></item></category><category><name>Snacks &amp; Sides</name><item><name>McNuggets</name><price>5.1</price></item></category></menu><employees><employee><name>lOx6gL5m</name><position>Cashier</position><hourlyWage>15.39</hourlyWage></employee><employee><name>weW2ICI0</name><position>Manager</position><hourlyWage>18.67</hourlyWage></employee><employee><name>MLNoxsXu</name><position>Cook</position><hourlyWage>16.03</hourlyWage></employee><employee><name>cM8B1IWd</name><position>Manager</position><hourlyWage>9.22</hourlyWage></employee><employee><name>IeZ0bEqH</name><position>Manager</position><hourlyWage>16.34</hourlyWage></employee><employee><name>xyvdEzMz</name><position>Waiter</position><hourlyWage>11.69</hourlyWage></employee></employees><operatingHours><day><name>Monday</name><openingTime>09:00</openingTime><closingTime>22:00</closingTime></day><day><name>Tuesday</name><openingTime>09:00</openingTime><closingTime>22:00</closingTime></day><day><name>Wednesday</name><openingTime>09:00</openingTime><closingTime>22:00</closingTime></day><day><name>Thursday</name><openingTime>09:00</openingTime><closingTime>22:00</closingTime></day><day><name>Friday</name><openingTime>09:00</openingTime><closingTime>22:00</closingTime></day><day><name>Saturday</name><openingTime>09:00</openingTime><closingTime>22:00</closingTime></day><day><name>Sunday</name><openingTime>09:00</openingTime><closingTime>22:00</closingTime></day></operatingHours><onlineOrdering>false</onlineOrdering><loyaltyProgramEnabled>false</loyaltyProgramEnabled><driveThruAvailable>false</driveThruAvailable><language>French</language><taxReference>ri3Fn2mE</taxReference><operations /></restaurantConfig>