<restaurantConfig><name>eIAbwacVvf</name><location><city>Nashville</city><zipcode>35634</zipcode></location><currency>USD</currency><timezone>EST</timezone><menu><category><name>Chicken &amp; Sandwiches</name><item><name>Spicy McChicken</name><price>7.18</price></item><item><name>Buttermilk Crispy Chicken Sandwich</name><price>7.27</price></item></category></menu><employees><employee><name>e4k0lBmY</name><position>Cashier</position><hourlyWage>15.38</hourlyWage></employee><employee><name>j5bXV7hJ</name><position>Manager</position><hourlyWage>16.2</hourlyWage></employee><employee><name>8nMjDbCr</name><position>Cashier</position><hourlyWage>9.2</hourlyWage></employee><employee><name>AK7eVYtn</name><position>Waiter</position><hourlyWage>13.58</hourlyWage></employee><employee><name>eHl2dZjF</name><position>Waiter</position><hourlyWage>12.21</hourlyWage></employee><employee><name>MPQSVKxg</name><position>Waiter</position><hourlyWage>16.98</hourlyWage></employee><employee><name>Kz95ntFl</name><position>Cashier</position><hourlyWage>14.17</hourlyWage></employee><employee><name>H9Msv9wv</name><position>Cook</position><hourlyWage>11.74</hourlyWage></employee><employee><name>3vCmTjAr</name><position>Cook</position><hourlyWage>17.01</hourlyWage></employee><employee><name>sSNybO52</name><position>Cook</position><hourlyWage>19.53</hourlyWage></employee></employees><operatingHours><day><name>Monday</name><openingTime>09:00</openingTime><closingTime>22:00</closingTime></day><day><name>Tuesday</name><openingTime>09:00</openingTime><closingTime>22:00</closingTime></day><day><name>Wednesday</name><openingTime>09:00</openingTime><closingTime>22:00</closingTime></day><day><name>Thursday</name><openingTime>09:00</openingTime><closingTime>22:00</closingTime></day><day><name>Friday</name><openingTime>09:00</openingTime><closingTime>22:00</closingTime></day><day><name>Saturday</name><openingTime>09:00</openingTime><closingTime>22:00</closingTime></day><day><name>Sunday</name><openingTime>09:00</openingTime><closingTime>22:00</closingTime></day></operatingHours><onlineOrdering>true</onlineOrdering><loyaltyProgramEnabled>true</loyaltyProgramEnabled><driveThruAvailable>false</driveThruAvailable><language>English</language><taxReference>T3hit864</taxReference><operations /></restaurantConfig>