<restaurantConfig><name>uSJaCVX8F6</name><location><city>Long Beach</city><zipcode>46634</zipcode></location><currency>USD</currency><timezone>EST</timezone><menu><category><name>Burgers</name><item><name>Filet-O-Fish</name><price>7.63</price></item><item><name>McChicken</name><price>3.25</price></item><item><name>McDouble</name><price>6.32</price></item></category><category><name>Salads</name><item><name>Bacon Ranch Salad</name><price>3.07</price></item><item><name>Side Salad</name><price>2.33</price></item></category><category><name>Snacks &amp; Sides</name><item><name>Apple Slices</name><price>3.65</price></item><item><name>McNuggets</name><price>5.52</price></item></category></menu><employees><employee><name>qDDdEElv</name><position>Cashier</position><hourlyWage>11.97</hourlyWage></employee><employee><name>Tsqka4Eq</name><position>Waiter</position><hourlyWage>19.17</hourlyWage></employee><employee><name>RcFUOSYh</name><position>Cashier</position><hourlyWage>16.94</hourlyWage></employee><employee><name>teXFxoSb</name><position>Cook</position><hourlyWage>19.56</hourlyWage></employee><employee><name>SYa1mfnz</name><position>Cook</position><hourlyWage>8.54</hourlyWage></employee><employee><name>dCj6IJiK</name><position>Waiter</position><hourlyWage>8.05</hourlyWage></employee><employee><name>li6PpCdT</name><position>Manager</position><hourlyWage>16.61</hourlyWage></employee><employee><name>ylgIeiLt</name><position>Manager</position><hourlyWage>9.99</hourlyWage></employee><employee><name>mUwKekOZ</name><position>Cook</position><hourlyWage>17.8</hourlyWage></employee></employees><operatingHours><day><name>Monday</name><openingTime>09:00</openingTime><closingTime>22:00</closingTime></day><day><name>Tuesday</name><openingTime>09:00</openingTime><closingTime>22:00</closingTime></day><day><name>Wednesday</name><openingTime>09:00</openingTime><closingTime>22:00</closingTime></day><day><name>Thursday</name><openingTime>09:00</openingTime><closingTime>22:00</closingTime></day><day><name>Friday</name><openingTime>09:00</openingTime><closingTime>22:00</closingTime></day><day><name>Saturday</name><openingTime>09:00</openingTime><closingTime>22:00</closingTime></day><day><name>Sunday</name><openingTime>09:00</openingTime><closingTime>22:00</closingTime></day></operatingHours><onlineOrdering>true</onlineOrdering><loyaltyProgramEnabled>false</loyaltyProgramEnabled><driveThruAvailable>true</driveThruAvailable><language>English</language><taxReference>56Jyozry</taxReference><operations /></restaurantConfig>