<restaurantConfig><name>rGd2jBkXGc</name><location><city>Sacramento</city><zipcode>39367</zipcode></location><currency>USD</currency><timezone>EST</timezone><menu><category><name>Breakfast</name><item><name>Egg McMuffin</name><price>9.85</price></item></category></menu><employees><employee><name>1Tv4RkrB</name><position>Cook</position><hourlyWage>12.32</hourlyWage></employee><employee><name>DPCuluRI</name><position>Cashier</position><hourlyWage>9.48</hourlyWage></employee><employee><name>UUGKyuUF</name><position>Cook</position><hourlyWage>14.49</hourlyWage></employee><employee><name>CalDUqR0</name><position>Cook</position><hourlyWage>16.89</hourlyWage></employee><employee><name>iApaVlOf</name><position>Manager</position><hourlyWage>15.99</hourlyWage></employee><employee><name>dEB4bNDt</name><position>Cashier</position><hourlyWage>10.23</hourlyWage></employee></employees><operatingHours><day><name>Monday</name><openingTime>09:00</openingTime><closingTime>22:00</closingTime></day><day><name>Tuesday</name><openingTime>09:00</openingTime><closingTime>22:00</closingTime></day><day><name>Wednesday</name><openingTime>09:00</openingTime><closingTime>22:00</closingTime></day><day><name>Thursday</name><openingTime>09:00</openingTime><closingTime>22:00</closingTime></day><day><name>Friday</name><openingTime>09:00</openingTime><closingTime>22:00</closingTime></day><day><name>Saturday</name><openingTime>09:00</openingTime><closingTime>22:00</closingTime></day><day><name>Sunday</name><openingTime>09:00</openingTime><closingTime>22:00</closingTime></day></operatingHours><onlineOrdering>true</onlineOrdering><loyaltyProgramEnabled>false</loyaltyProgramEnabled><driveThruAvailable>true</driveThruAvailable><language>English</language><taxReference>yRGiXeGB</taxReference><operations /></restaurantConfig>