<restaurantConfig><name>p1GvjLDEC4</name><location><city>Tucson</city><zipcode>66742</zipcode></location><currency>USD</currency><timezone>EST</timezone><menu><category><name>Burgers</name><item><name>McChicken</name><price>9.66</price></item><item><name>Filet-O-Fish</name><price>7.02</price></item></category><category><name>Chicken &amp; Sandwiches</name><item><name>Spicy McChicken</name><price>5.76</price></item><item><name>Buttermilk Crispy Chicken Sandwich</name><price>6.38</price></item><item><name>McChicken Deluxe</name><price>1.05</price></item></category><category><name>Salads</name><item><name>Bacon Ranch Salad</name><price>5.11</price></item><item><name>Southwest Grilled Chicken Salad</name><price>6.98</price></item><item><name>Side Salad</name><price>3.78</price></item></category></menu><employees><employee><name>fhILSbmt</name><position>Waiter</position><hourlyWage>9.53</hourlyWage></employee><employee><name>KqA2J65Y</name><position>Waiter</position><hourlyWage>12.88</hourlyWage></employee><employee><name>w5OMfHQe</name><position>Manager</position><hourlyWage>15.73</hourlyWage></employee><employee><name>A04HAQwK</name><position>Waiter</position><hourlyWage>10.47</hourlyWage></employee><employee><name>Koytu8WT</name><position>Manager</position><hourlyWage>18.08</hourlyWage></employee><employee><name>MIIvZnxn</name><position>Waiter</position><hourlyWage>16.65</hourlyWage></employee><employee><name>5wwGTgzU</name><position>Cashier</position><hourlyWage>9.71</hourlyWage></employee><employee><name>eUCJEqHv</name><position>Manager</position><hourlyWage>8.71</hourlyWage></employee><employee><name>HODSfK8A</name><position>Cook</position><hourlyWage>11.92</hourlyWage></employee></employees><operatingHours><day><name>Monday</name><openingTime>09:00</openingTime><closingTime>22:00</closingTime></day><day><name>Tuesday</name><openingTime>09:00</openingTime><closingTime>22:00</closingTime></day><day><name>Wednesday</name><openingTime>09:00</openingTime><closingTime>22:00</closingTime></day><day><name>Thursday</name><openingTime>09:00</openingTime><closingTime>22:00</closingTime></day><day><name>Friday</name><openingTime>09:00</openingTime><closingTime>22:00</closingTime></day><day><name>Saturday</name><openingTime>09:00</openingTime><closingTime>22:00</closingTime></day><day><name>Sunday</name><openingTime>09:00</openingTime><closingTime>22:00</closingTime></day></operatingHours><onlineOrdering>false</onlineOrdering><loyaltyProgramEnabled>true</loyaltyProgramEnabled><driveThruAvailable>false</driveThruAvailable><language>Spanish</language><taxReference>ipv39hJl</taxReference><operations /></restaurantConfig>