<restaurantConfig><name>tfHyRZVgeH</name><location><city>Boston</city><zipcode>28185</zipcode></location><currency>USD</currency><timezone>EST</timezone><menu><category><name>Burgers</name><item><name>Filet-O-Fish</name><price>2.69</price></item><item><name>McDouble</name><price>3.24</price></item><item><name>Big Mac</name><price>3.72</price></item><item><name>McChicken</name><price>3.33</price></item><item><name>Quarter Pounder with Cheese</name><price>7.45</price></item></category><category><name>Chicken &amp; Sandwiches</name><item><name>Spicy McChicken</name><price>9.71</price></item><item><name>McChicken Deluxe</name><price>1.77</price></item><item><name>Artisan Grilled Chicken Sandwich</name><price>8.61</price></item><item><name>Buttermilk Crispy Chicken Sandwich</name><price>2.0</price></item></category><category><name>Salads</name><item><name>Side Salad</name><price>8.71</price></item><item><name>Bacon Ranch Salad</name><price>7.19</price></item></category><category><name>Snacks &amp; Sides</name><item><name>Apple Slices</name><price>3.78</price></item><item><name>French Fries</name><price>2.18</price></item></category></menu><employees><employee><name>ZXEu7Rsd</name><position>Waiter</position><hourlyWage>16.21</hourlyWage></employee><employee><name>k7fhOM7h</name><position>Waiter</position><hourlyWage>13.94</hourlyWage></employee><employee><name>mCWbNO7k</name><position>Waiter</position><hourlyWage>18.67</hourlyWage></employee></employees><operatingHours><day><name>Monday</name><openingTime>09:00</openingTime><closingTime>22:00</closingTime></day><day><name>Tuesday</name><openingTime>09:00</openingTime><closingTime>22:00</closingTime></day><day><name>Wednesday</name><openingTime>09:00</openingTime><closingTime>22:00</closingTime></day><day><name>Thursday</name><openingTime>09:00</openingTime><closingTime>22:00</closingTime></day><day><name>Friday</name><openingTime>09:00</openingTime><closingTime>22:00</closingTime></day><day><name>Saturday</name><openingTime>09:00</openingTime><closingTime>22:00</closingTime></day><day><name>Sunday</name><openingTime>09:00</openingTime><closingTime>22:00</closingTime></day></operatingHours><onlineOrdering>true</onlineOrdering><loyaltyProgramEnabled>false</loyaltyProgramEnabled><driveThruAvailable>false</driveThruAvailable><language>Spanish</language><taxReference>OYE8jxhI</taxReference><operations /></restaurantConfig>