<restaurantConfig><name>INRO0agjuC</name><location><city>Boston</city><zipcode>89544</zipcode></location><currency>USD</currency><timezone>EST</timezone><menu><category><name>Burgers</name><item><name>Filet-O-Fish</name><price>6.73</price></item><item><name>McDouble</name><price>8.81</price></item><item><name>Big Mac</name><price>6.06</price></item><item><name>Quarter Pounder with Cheese</name><price>5.7</price></item><item><name>McChicken</name><price>9.98</price></item></category><category><name>Chicken &amp; Sandwiches</name><item><name>Artisan Grilled Chicken Sandwich</name><price>5.92</price></item><item><name>Spicy McChicken</name><price>8.78</price></item><item><name>McChicken Deluxe</name><price>4.68</price></item><item><name>Buttermilk Crispy Chicken Sandwich</name><price>9.97</price></item></category><category><name>Breakfast</name><item><name>Big Breakfast</name><price>4.52</price></item><item><name>Egg McMuffin</name><price>9.62</price></item><item><name>Hash Browns</name><price>4.54</price></item></category><category><name>Snacks &amp; Sides</name><item><name>McNuggets</name><price>6.36</price></item><item><name>French Fries</name><price>1.37</price></item></category></menu><employees><employee><name>7Z8mwDZm</name><position>Cook</position><hourlyWage>14.59</hourlyWage></employee><employee><name>LVPlIpoA</name><position>Manager</position><hourlyWage>17.3</hourlyWage></employee><employee><name>2uR6WEzd</name><position>Cook</position><hourlyWage>17.02</hourlyWage></employee><employee><name>Xb22XoSD</name><position>Cook</position><hourlyWage>19.84</hourlyWage></employee><employee><name>yj5LxjVQ</name><position>Waiter</position><hourlyWage>15.42</hourlyWage></employee><employee><name>HSZeZOz0</name><position>Waiter</position><hourlyWage>14.0</hourlyWage></employee><employee><name>AoETcAE0</name><position>Manager</position><hourlyWage>10.44</hourlyWage></employee></employees><operatingHours><day><name>Monday</name><openingTime>09:00</openingTime><closingTime>22:00</closingTime></day><day><name>Tuesday</name><openingTime>09:00</openingTime><closingTime>22:00</closingTime></day><day><name>Wednesday</name><openingTime>09:00</openingTime><closingTime>22:00</closingTime></day><day><name>Thursday</name><openingTime>09:00</openingTime><closingTime>22:00</closingTime></day><day><name>Friday</name><openingTime>09:00</openingTime><closingTime>22:00</closingTime></day><day><name>Saturday</name><openingTime>09:00</openingTime><closingTime>22:00</closingTime></day><day><name>Sunday</name><openingTime>09:00</openingTime><closingTime>22:00</closingTime></day></operatingHours><onlineOrdering>true</onlineOrdering><loyaltyProgramEnabled>false</loyaltyProgramEnabled><driveThruAvailable>false</driveThruAvailable><language>French</language><taxReference>wt6qqV9o</taxReference><operations /></restaurantConfig>