<restaurantConfig><name>1cPuwXkMBD</name><location><city>San Francisco</city><zipcode>77895</zipcode></location><currency>USD</currency><timezone>EST</timezone><menu><category><name>Burgers</name><item><name>Big Mac</name><price>7.54</price></item><item><name>McDouble</name><price>7.73</price></item><item><name>Filet-O-Fish</name><price>9.63</price></item></category></menu><employees><employee><name>nwRViIwe</name><position>Waiter</position><hourlyWage>10.87</hourlyWage></employee><employee><name>xXryvW7w</name><position>Manager</position><hourlyWage>10.31</hourlyWage></employee><employee><name>SIuhn17j</name><position>Manager</position><hourlyWage>9.61</hourlyWage></employee><employee><name>sZ9yzFRc</name><position>Cook</position><hourlyWage>14.09</hourlyWage></employee></employees><operatingHours><day><name>Monday</name><openingTime>09:00</openingTime><closingTime>22:00</closingTime></day><day><name>Tuesday</name><openingTime>09:00</openingTime><closingTime>22:00</closingTime></day><day><name>Wednesday</name><openingTime>09:00</openingTime><closingTime>22:00</closingTime></day><day><name>Thursday</name><openingTime>09:00</openingTime><closingTime>22:00</closingTime></day><day><name>Friday</name><openingTime>09:00</openingTime><closingTime>22:00</closingTime></day><day><name>Saturday</name><openingTime>09:00</openingTime><closingTime>22:00</closingTime></day><day><name>Sunday</name><openingTime>09:00</openingTime><closingTime>22:00</closingTime></day></operatingHours><onlineOrdering>true</onlineOrdering><loyaltyProgramEnabled>false</loyaltyProgramEnabled><driveThruAvailable>false</driveThruAvailable><language>German</language><taxReference>F5Sn427I</taxReference><operations /></restaurantConfig>