<restaurantConfig><name>NstV91bse5</name><location><city>Tucson</city><zipcode>97609</zipcode></location><currency>USD</currency><timezone>EST</timezone><menu><category><name>Breakfast</name><item><name>Sausage McMuffin</name><price>8.86</price></item><item><name>Hotcakes</name><price>3.67</price></item><item><name>Big Breakfast</name><price>1.29</price></item><item><name>Hash Browns</name><price>6.16</price></item></category><category><name>Snacks &amp; Sides</name><item><name>Apple Slices</name><price>6.97</price></item><item><name>French Fries</name><price>4.53</price></item></category></menu><employees><employee><name>xnvZBKZi</name><position>Cashier</position><hourlyWage>12.18</hourlyWage></employee><employee><name>uoqtJxyu</name><position>Manager</position><hourlyWage>19.29</hourlyWage></employee><employee><name>ZuL84JRL</name><position>Cashier</position><hourlyWage>19.41</hourlyWage></employee><employee><name>IF2xl1io</name><position>Cook</position><hourlyWage>18.34</hourlyWage></employee><employee><name>aDsHWFDP</name><position>Cook</position><hourlyWage>10.98</hourlyWage></employee></employees><operatingHours><day><name>Monday</name><openingTime>09:00</openingTime><closingTime>22:00</closingTime></day><day><name>Tuesday</name><openingTime>09:00</openingTime><closingTime>22:00</closingTime></day><day><name>Wednesday</name><openingTime>09:00</openingTime><closingTime>22:00</closingTime></day><day><name>Thursday</name><openingTime>09:00</openingTime><closingTime>22:00</closingTime></day><day><name>Friday</name><openingTime>09:00</openingTime><closingTime>22:00</closingTime></day><day><name>Saturday</name><openingTime>09:00</openingTime><closingTime>22:00</closingTime></day><day><name>Sunday</name><openingTime>09:00</openingTime><closingTime>22:00</closingTime></day></operatingHours><onlineOrdering>false</onlineOrdering><loyaltyProgramEnabled>true</loyaltyProgramEnabled><driveThruAvailable>true</driveThruAvailable><language>French</language><taxReference>sJLzKbhf</taxReference><operations /></restaurantConfig>