<restaurantConfig><name>2ZfLQgyPAT</name><location><city>Oklahoma City</city><zipcode>77757</zipcode></location><currency>USD</currency><timezone>EST</timezone><menu /><employees><employee><name>s2Ls9dZZ</name><position>Manager</position><hourlyWage>13.41</hourlyWage></employee><employee><name>ITFZUch3</name><position>Cashier</position><hourlyWage>9.81</hourlyWage></employee><employee><name>JIQKnQsf</name><position>Manager</position><hourlyWage>11.31</hourlyWage></employee><employee><name>3eldUm5N</name><position>Cashier</position><hourlyWage>9.54</hourlyWage></employee></employees><operatingHours><day><name>Monday</name><openingTime>09:00</openingTime><closingTime>22:00</closingTime></day><day><name>Tuesday</name><openingTime>09:00</openingTime><closingTime>22:00</closingTime></day><day><name>Wednesday</name><openingTime>09:00</openingTime><closingTime>22:00</closingTime></day><day><name>Thursday</name><openingTime>09:00</openingTime><closingTime>22:00</closingTime></day><day><name>Friday</name><openingTime>09:00</openingTime><closingTime>22:00</closingTime></day><day><name>Saturday</name><openingTime>09:00</openingTime><closingTime>22:00</closingTime></day><day><name>Sunday</name><openingTime>09:00</openingTime><closingTime>22:00</closingTime></day></operatingHours><onlineOrdering>true</onlineOrdering><loyaltyProgramEnabled>false</loyaltyProgramEnabled><driveThruAvailable>false</driveThruAvailable><language>French</language><taxReference>jUR6xj0R</taxReference><operations /></restaurantConfig>