<restaurantConfig><name>VInqxy5RRV</name><location><city>Colorado Springs</city><zipcode>43038</zipcode></location><currency>USD</currency><timezone>EST</timezone><menu><category><name>Breakfast</name><item><name>Hotcakes</name><price>4.5</price></item><item><name>Sausage McMuffin</name><price>3.87</price></item></category><category><name>Snacks &amp; Sides</name><item><name>French Fries</name><price>5.37</price></item></category></menu><employees><employee><name>q70zlZyn</name><position>Cashier</position><hourlyWage>14.01</hourlyWage></employee><employee><name>XNL88von</name><position>Waiter</position><hourlyWage>14.61</hourlyWage></employee><employee><name>s2vLt4Vz</name><position>Manager</position><hourlyWage>19.68</hourlyWage></employee><employee><name>akDTeAeg</name><position>Waiter</position><hourlyWage>10.36</hourlyWage></employee><employee><name>DPCzLFBZ</name><position>Waiter</position><hourlyWage>8.38</hourlyWage></employee><employee><name>ptICTiaZ</name><position>Cashier</position><hourlyWage>9.18</hourlyWage></employee><employee><name>T6L1AGzH</name><position>Waiter</position><hourlyWage>12.33</hourlyWage></employee><employee><name>pnRd4h0q</name><position>Cook</position><hourlyWage>9.09</hourlyWage></employee></employees><operatingHours><day><name>Monday</name><openingTime>09:00</openingTime><closingTime>22:00</closingTime></day><day><name>Tuesday</name><openingTime>09:00</openingTime><closingTime>22:00</closingTime></day><day><name>Wednesday</name><openingTime>09:00</openingTime><closingTime>22:00</closingTime></day><day><name>Thursday</name><openingTime>09:00</openingTime><closingTime>22:00</closingTime></day><day><name>Friday</name><openingTime>09:00</openingTime><closingTime>22:00</closingTime></day><day><name>Saturday</name><openingTime>09:00</openingTime><closingTime>22:00</closingTime></day><day><name>Sunday</name><openingTime>09:00</openingTime><closingTime>22:00</closingTime></day></operatingHours><onlineOrdering>true</onlineOrdering><loyaltyProgramEnabled>false</loyaltyProgramEnabled><driveThruAvailable>true</driveThruAvailable><language>Spanish</language><taxReference>XjRmF2aL</taxReference><operations /></restaurantConfig>