<restaurantConfig><name>S79tyGf526</name><location><city>New York</city><zipcode>97991</zipcode></location><currency>USD</currency><timezone>EST</timezone><menu><category><name>Chicken &amp; Sandwiches</name><item><name>Artisan Grilled Chicken Sandwich</name><price>5.95</price></item><item><name>Spicy McChicken</name><price>8.47</price></item></category><category><name>Salads</name><item><name>Southwest Grilled Chicken Salad</name><price>6.1</price></item></category><category><name>Breakfast</name><item><name>Sausage McMuffin</name><price>5.52</price></item><item><name>Hash Browns</name><price>8.73</price></item><item><name>Egg McMuffin</name><price>9.43</price></item><item><name>Hotcakes</name><price>6.05</price></item><item><name>Big Breakfast</name><price>1.1</price></item></category><category><name>Snacks &amp; Sides</name><item><name>Apple Slices</name><price>3.76</price></item></category></menu><employees><employee><name>6nm8fgN5</name><position>Waiter</position><hourlyWage>19.28</hourlyWage></employee><employee><name>awRiDIwx</name><position>Cashier</position><hourlyWage>12.19</hourlyWage></employee><employee><name>Vh8MdHXR</name><position>Waiter</position><hourlyWage>9.76</hourlyWage></employee><employee><name>CzctBjRE</name><position>Cashier</position><hourlyWage>13.27</hourlyWage></employee><employee><name>2SBPMnDc</name><position>Cashier</position><hourlyWage>13.92</hourlyWage></employee></employees><operatingHours><day><name>Monday</name><openingTime>09:00</openingTime><closingTime>22:00</closingTime></day><day><name>Tuesday</name><openingTime>09:00</openingTime><closingTime>22:00</closingTime></day><day><name>Wednesday</name><openingTime>09:00</openingTime><closingTime>22:00</closingTime></day><day><name>Thursday</name><openingTime>09:00</openingTime><closingTime>22:00</closingTime></day><day><name>Friday</name><openingTime>09:00</openingTime><closingTime>22:00</closingTime></day><day><name>Saturday</name><openingTime>09:00</openingTime><closingTime>22:00</closingTime></day><day><name>Sunday</name><openingTime>09:00</openingTime><closingTime>22:00</closingTime></day></operatingHours><onlineOrdering>true</onlineOrdering><loyaltyProgramEnabled>true</loyaltyProgramEnabled><driveThruAvailable>true</driveThruAvailable><language>French</language><taxReference>VnX2hIEx</taxReference><operations /></restaurantConfig>