<restaurantConfig><name>eFU5dT8rO5</name><location><city>San Francisco</city><zipcode>38197</zipcode></location><currency>USD</currency><timezone>EST</timezone><menu><category><name>Salads</name><item><name>Southwest Grilled Chicken Salad</name><price>2.51</price></item></category><category><name>Breakfast</name><item><name>Sausage McMuffin</name><price>9.1</price></item></category></menu><employees><employee><name>E6oEDnfc</name><position>Cook</position><hourlyWage>18.16</hourlyWage></employee><employee><name>5f2nUmC0</name><position>Cashier</position><hourlyWage>16.35</hourlyWage></employee><employee><name>tKrQeUFq</name><position>Cook</position><hourlyWage>14.82</hourlyWage></employee><employee><name>XxEYSvCM</name><position>Cook</position><hourlyWage>14.98</hourlyWage></employee></employees><operatingHours><day><name>Monday</name><openingTime>09:00</openingTime><closingTime>22:00</closingTime></day><day><name>Tuesday</name><openingTime>09:00</openingTime><closingTime>22:00</closingTime></day><day><name>Wednesday</name><openingTime>09:00</openingTime><closingTime>22:00</closingTime></day><day><name>Thursday</name><openingTime>09:00</openingTime><closingTime>22:00</closingTime></day><day><name>Friday</name><openingTime>09:00</openingTime><closingTime>22:00</closingTime></day><day><name>Saturday</name><openingTime>09:00</openingTime><closingTime>22:00</closingTime></day><day><name>Sunday</name><openingTime>09:00</openingTime><closingTime>22:00</closingTime></day></operatingHours><onlineOrdering>true</onlineOrdering><loyaltyProgramEnabled>false</loyaltyProgramEnabled><driveThruAvailable>true</driveThruAvailable><language>Spanish</language><taxReference>z6hpLNLl</taxReference><operations /></restaurantConfig>