<restaurantConfig><name>4HtldJr4WA</name><location><city>Virginia Beach</city><zipcode>54724</zipcode></location><currency>USD</currency><timezone>EST</timezone><menu><category><name>Chicken &amp; Sandwiches</name><item><name>Spicy McChicken</name><price>5.07</price></item><item><name>Artisan Grilled Chicken Sandwich</name><price>5.94</price></item></category><category><name>Salads</name><item><name>Side Salad</name><price>5.64</price></item><item><name>Bacon Ranch Salad</name><price>4.42</price></item><item><name>Southwest Grilled Chicken Salad</name><price>6.38</price></item></category></menu><employees><employee><name>nGsXHQ6M</name><position>Cook</position><hourlyWage>19.64</hourlyWage></employee><employee><name>4Askhbrm</name><position>Waiter</position><hourlyWage>13.32</hourlyWage></employee><employee><name>LlHpEryJ</name><position>Cashier</position><hourlyWage>11.77</hourlyWage></employee><employee><name>eoHXACDQ</name><position>Cook</position><hourlyWage>13.52</hourlyWage></employee><employee><name>Lnk6XFGH</name><position>Manager</position><hourlyWage>11.16</hourlyWage></employee><employee><name>kCRh5QaP</name><position>Waiter</position><hourlyWage>17.94</hourlyWage></employee><employee><name>Xu1xUQWt</name><position>Cashier</position><hourlyWage>8.14</hourlyWage></employee><employee><name>5EUWVbBJ</name><position>Manager</position><hourlyWage>19.73</hourlyWage></employee><employee><name>yEH0Xezo</name><position>Cashier</position><hourlyWage>19.79</hourlyWage></employee></employees><operatingHours><day><name>Monday</name><openingTime>09:00</openingTime><closingTime>22:00</closingTime></day><day><name>Tuesday</name><openingTime>09:00</openingTime><closingTime>22:00</closingTime></day><day><name>Wednesday</name><openingTime>09:00</openingTime><closingTime>22:00</closingTime></day><day><name>Thursday</name><openingTime>09:00</openingTime><closingTime>22:00</closingTime></day><day><name>Friday</name><openingTime>09:00</openingTime><closingTime>22:00</closingTime></day><day><name>Saturday</name><openingTime>09:00</openingTime><closingTime>22:00</closingTime></day><day><name>Sunday</name><openingTime>09:00</openingTime><closingTime>22:00</closingTime></day></operatingHours><onlineOrdering>true</onlineOrdering><loyaltyProgramEnabled>false</loyaltyProgramEnabled><driveThruAvailable>true</driveThruAvailable><language>Spanish</language><taxReference>TmXQDnQw</taxReference><operations /></restaurantConfig>