<restaurantConfig><name>awflNFfDDU</name><location><city>Colorado Springs</city><zipcode>87203</zipcode></location><currency>USD</currency><timezone>EST</timezone><menu><category><name>Snacks &amp; Sides</name><item><name>Apple Slices</name><price>3.63</price></item></category></menu><employees><employee><name>RbJWcyDU</name><position>Cook</position><hourlyWage>15.08</hourlyWage></employee><employee><name>4QkUXBHB</name><position>Manager</position><hourlyWage>16.12</hourlyWage></employee><employee><name>iwXdhxEy</name><position>Cashier</position><hourlyWage>10.86</hourlyWage></employee><employee><name>P2Cpm0QN</name><position>Manager</position><hourlyWage>17.36</hourlyWage></employee><employee><name>MgW0W0DP</name><position>Cook</position><hourlyWage>17.89</hourlyWage></employee><employee><name>B8tSf2o1</name><position>Cashier</position><hourlyWage>12.23</hourlyWage></employee><employee><name>YQ8gegLY</name><position>Manager</position><hourlyWage>16.48</hourlyWage></employee><employee><name>8ic5zz41</name><position>Cashier</position><hourlyWage>9.65</hourlyWage></employee></employees><operatingHours><day><name>Monday</name><openingTime>09:00</openingTime><closingTime>22:00</closingTime></day><day><name>Tuesday</name><openingTime>09:00</openingTime><closingTime>22:00</closingTime></day><day><name>Wednesday</name><openingTime>09:00</openingTime><closingTime>22:00</closingTime></day><day><name>Thursday</name><openingTime>09:00</openingTime><closingTime>22:00</closingTime></day><day><name>Friday</name><openingTime>09:00</openingTime><closingTime>22:00</closingTime></day><day><name>Saturday</name><openingTime>09:00</openingTime><closingTime>22:00</closingTime></day><day><name>Sunday</name><openingTime>09:00</openingTime><closingTime>22:00</closingTime></day></operatingHours><onlineOrdering>true</onlineOrdering><loyaltyProgramEnabled>true</loyaltyProgramEnabled><driveThruAvailable>false</driveThruAvailable><language>German</language><taxReference>uzH7GW4L</taxReference><operations /></restaurantConfig>