<restaurantConfig><name>f1FgUlCFwo</name><location><city>Louisville</city><zipcode>85247</zipcode></location><currency>USD</currency><timezone>EST</timezone><menu><category><name>Salads</name><item><name>Side Salad</name><price>5.15</price></item></category><category><name>Breakfast</name><item><name>Egg McMuffin</name><price>4.25</price></item><item><name>Hotcakes</name><price>7.86</price></item><item><name>Sausage McMuffin</name><price>2.37</price></item><item><name>Big Breakfast</name><price>1.87</price></item></category><category><name>Snacks &amp; Sides</name><item><name>McNuggets</name><price>9.69</price></item><item><name>Apple Slices</name><price>3.12</price></item></category></menu><employees><employee><name>HA9z77F7</name><position>Cashier</position><hourlyWage>15.95</hourlyWage></employee><employee><name>YsYhtvZ3</name><position>Cook</position><hourlyWage>14.48</hourlyWage></employee></employees><operatingHours><day><name>Monday</name><openingTime>09:00</openingTime><closingTime>22:00</closingTime></day><day><name>Tuesday</name><openingTime>09:00</openingTime><closingTime>22:00</closingTime></day><day><name>Wednesday</name><openingTime>09:00</openingTime><closingTime>22:00</closingTime></day><day><name>Thursday</name><openingTime>09:00</openingTime><closingTime>22:00</closingTime></day><day><name>Friday</name><openingTime>09:00</openingTime><closingTime>22:00</closingTime></day><day><name>Saturday</name><openingTime>09:00</openingTime><closingTime>22:00</closingTime></day><day><name>Sunday</name><openingTime>09:00</openingTime><closingTime>22:00</closingTime></day></operatingHours><onlineOrdering>false</onlineOrdering><loyaltyProgramEnabled>false</loyaltyProgramEnabled><driveThruAvailable>false</driveThruAvailable><language>English</language><taxReference>PjP6hf9I</taxReference><operations /></restaurantConfig>