<restaurantConfig><name>PMW4x7GV0w</name><location><city>Memphis</city><zipcode>84093</zipcode></location><currency>USD</currency><timezone>EST</timezone><menu><category><name>Burgers</name><item><name>Filet-O-Fish</name><price>5.27</price></item><item><name>McDouble</name><price>4.5</price></item><item><name>Quarter Pounder with Cheese</name><price>5.48</price></item><item><name>Big Mac</name><price>2.22</price></item><item><name>McChicken</name><price>1.39</price></item></category><category><name>Chicken &amp; Sandwiches</name><item><name>Artisan Grilled Chicken Sandwich</name><price>4.84</price></item><item><name>McChicken Deluxe</name><price>3.02</price></item><item><name>Buttermilk Crispy Chicken Sandwich</name><price>9.75</price></item></category><category><name>Breakfast</name><item><name>Hash Browns</name><price>5.54</price></item><item><name>Hotcakes</name><price>8.51</price></item><item><name>Sausage McMuffin</name><price>7.44</price></item><item><name>Big Breakfast</name><price>5.39</price></item></category></menu><employees><employee><name>rKnsVPqQ</name><position>Cook</position><hourlyWage>12.63</hourlyWage></employee><employee><name>WaxjrXQu</name><position>Manager</position><hourlyWage>19.65</hourlyWage></employee><employee><name>Bzf09Fnc</name><position>Manager</position><hourlyWage>9.57</hourlyWage></employee><employee><name>mrCLfcf4</name><position>Waiter</position><hourlyWage>9.01</hourlyWage></employee><employee><name>tYyuib1w</name><position>Waiter</position><hourlyWage>13.39</hourlyWage></employee><employee><name>83t2Duzt</name><position>Manager</position><hourlyWage>12.91</hourlyWage></employee><employee><name>IOOmYrQW</name><position>Cook</position><hourlyWage>10.28</hourlyWage></employee><employee><name>wJRMWpW7</name><position>Cashier</position><hourlyWage>19.59</hourlyWage></employee><employee><name>pZT9L5pI</name><position>Waiter</position><hourlyWage>17.43</hourlyWage></employee><employee><name>BX0uHjNv</name><position>Cashier</position><hourlyWage>11.34</hourlyWage></employee></employees><operatingHours><day><name>Monday</name><openingTime>09:00</openingTime><closingTime>22:00</closingTime></day><day><name>Tuesday</name><openingTime>09:00</openingTime><closingTime>22:00</closingTime></day><day><name>Wednesday</name><openingTime>09:00</openingTime><closingTime>22:00</closingTime></day><day><name>Thursday</name><openingTime>09:00</openingTime><closingTime>22:00</closingTime></day><day><name>Friday</name><openingTime>09:00</openingTime><closingTime>22:00</closingTime></day><day><name>Saturday</name><openingTime>09:00</openingTime><closingTime>22:00</closingTime></day><day><name>Sunday</name><openingTime>09:00</openingTime><closingTime>22:00</closingTime></day></operatingHours><onlineOrdering>false</onlineOrdering><loyaltyProgramEnabled>false</loyaltyProgramEnabled><driveThruAvailable>false</driveThruAvailable><language>German</language><taxReference>OT270n5l</taxReference><operations /></restaurantConfig>