<restaurantConfig><name>QaaLmViWuB</name><location><city>Louisville</city><zipcode>61386</zipcode></location><currency>USD</currency><timezone>EST</timezone><menu><category><name>Burgers</name><item><name>McChicken</name><price>9.22</price></item></category><category><name>Chicken &amp; Sandwiches</name><item><name>Spicy McChicken</name><price>8.08</price></item><item><name>Buttermilk Crispy Chicken Sandwich</name><price>9.31</price></item></category><category><name>Breakfast</name><item><name>Hotcakes</name><price>5.0</price></item></category></menu><employees><employee><name>KB2TkP8A</name><position>Waiter</position><hourlyWage>8.92</hourlyWage></employee><employee><name>bKgVjpt9</name><position>Manager</position><hourlyWage>17.11</hourlyWage></employee></employees><operatingHours><day><name>Monday</name><openingTime>09:00</openingTime><closingTime>22:00</closingTime></day><day><name>Tuesday</name><openingTime>09:00</openingTime><closingTime>22:00</closingTime></day><day><name>Wednesday</name><openingTime>09:00</openingTime><closingTime>22:00</closingTime></day><day><name>Thursday</name><openingTime>09:00</openingTime><closingTime>22:00</closingTime></day><day><name>Friday</name><openingTime>09:00</openingTime><closingTime>22:00</closingTime></day><day><name>Saturday</name><openingTime>09:00</openingTime><closingTime>22:00</closingTime></day><day><name>Sunday</name><openingTime>09:00</openingTime><closingTime>22:00</closingTime></day></operatingHours><onlineOrdering>true</onlineOrdering><loyaltyProgramEnabled>false</loyaltyProgramEnabled><driveThruAvailable>true</driveThruAvailable><language>Spanish</language><taxReference>03TonRWe</taxReference><operations /></restaurantConfig>