<restaurantConfig><name>SYN2LRF5SM</name><location><city>Boston</city><zipcode>18615</zipcode></location><currency>USD</currency><timezone>EST</timezone><menu><category><name>Burgers</name><item><name>Big Mac</name><price>9.5</price></item><item><name>McChicken</name><price>3.09</price></item></category><category><name>Chicken &amp; Sandwiches</name><item><name>McChicken Deluxe</name><price>1.66</price></item><item><name>Artisan Grilled Chicken Sandwich</name><price>6.5</price></item><item><name>Buttermilk Crispy Chicken Sandwich</name><price>9.18</price></item><item><name>Spicy McChicken</name><price>8.91</price></item></category><category><name>Snacks &amp; Sides</name><item><name>McNuggets</name><price>5.33</price></item></category></menu><employees><employee><name>Pur4I7bE</name><position>Manager</position><hourlyWage>13.55</hourlyWage></employee><employee><name>eW2D8UI9</name><position>Waiter</position><hourlyWage>11.1</hourlyWage></employee><employee><name>nGVxFn1x</name><position>Manager</position><hourlyWage>14.45</hourlyWage></employee><employee><name>Ot6R8YsO</name><position>Cook</position><hourlyWage>8.84</hourlyWage></employee><employee><name>7zYeyNWd</name><position>Waiter</position><hourlyWage>15.61</hourlyWage></employee><employee><name>lTEhptxa</name><position>Cashier</position><hourlyWage>13.74</hourlyWage></employee><employee><name>hVnSMJVw</name><position>Manager</position><hourlyWage>11.45</hourlyWage></employee><employee><name>m9DS6gtp</name><position>Manager</position><hourlyWage>11.3</hourlyWage></employee><employee><name>Hiz9OoVK</name><position>Cashier</position><hourlyWage>11.04</hourlyWage></employee><employee><name>lJN3rTlL</name><position>Manager</position><hourlyWage>10.89</hourlyWage></employee></employees><operatingHours><day><name>Monday</name><openingTime>09:00</openingTime><closingTime>22:00</closingTime></day><day><name>Tuesday</name><openingTime>09:00</openingTime><closingTime>22:00</closingTime></day><day><name>Wednesday</name><openingTime>09:00</openingTime><closingTime>22:00</closingTime></day><day><name>Thursday</name><openingTime>09:00</openingTime><closingTime>22:00</closingTime></day><day><name>Friday</name><openingTime>09:00</openingTime><closingTime>22:00</closingTime></day><day><name>Saturday</name><openingTime>09:00</openingTime><closingTime>22:00</closingTime></day><day><name>Sunday</name><openingTime>09:00</openingTime><closingTime>22:00</closingTime></day></operatingHours><onlineOrdering>true</onlineOrdering><loyaltyProgramEnabled>false</loyaltyProgramEnabled><driveThruAvailable>false</driveThruAvailable><language>French</language><taxReference>KaZSU38v</taxReference><operations /></restaurantConfig>