<restaurantConfig><name>mgy9GKb2pB</name><location><city>Baltimore</city><zipcode>19734</zipcode></location><currency>USD</currency><timezone>EST</timezone><menu><category><name>Breakfast</name><item><name>Big Breakfast</name><price>7.61</price></item><item><name>Sausage McMuffin</name><price>5.47</price></item></category></menu><employees><employee><name>pYGPM5cG</name><position>Cashier</position><hourlyWage>16.39</hourlyWage></employee><employee><name>KPyZn5fD</name><position>Manager</position><hourlyWage>18.1</hourlyWage></employee></employees><operatingHours><day><name>Monday</name><openingTime>09:00</openingTime><closingTime>22:00</closingTime></day><day><name>Tuesday</name><openingTime>09:00</openingTime><closingTime>22:00</closingTime></day><day><name>Wednesday</name><openingTime>09:00</openingTime><closingTime>22:00</closingTime></day><day><name>Thursday</name><openingTime>09:00</openingTime><closingTime>22:00</closingTime></day><day><name>Friday</name><openingTime>09:00</openingTime><closingTime>22:00</closingTime></day><day><name>Saturday</name><openingTime>09:00</openingTime><closingTime>22:00</closingTime></day><day><name>Sunday</name><openingTime>09:00</openingTime><closingTime>22:00</closingTime></day></operatingHours><onlineOrdering>false</onlineOrdering><loyaltyProgramEnabled>false</loyaltyProgramEnabled><driveThruAvailable>false</driveThruAvailable><language>German</language><taxReference>UBEDujtC</taxReference><operations /></restaurantConfig>