<restaurantConfig><name>g4Yjp0Mew5</name><location><city>Mesa</city><zipcode>30313</zipcode></location><currency>USD</currency><timezone>EST</timezone><menu /><employees><employee><name>UGWaNKTm</name><position>Manager</position><hourlyWage>11.27</hourlyWage></employee><employee><name>F5JdczoZ</name><position>Manager</position><hourlyWage>17.51</hourlyWage></employee><employee><name>ZQ5Bp7Xe</name><position>Cook</position><hourlyWage>18.04</hourlyWage></employee><employee><name>owGVkle7</name><position>Cashier</position><hourlyWage>15.67</hourlyWage></employee><employee><name>63bpOiLI</name><position>Manager</position><hourlyWage>14.13</hourlyWage></employee><employee><name>yRpuxW6i</name><position>Manager</position><hourlyWage>13.77</hourlyWage></employee><employee><name>d3wYHwxZ</name><position>Waiter</position><hourlyWage>9.03</hourlyWage></employee><employee><name>ymW9TifG</name><position>Cook</position><hourlyWage>9.67</hourlyWage></employee></employees><operatingHours><day><name>Monday</name><openingTime>09:00</openingTime><closingTime>22:00</closingTime></day><day><name>Tuesday</name><openingTime>09:00</openingTime><closingTime>22:00</closingTime></day><day><name>Wednesday</name><openingTime>09:00</openingTime><closingTime>22:00</closingTime></day><day><name>Thursday</name><openingTime>09:00</openingTime><closingTime>22:00</closingTime></day><day><name>Friday</name><openingTime>09:00</openingTime><closingTime>22:00</closingTime></day><day><name>Saturday</name><openingTime>09:00</openingTime><closingTime>22:00</closingTime></day><day><name>Sunday</name><openingTime>09:00</openingTime><closingTime>22:00</closingTime></day></operatingHours><onlineOrdering>true</onlineOrdering><loyaltyProgramEnabled>false</loyaltyProgramEnabled><driveThruAvailable>false</driveThruAvailable><language>Spanish</language><taxReference>v7UZb5Ym</taxReference><operations /></restaurantConfig>