<restaurantConfig><name>OPewMBhQIq</name><location><city>Albuquerque</city><zipcode>18713</zipcode></location><currency>USD</currency><timezone>EST</timezone><menu><category><name>Burgers</name><item><name>Big Mac</name><price>3.89</price></item><item><name>McChicken</name><price>9.27</price></item><item><name>McDouble</name><price>3.54</price></item><item><name>Quarter Pounder with Cheese</name><price>6.86</price></item><item><name>Filet-O-Fish</name><price>2.6</price></item></category><category><name>Chicken &amp; Sandwiches</name><item><name>Spicy McChicken</name><price>3.01</price></item></category><category><name>Snacks &amp; Sides</name><item><name>French Fries</name><price>9.98</price></item></category></menu><employees><employee><name>E6rN1LIG</name><position>Cashier</position><hourlyWage>18.69</hourlyWage></employee></employees><operatingHours><day><name>Monday</name><openingTime>09:00</openingTime><closingTime>22:00</closingTime></day><day><name>Tuesday</name><openingTime>09:00</openingTime><closingTime>22:00</closingTime></day><day><name>Wednesday</name><openingTime>09:00</openingTime><closingTime>22:00</closingTime></day><day><name>Thursday</name><openingTime>09:00</openingTime><closingTime>22:00</closingTime></day><day><name>Friday</name><openingTime>09:00</openingTime><closingTime>22:00</closingTime></day><day><name>Saturday</name><openingTime>09:00</openingTime><closingTime>22:00</closingTime></day><day><name>Sunday</name><openingTime>09:00</openingTime><closingTime>22:00</closingTime></day></operatingHours><onlineOrdering>true</onlineOrdering><loyaltyProgramEnabled>false</loyaltyProgramEnabled><driveThruAvailable>true</driveThruAvailable><language>German</language><taxReference>kT6MBuRT</taxReference><operations /></restaurantConfig>