<restaurantConfig><name>8GyWj8LWcN</name><location><city>Philadelphia</city><zipcode>15578</zipcode></location><currency>USD</currency><timezone>EST</timezone><menu><category><name>Burgers</name><item><name>Filet-O-Fish</name><price>9.46</price></item><item><name>McChicken</name><price>9.25</price></item><item><name>Quarter Pounder with Cheese</name><price>6.83</price></item><item><name>Big Mac</name><price>3.09</price></item><item><name>McDouble</name><price>1.65</price></item></category><category><name>Chicken &amp; Sandwiches</name><item><name>Spicy McChicken</name><price>3.23</price></item><item><name>McChicken Deluxe</name><price>9.93</price></item></category><category><name>Breakfast</name><item><name>Egg McMuffin</name><price>1.63</price></item><item><name>Hash Browns</name><price>6.74</price></item></category><category><name>Snacks &amp; Sides</name><item><name>French Fries</name><price>4.91</price></item></category></menu><employees><employee><name>Bp0eDKhn</name><position>Manager</position><hourlyWage>13.94</hourlyWage></employee><employee><name>T6wjxdqA</name><position>Manager</position><hourlyWage>12.96</hourlyWage></employee><employee><name>DtzYZjv9</name><position>Waiter</position><hourlyWage>12.06</hourlyWage></employee><employee><name>dSyMx6f7</name><position>Waiter</position><hourlyWage>11.86</hourlyWage></employee><employee><name>Td7509va</name><position>Cashier</position><hourlyWage>10.79</hourlyWage></employee><employee><name>MNXXAX9C</name><position>Waiter</position><hourlyWage>8.69</hourlyWage></employee><employee><name>2bwhMahl</name><position>Waiter</position><hourlyWage>13.21</hourlyWage></employee><employee><name>N8bq9HRu</name><position>Cook</position><hourlyWage>14.59</hourlyWage></employee></employees><operatingHours><day><name>Monday</name><openingTime>09:00</openingTime><closingTime>22:00</closingTime></day><day><name>Tuesday</name><openingTime>09:00</openingTime><closingTime>22:00</closingTime></day><day><name>Wednesday</name><openingTime>09:00</openingTime><closingTime>22:00</closingTime></day><day><name>Thursday</name><openingTime>09:00</openingTime><closingTime>22:00</closingTime></day><day><name>Friday</name><openingTime>09:00</openingTime><closingTime>22:00</closingTime></day><day><name>Saturday</name><openingTime>09:00</openingTime><closingTime>22:00</closingTime></day><day><name>Sunday</name><openingTime>09:00</openingTime><closingTime>22:00</closingTime></day></operatingHours><onlineOrdering>false</onlineOrdering><loyaltyProgramEnabled>true</loyaltyProgramEnabled><driveThruAvailable>true</driveThruAvailable><language>German</language><taxReference>rjT9ovDC</taxReference><operations /></restaurantConfig>