<restaurantConfig><name>HxpZfVwXQg</name><location><city>Long Beach</city><zipcode>84470</zipcode></location><currency>USD</currency><timezone>EST</timezone><menu><category><name>Burgers</name><item><name>McChicken</name><price>2.72</price></item></category><category><name>Snacks &amp; Sides</name><item><name>French Fries</name><price>2.88</price></item><item><name>McNuggets</name><price>5.07</price></item></category></menu><employees><employee><name>aknEveI4</name><position>Waiter</position><hourlyWage>18.5</hourlyWage></employee><employee><name>42IMMj6T</name><position>Manager</position><hourlyWage>13.9</hourlyWage></employee><employee><name>salruV72</name><position>Waiter</position><hourlyWage>18.44</hourlyWage></employee><employee><name>43gZpoEU</name><position>Cashier</position><hourlyWage>19.09</hourlyWage></employee><employee><name>uQ8dsyfV</name><position>Cashier</position><hourlyWage>8.55</hourlyWage></employee></employees><operatingHours><day><name>Monday</name><openingTime>09:00</openingTime><closingTime>22:00</closingTime></day><day><name>Tuesday</name><openingTime>09:00</openingTime><closingTime>22:00</closingTime></day><day><name>Wednesday</name><openingTime>09:00</openingTime><closingTime>22:00</closingTime></day><day><name>Thursday</name><openingTime>09:00</openingTime><closingTime>22:00</closingTime></day><day><name>Friday</name><openingTime>09:00</openingTime><closingTime>22:00</closingTime></day><day><name>Saturday</name><openingTime>09:00</openingTime><closingTime>22:00</closingTime></day><day><name>Sunday</name><openingTime>09:00</openingTime><closingTime>22:00</closingTime></day></operatingHours><onlineOrdering>false</onlineOrdering><loyaltyProgramEnabled>false</loyaltyProgramEnabled><driveThruAvailable>true</driveThruAvailable><language>French</language><taxReference>VYQ4iudM</taxReference><operations /></restaurantConfig>