<restaurantConfig><name>cg43vbkgiJ</name><location><city>Boston</city><zipcode>82623</zipcode></location><currency>USD</currency><timezone>EST</timezone><menu><category><name>Burgers</name><item><name>Quarter Pounder with Cheese</name><price>9.91</price></item></category><category><name>Chicken &amp; Sandwiches</name><item><name>Buttermilk Crispy Chicken Sandwich</name><price>5.83</price></item><item><name>Artisan Grilled Chicken Sandwich</name><price>4.73</price></item><item><name>McChicken Deluxe</name><price>3.93</price></item></category></menu><employees><employee><name>RvuGrelA</name><position>Waiter</position><hourlyWage>18.7</hourlyWage></employee><employee><name>zBxsVQnP</name><position>Waiter</position><hourlyWage>16.84</hourlyWage></employee><employee><name>Mdmh1ZqU</name><position>Cook</position><hourlyWage>15.91</hourlyWage></employee><employee><name>cyhSjV9o</name><position>Manager</position><hourlyWage>13.29</hourlyWage></employee></employees><operatingHours><day><name>Monday</name><openingTime>09:00</openingTime><closingTime>22:00</closingTime></day><day><name>Tuesday</name><openingTime>09:00</openingTime><closingTime>22:00</closingTime></day><day><name>Wednesday</name><openingTime>09:00</openingTime><closingTime>22:00</closingTime></day><day><name>Thursday</name><openingTime>09:00</openingTime><closingTime>22:00</closingTime></day><day><name>Friday</name><openingTime>09:00</openingTime><closingTime>22:00</closingTime></day><day><name>Saturday</name><openingTime>09:00</openingTime><closingTime>22:00</closingTime></day><day><name>Sunday</name><openingTime>09:00</openingTime><closingTime>22:00</closingTime></day></operatingHours><onlineOrdering>true</onlineOrdering><loyaltyProgramEnabled>true</loyaltyProgramEnabled><driveThruAvailable>true</driveThruAvailable><language>Spanish</language><taxReference>Le73z9NI</taxReference><operations /></restaurantConfig>