<restaurantConfig><name>iOnUVIfX2j</name><location><city>Raleigh</city><zipcode>16934</zipcode></location><currency>USD</currency><timezone>EST</timezone><menu><category><name>Burgers</name><item><name>McDouble</name><price>7.5</price></item></category><category><name>Snacks &amp; Sides</name><item><name>French Fries</name><price>8.58</price></item></category></menu><employees><employee><name>RSmNx6Ms</name><position>Cashier</position><hourlyWage>15.2</hourlyWage></employee><employee><name>ZpPqgoNh</name><position>Waiter</position><hourlyWage>18.73</hourlyWage></employee><employee><name>YzD5hsFz</name><position>Waiter</position><hourlyWage>11.17</hourlyWage></employee><employee><name>nnyLYlnV</name><position>Cook</position><hourlyWage>14.79</hourlyWage></employee><employee><name>mIK17rd7</name><position>Cashier</position><hourlyWage>17.54</hourlyWage></employee><employee><name>LbPlbekd</name><position>Cook</position><hourlyWage>11.13</hourlyWage></employee><employee><name>CvUjadt5</name><position>Manager</position><hourlyWage>14.22</hourlyWage></employee><employee><name>z4b0tc86</name><position>Cook</position><hourlyWage>10.72</hourlyWage></employee><employee><name>yKQM7N9V</name><position>Cashier</position><hourlyWage>14.02</hourlyWage></employee></employees><operatingHours><day><name>Monday</name><openingTime>09:00</openingTime><closingTime>22:00</closingTime></day><day><name>Tuesday</name><openingTime>09:00</openingTime><closingTime>22:00</closingTime></day><day><name>Wednesday</name><openingTime>09:00</openingTime><closingTime>22:00</closingTime></day><day><name>Thursday</name><openingTime>09:00</openingTime><closingTime>22:00</closingTime></day><day><name>Friday</name><openingTime>09:00</openingTime><closingTime>22:00</closingTime></day><day><name>Saturday</name><openingTime>09:00</openingTime><closingTime>22:00</closingTime></day><day><name>Sunday</name><openingTime>09:00</openingTime><closingTime>22:00</closingTime></day></operatingHours><onlineOrdering>false</onlineOrdering><loyaltyProgramEnabled>true</loyaltyProgramEnabled><driveThruAvailable>false</driveThruAvailable><language>English</language><taxReference>9LUsGXPE</taxReference><operations /></restaurantConfig>