<restaurantConfig><name>tfSVQsJYFD</name><location><city>Phoenix</city><zipcode>39261</zipcode></location><currency>USD</currency><timezone>EST</timezone><menu><category><name>Chicken &amp; Sandwiches</name><item><name>Buttermilk Crispy Chicken Sandwich</name><price>2.03</price></item><item><name>Artisan Grilled Chicken Sandwich</name><price>7.18</price></item><item><name>Spicy McChicken</name><price>4.77</price></item><item><name>McChicken Deluxe</name><price>1.37</price></item></category><category><name>Snacks &amp; Sides</name><item><name>Apple Slices</name><price>7.9</price></item><item><name>McNuggets</name><price>8.64</price></item></category></menu><employees><employee><name>83UC8mWw</name><position>Manager</position><hourlyWage>15.39</hourlyWage></employee><employee><name>dTcGZy4J</name><position>Cashier</position><hourlyWage>15.23</hourlyWage></employee><employee><name>pOpKNvfu</name><position>Waiter</position><hourlyWage>10.22</hourlyWage></employee><employee><name>m6X425V8</name><position>Cook</position><hourlyWage>14.63</hourlyWage></employee><employee><name>GpHCiGJm</name><position>Cook</position><hourlyWage>12.89</hourlyWage></employee><employee><name>Y4QTxxw4</name><position>Cashier</position><hourlyWage>17.56</hourlyWage></employee><employee><name>3sKVXGgQ</name><position>Manager</position><hourlyWage>13.26</hourlyWage></employee><employee><name>6Trs0jui</name><position>Cook</position><hourlyWage>14.27</hourlyWage></employee><employee><name>S3BJIW3h</name><position>Cashier</position><hourlyWage>8.98</hourlyWage></employee><employee><name>leDrkh27</name><position>Manager</position><hourlyWage>18.5</hourlyWage></employee></employees><operatingHours><day><name>Monday</name><openingTime>09:00</openingTime><closingTime>22:00</closingTime></day><day><name>Tuesday</name><openingTime>09:00</openingTime><closingTime>22:00</closingTime></day><day><name>Wednesday</name><openingTime>09:00</openingTime><closingTime>22:00</closingTime></day><day><name>Thursday</name><openingTime>09:00</openingTime><closingTime>22:00</closingTime></day><day><name>Friday</name><openingTime>09:00</openingTime><closingTime>22:00</closingTime></day><day><name>Saturday</name><openingTime>09:00</openingTime><closingTime>22:00</closingTime></day><day><name>Sunday</name><openingTime>09:00</openingTime><closingTime>22:00</closingTime></day></operatingHours><onlineOrdering>true</onlineOrdering><loyaltyProgramEnabled>false</loyaltyProgramEnabled><driveThruAvailable>false</driveThruAvailable><language>German</language><taxReference>CvYKjzzm</taxReference><operations /></restaurantConfig>