<restaurantConfig><name>iQQwWVYfk8</name><location><city>Minneapolis</city><zipcode>92011</zipcode></location><currency>USD</currency><timezone>EST</timezone><menu><category><name>Chicken &amp; Sandwiches</name><item><name>Buttermilk Crispy Chicken Sandwich</name><price>5.94</price></item></category></menu><employees><employee><name>FFDynB25</name><position>Manager</position><hourlyWage>10.19</hourlyWage></employee><employee><name>N3uIRZ3U</name><position>Waiter</position><hourlyWage>12.93</hourlyWage></employee><employee><name>vNeNjhgw</name><position>Cashier</position><hourlyWage>19.04</hourlyWage></employee><employee><name>3W9kDE3O</name><position>Cook</position><hourlyWage>10.33</hourlyWage></employee><employee><name>KK7QBzgw</name><position>Waiter</position><hourlyWage>11.11</hourlyWage></employee><employee><name>vM6tveCI</name><position>Manager</position><hourlyWage>16.63</hourlyWage></employee></employees><operatingHours><day><name>Monday</name><openingTime>09:00</openingTime><closingTime>22:00</closingTime></day><day><name>Tuesday</name><openingTime>09:00</openingTime><closingTime>22:00</closingTime></day><day><name>Wednesday</name><openingTime>09:00</openingTime><closingTime>22:00</closingTime></day><day><name>Thursday</name><openingTime>09:00</openingTime><closingTime>22:00</closingTime></day><day><name>Friday</name><openingTime>09:00</openingTime><closingTime>22:00</closingTime></day><day><name>Saturday</name><openingTime>09:00</openingTime><closingTime>22:00</closingTime></day><day><name>Sunday</name><openingTime>09:00</openingTime><closingTime>22:00</closingTime></day></operatingHours><onlineOrdering>true</onlineOrdering><loyaltyProgramEnabled>true</loyaltyProgramEnabled><driveThruAvailable>true</driveThruAvailable><language>English</language><taxReference>fRWVza8X</taxReference><operations /></restaurantConfig>