<restaurantConfig><name>G7k8NT6lvr</name><location><city>Mesa</city><zipcode>71347</zipcode></location><currency>USD</currency><timezone>EST</timezone><menu><category><name>Burgers</name><item><name>McChicken</name><price>1.69</price></item><item><name>Big Mac</name><price>5.51</price></item></category><category><name>Breakfast</name><item><name>Egg McMuffin</name><price>9.22</price></item><item><name>Hash Browns</name><price>2.06</price></item><item><name>Big Breakfast</name><price>9.65</price></item><item><name>Sausage McMuffin</name><price>9.42</price></item></category></menu><employees><employee><name>u3VqJ2x3</name><position>Waiter</position><hourlyWage>13.15</hourlyWage></employee></employees><operatingHours><day><name>Monday</name><openingTime>09:00</openingTime><closingTime>22:00</closingTime></day><day><name>Tuesday</name><openingTime>09:00</openingTime><closingTime>22:00</closingTime></day><day><name>Wednesday</name><openingTime>09:00</openingTime><closingTime>22:00</closingTime></day><day><name>Thursday</name><openingTime>09:00</openingTime><closingTime>22:00</closingTime></day><day><name>Friday</name><openingTime>09:00</openingTime><closingTime>22:00</closingTime></day><day><name>Saturday</name><openingTime>09:00</openingTime><closingTime>22:00</closingTime></day><day><name>Sunday</name><openingTime>09:00</openingTime><closingTime>22:00</closingTime></day></operatingHours><onlineOrdering>false</onlineOrdering><loyaltyProgramEnabled>false</loyaltyProgramEnabled><driveThruAvailable>false</driveThruAvailable><language>French</language><taxReference>rGjSKuh7</taxReference><operations /></restaurantConfig>