<restaurantConfig><name>QMcIbVAabb</name><location><city>Long Beach</city><zipcode>87964</zipcode></location><currency>USD</currency><timezone>EST</timezone><menu><category><name>Burgers</name><item><name>Big Mac</name><price>8.06</price></item><item><name>McChicken</name><price>4.92</price></item></category><category><name>Salads</name><item><name>Side Salad</name><price>7.02</price></item><item><name>Bacon Ranch Salad</name><price>9.17</price></item></category></menu><employees><employee><name>hHy2QuUs</name><position>Waiter</position><hourlyWage>14.06</hourlyWage></employee><employee><name>LrEb2mSF</name><position>Waiter</position><hourlyWage>13.61</hourlyWage></employee><employee><name>tygpdasV</name><position>Cook</position><hourlyWage>19.98</hourlyWage></employee><employee><name>w9qSaQrv</name><position>Cook</position><hourlyWage>18.52</hourlyWage></employee><employee><name>Vl9UNxuo</name><position>Cook</position><hourlyWage>14.16</hourlyWage></employee></employees><operatingHours><day><name>Monday</name><openingTime>09:00</openingTime><closingTime>22:00</closingTime></day><day><name>Tuesday</name><openingTime>09:00</openingTime><closingTime>22:00</closingTime></day><day><name>Wednesday</name><openingTime>09:00</openingTime><closingTime>22:00</closingTime></day><day><name>Thursday</name><openingTime>09:00</openingTime><closingTime>22:00</closingTime></day><day><name>Friday</name><openingTime>09:00</openingTime><closingTime>22:00</closingTime></day><day><name>Saturday</name><openingTime>09:00</openingTime><closingTime>22:00</closingTime></day><day><name>Sunday</name><openingTime>09:00</openingTime><closingTime>22:00</closingTime></day></operatingHours><onlineOrdering>true</onlineOrdering><loyaltyProgramEnabled>false</loyaltyProgramEnabled><driveThruAvailable>true</driveThruAvailable><language>English</language><taxReference>nQxDam4e</taxReference><operations /></restaurantConfig>