<restaurantConfig><name>9MIe5ou74V</name><location><city>Mesa</city><zipcode>27199</zipcode></location><currency>USD</currency><timezone>EST</timezone><menu><category><name>Burgers</name><item><name>McDouble</name><price>3.69</price></item><item><name>Filet-O-Fish</name><price>5.29</price></item></category><category><name>Salads</name><item><name>Southwest Grilled Chicken Salad</name><price>5.11</price></item><item><name>Bacon Ranch Salad</name><price>7.89</price></item><item><name>Side Salad</name><price>5.28</price></item></category><category><name>Snacks &amp; Sides</name><item><name>French Fries</name><price>6.17</price></item><item><name>Apple Slices</name><price>2.57</price></item><item><name>McNuggets</name><price>5.31</price></item></category></menu><employees><employee><name>7YXMyswC</name><position>Manager</position><hourlyWage>14.59</hourlyWage></employee><employee><name>XqrEsRXD</name><position>Cook</position><hourlyWage>19.81</hourlyWage></employee><employee><name>tfBhbLqA</name><position>Cook</position><hourlyWage>11.27</hourlyWage></employee><employee><name>sPRlhNBI</name><position>Cashier</position><hourlyWage>14.09</hourlyWage></employee><employee><name>RkuoIdHC</name><position>Cook</position><hourlyWage>15.05</hourlyWage></employee></employees><operatingHours><day><name>Monday</name><openingTime>09:00</openingTime><closingTime>22:00</closingTime></day><day><name>Tuesday</name><openingTime>09:00</openingTime><closingTime>22:00</closingTime></day><day><name>Wednesday</name><openingTime>09:00</openingTime><closingTime>22:00</closingTime></day><day><name>Thursday</name><openingTime>09:00</openingTime><closingTime>22:00</closingTime></day><day><name>Friday</name><openingTime>09:00</openingTime><closingTime>22:00</closingTime></day><day><name>Saturday</name><openingTime>09:00</openingTime><closingTime>22:00</closingTime></day><day><name>Sunday</name><openingTime>09:00</openingTime><closingTime>22:00</closingTime></day></operatingHours><onlineOrdering>false</onlineOrdering><loyaltyProgramEnabled>true</loyaltyProgramEnabled><driveThruAvailable>true</driveThruAvailable><language>French</language><taxReference>BSIoJdb3</taxReference><operations /></restaurantConfig>