<restaurantConfig><name>bJgRrEVB2E</name><location><city>Omaha</city><zipcode>35006</zipcode></location><currency>USD</currency><timezone>EST</timezone><menu><category><name>Salads</name><item><name>Bacon Ranch Salad</name><price>7.53</price></item><item><name>Side Salad</name><price>8.5</price></item></category><category><name>Snacks &amp; Sides</name><item><name>McNuggets</name><price>9.48</price></item><item><name>Apple Slices</name><price>3.8</price></item><item><name>French Fries</name><price>2.85</price></item></category></menu><employees><employee><name>G7qi3zQL</name><position>Cook</position><hourlyWage>16.03</hourlyWage></employee><employee><name>tDhuFMMU</name><position>Cook</position><hourlyWage>13.38</hourlyWage></employee><employee><name>kad2KxW5</name><position>Manager</position><hourlyWage>17.09</hourlyWage></employee><employee><name>2TZ47psM</name><position>Cashier</position><hourlyWage>17.15</hourlyWage></employee><employee><name>kqCw9UXd</name><position>Manager</position><hourlyWage>15.07</hourlyWage></employee><employee><name>ggZtynj8</name><position>Waiter</position><hourlyWage>18.6</hourlyWage></employee><employee><name>7xwCWFyk</name><position>Manager</position><hourlyWage>17.01</hourlyWage></employee><employee><name>mDO3Chqd</name><position>Manager</position><hourlyWage>9.18</hourlyWage></employee><employee><name>WEUjA4ke</name><position>Waiter</position><hourlyWage>12.94</hourlyWage></employee></employees><operatingHours><day><name>Monday</name><openingTime>09:00</openingTime><closingTime>22:00</closingTime></day><day><name>Tuesday</name><openingTime>09:00</openingTime><closingTime>22:00</closingTime></day><day><name>Wednesday</name><openingTime>09:00</openingTime><closingTime>22:00</closingTime></day><day><name>Thursday</name><openingTime>09:00</openingTime><closingTime>22:00</closingTime></day><day><name>Friday</name><openingTime>09:00</openingTime><closingTime>22:00</closingTime></day><day><name>Saturday</name><openingTime>09:00</openingTime><closingTime>22:00</closingTime></day><day><name>Sunday</name><openingTime>09:00</openingTime><closingTime>22:00</closingTime></day></operatingHours><onlineOrdering>true</onlineOrdering><loyaltyProgramEnabled>true</loyaltyProgramEnabled><driveThruAvailable>false</driveThruAvailable><language>English</language><taxReference>YvCOXcUJ</taxReference><operations /></restaurantConfig>