<restaurantConfig><name>DLnSJtOOQV</name><location><city>Boston</city><zipcode>48181</zipcode></location><currency>USD</currency><timezone>EST</timezone><menu><category><name>Chicken &amp; Sandwiches</name><item><name>McChicken Deluxe</name><price>8.24</price></item></category><category><name>Salads</name><item><name>Bacon Ranch Salad</name><price>8.21</price></item><item><name>Southwest Grilled Chicken Salad</name><price>5.08</price></item><item><name>Side Salad</name><price>9.73</price></item></category><category><name>Breakfast</name><item><name>Hash Browns</name><price>1.2</price></item><item><name>Sausage McMuffin</name><price>2.44</price></item><item><name>Hotcakes</name><price>2.23</price></item><item><name>Egg McMuffin</name><price>5.42</price></item><item><name>Big Breakfast</name><price>1.82</price></item></category><category><name>Snacks &amp; Sides</name><item><name>McNuggets</name><price>4.05</price></item></category></menu><employees><employee><name>6k7JrrKt</name><position>Manager</position><hourlyWage>9.99</hourlyWage></employee><employee><name>waFbC2nP</name><position>Manager</position><hourlyWage>16.13</hourlyWage></employee><employee><name>V9RbBhBv</name><position>Manager</position><hourlyWage>15.23</hourlyWage></employee><employee><name>RBumHVvD</name><position>Manager</position><hourlyWage>19.52</hourlyWage></employee><employee><name>AuOrHP33</name><position>Waiter</position><hourlyWage>18.7</hourlyWage></employee></employees><operatingHours><day><name>Monday</name><openingTime>09:00</openingTime><closingTime>22:00</closingTime></day><day><name>Tuesday</name><openingTime>09:00</openingTime><closingTime>22:00</closingTime></day><day><name>Wednesday</name><openingTime>09:00</openingTime><closingTime>22:00</closingTime></day><day><name>Thursday</name><openingTime>09:00</openingTime><closingTime>22:00</closingTime></day><day><name>Friday</name><openingTime>09:00</openingTime><closingTime>22:00</closingTime></day><day><name>Saturday</name><openingTime>09:00</openingTime><closingTime>22:00</closingTime></day><day><name>Sunday</name><openingTime>09:00</openingTime><closingTime>22:00</closingTime></day></operatingHours><onlineOrdering>true</onlineOrdering><loyaltyProgramEnabled>false</loyaltyProgramEnabled><driveThruAvailable>true</driveThruAvailable><language>French</language><taxReference>8osWL48k</taxReference><operations /></restaurantConfig>