<restaurantConfig><name>4s4xzqBhqn</name><location><city>Minneapolis</city><zipcode>18933</zipcode></location><currency>USD</currency><timezone>EST</timezone><menu><category><name>Chicken &amp; Sandwiches</name><item><name>Artisan Grilled Chicken Sandwich</name><price>5.16</price></item></category><category><name>Salads</name><item><name>Bacon Ranch Salad</name><price>8.55</price></item><item><name>Side Salad</name><price>3.21</price></item><item><name>Southwest Grilled Chicken Salad</name><price>2.71</price></item></category><category><name>Breakfast</name><item><name>Sausage McMuffin</name><price>7.63</price></item><item><name>Big Breakfast</name><price>2.93</price></item><item><name>Hotcakes</name><price>9.06</price></item><item><name>Hash Browns</name><price>6.52</price></item><item><name>Egg McMuffin</name><price>5.82</price></item></category><category><name>Snacks &amp; Sides</name><item><name>Apple Slices</name><price>5.49</price></item></category></menu><employees><employee><name>ROA3AJu0</name><position>Cook</position><hourlyWage>19.99</hourlyWage></employee><employee><name>SS8J8Gsf</name><position>Cashier</position><hourlyWage>8.57</hourlyWage></employee><employee><name>pfiKRDL0</name><position>Manager</position><hourlyWage>13.0</hourlyWage></employee><employee><name>HgS6eRkX</name><position>Cook</position><hourlyWage>11.79</hourlyWage></employee><employee><name>K5lGAiCL</name><position>Manager</position><hourlyWage>9.02</hourlyWage></employee><employee><name>mPS4fVww</name><position>Cashier</position><hourlyWage>16.35</hourlyWage></employee></employees><operatingHours><day><name>Monday</name><openingTime>09:00</openingTime><closingTime>22:00</closingTime></day><day><name>Tuesday</name><openingTime>09:00</openingTime><closingTime>22:00</closingTime></day><day><name>Wednesday</name><openingTime>09:00</openingTime><closingTime>22:00</closingTime></day><day><name>Thursday</name><openingTime>09:00</openingTime><closingTime>22:00</closingTime></day><day><name>Friday</name><openingTime>09:00</openingTime><closingTime>22:00</closingTime></day><day><name>Saturday</name><openingTime>09:00</openingTime><closingTime>22:00</closingTime></day><day><name>Sunday</name><openingTime>09:00</openingTime><closingTime>22:00</closingTime></day></operatingHours><onlineOrdering>true</onlineOrdering><loyaltyProgramEnabled>false</loyaltyProgramEnabled><driveThruAvailable>false</driveThruAvailable><language>French</language><taxReference>NuO4W1Hv</taxReference><operations /></restaurantConfig>