<restaurantConfig><name>Gh1bWFA81v</name><location><city>Tulsa</city><zipcode>12882</zipcode></location><currency>USD</currency><timezone>EST</timezone><menu /><employees><employee><name>YeczcdIO</name><position>Manager</position><hourlyWage>12.98</hourlyWage></employee><employee><name>CXPF1gdz</name><position>Cook</position><hourlyWage>10.46</hourlyWage></employee><employee><name>hZlUNfxt</name><position>Cashier</position><hourlyWage>12.21</hourlyWage></employee></employees><operatingHours><day><name>Monday</name><openingTime>09:00</openingTime><closingTime>22:00</closingTime></day><day><name>Tuesday</name><openingTime>09:00</openingTime><closingTime>22:00</closingTime></day><day><name>Wednesday</name><openingTime>09:00</openingTime><closingTime>22:00</closingTime></day><day><name>Thursday</name><openingTime>09:00</openingTime><closingTime>22:00</closingTime></day><day><name>Friday</name><openingTime>09:00</openingTime><closingTime>22:00</closingTime></day><day><name>Saturday</name><openingTime>09:00</openingTime><closingTime>22:00</closingTime></day><day><name>Sunday</name><openingTime>09:00</openingTime><closingTime>22:00</closingTime></day></operatingHours><onlineOrdering>false</onlineOrdering><loyaltyProgramEnabled>false</loyaltyProgramEnabled><driveThruAvailable>true</driveThruAvailable><language>German</language><taxReference>RkP0QvLv</taxReference><operations /></restaurantConfig>