<restaurantConfig><name>6GX1wHrYwa</name><location><city>Washington</city><zipcode>99518</zipcode></location><currency>USD</currency><timezone>EST</timezone><menu><category><name>Salads</name><item><name>Bacon Ranch Salad</name><price>5.18</price></item><item><name>Southwest Grilled Chicken Salad</name><price>1.9</price></item><item><name>Side Salad</name><price>9.28</price></item></category><category><name>Breakfast</name><item><name>Big Breakfast</name><price>8.8</price></item><item><name>Hash Browns</name><price>6.14</price></item><item><name>Hotcakes</name><price>7.71</price></item></category><category><name>Snacks &amp; Sides</name><item><name>McNuggets</name><price>2.11</price></item></category></menu><employees><employee><name>wEcsz4Kp</name><position>Cashier</position><hourlyWage>16.49</hourlyWage></employee><employee><name>tGQRNqVy</name><position>Cook</position><hourlyWage>18.3</hourlyWage></employee><employee><name>EMHpU55v</name><position>Cook</position><hourlyWage>14.75</hourlyWage></employee><employee><name>bNnZrI58</name><position>Manager</position><hourlyWage>18.12</hourlyWage></employee><employee><name>WsmhCXyx</name><position>Cook</position><hourlyWage>8.87</hourlyWage></employee><employee><name>3FvTVXP3</name><position>Cook</position><hourlyWage>13.04</hourlyWage></employee><employee><name>taq9SJAZ</name><position>Waiter</position><hourlyWage>17.97</hourlyWage></employee><employee><name>mksiWDrO</name><position>Cook</position><hourlyWage>10.9</hourlyWage></employee></employees><operatingHours><day><name>Monday</name><openingTime>09:00</openingTime><closingTime>22:00</closingTime></day><day><name>Tuesday</name><openingTime>09:00</openingTime><closingTime>22:00</closingTime></day><day><name>Wednesday</name><openingTime>09:00</openingTime><closingTime>22:00</closingTime></day><day><name>Thursday</name><openingTime>09:00</openingTime><closingTime>22:00</closingTime></day><day><name>Friday</name><openingTime>09:00</openingTime><closingTime>22:00</closingTime></day><day><name>Saturday</name><openingTime>09:00</openingTime><closingTime>22:00</closingTime></day><day><name>Sunday</name><openingTime>09:00</openingTime><closingTime>22:00</closingTime></day></operatingHours><onlineOrdering>true</onlineOrdering><loyaltyProgramEnabled>true</loyaltyProgramEnabled><driveThruAvailable>false</driveThruAvailable><language>French</language><taxReference>Nv6PmLCU</taxReference><operations /></restaurantConfig>