<restaurantConfig><name>93u6cTQ69Z</name><location><city>Sacramento</city><zipcode>11610</zipcode></location><currency>USD</currency><timezone>EST</timezone><menu><category><name>Chicken &amp; Sandwiches</name><item><name>Artisan Grilled Chicken Sandwich</name><price>5.59</price></item><item><name>Buttermilk Crispy Chicken Sandwich</name><price>6.79</price></item><item><name>Spicy McChicken</name><price>8.17</price></item></category><category><name>Breakfast</name><item><name>Big Breakfast</name><price>6.94</price></item><item><name>Hash Browns</name><price>7.58</price></item><item><name>Hotcakes</name><price>8.45</price></item><item><name>Sausage McMuffin</name><price>3.03</price></item></category></menu><employees><employee><name>Xk1aHmh2</name><position>Waiter</position><hourlyWage>10.09</hourlyWage></employee><employee><name>sbkoonQw</name><position>Manager</position><hourlyWage>14.17</hourlyWage></employee><employee><name>FkGihDtj</name><position>Cook</position><hourlyWage>8.77</hourlyWage></employee><employee><name>wb36X7vw</name><position>Cook</position><hourlyWage>17.98</hourlyWage></employee><employee><name>3nNuBZai</name><position>Waiter</position><hourlyWage>17.3</hourlyWage></employee><employee><name>BahVTyvr</name><position>Cook</position><hourlyWage>12.12</hourlyWage></employee></employees><operatingHours><day><name>Monday</name><openingTime>09:00</openingTime><closingTime>22:00</closingTime></day><day><name>Tuesday</name><openingTime>09:00</openingTime><closingTime>22:00</closingTime></day><day><name>Wednesday</name><openingTime>09:00</openingTime><closingTime>22:00</closingTime></day><day><name>Thursday</name><openingTime>09:00</openingTime><closingTime>22:00</closingTime></day><day><name>Friday</name><openingTime>09:00</openingTime><closingTime>22:00</closingTime></day><day><name>Saturday</name><openingTime>09:00</openingTime><closingTime>22:00</closingTime></day><day><name>Sunday</name><openingTime>09:00</openingTime><closingTime>22:00</closingTime></day></operatingHours><onlineOrdering>true</onlineOrdering><loyaltyProgramEnabled>false</loyaltyProgramEnabled><driveThruAvailable>true</driveThruAvailable><language>German</language><taxReference>VPXGwD3n</taxReference><operations /></restaurantConfig>