<restaurantConfig><name>sUWoOAEudQ</name><location><city>Boston</city><zipcode>83026</zipcode></location><currency>USD</currency><timezone>EST</timezone><menu><category><name>Burgers</name><item><name>Big Mac</name><price>3.51</price></item><item><name>McDouble</name><price>2.56</price></item></category><category><name>Chicken &amp; Sandwiches</name><item><name>Buttermilk Crispy Chicken Sandwich</name><price>5.39</price></item><item><name>Spicy McChicken</name><price>7.89</price></item><item><name>McChicken Deluxe</name><price>2.94</price></item></category><category><name>Salads</name><item><name>Bacon Ranch Salad</name><price>7.68</price></item><item><name>Side Salad</name><price>2.23</price></item><item><name>Southwest Grilled Chicken Salad</name><price>8.17</price></item></category><category><name>Breakfast</name><item><name>Hotcakes</name><price>8.02</price></item><item><name>Sausage McMuffin</name><price>3.36</price></item><item><name>Hash Browns</name><price>4.47</price></item><item><name>Big Breakfast</name><price>1.01</price></item></category><category><name>Snacks &amp; Sides</name><item><name>Apple Slices</name><price>1.7</price></item><item><name>McNuggets</name><price>6.92</price></item><item><name>French Fries</name><price>1.72</price></item></category></menu><employees><employee><name>LU1gG8HO</name><position>Cashier</position><hourlyWage>18.33</hourlyWage></employee><employee><name>ZcRLX70D</name><position>Waiter</position><hourlyWage>17.33</hourlyWage></employee><employee><name>LLA8qggj</name><position>Manager</position><hourlyWage>17.85</hourlyWage></employee><employee><name>cl8nwNsR</name><position>Cook</position><hourlyWage>14.18</hourlyWage></employee></employees><operatingHours><day><name>Monday</name><openingTime>09:00</openingTime><closingTime>22:00</closingTime></day><day><name>Tuesday</name><openingTime>09:00</openingTime><closingTime>22:00</closingTime></day><day><name>Wednesday</name><openingTime>09:00</openingTime><closingTime>22:00</closingTime></day><day><name>Thursday</name><openingTime>09:00</openingTime><closingTime>22:00</closingTime></day><day><name>Friday</name><openingTime>09:00</openingTime><closingTime>22:00</closingTime></day><day><name>Saturday</name><openingTime>09:00</openingTime><closingTime>22:00</closingTime></day><day><name>Sunday</name><openingTime>09:00</openingTime><closingTime>22:00</closingTime></day></operatingHours><onlineOrdering>true</onlineOrdering><loyaltyProgramEnabled>true</loyaltyProgramEnabled><driveThruAvailable>false</driveThruAvailable><language>French</language><taxReference>RSG1X0PP</taxReference><operations /></restaurantConfig>