<restaurantConfig><name>EAwo5khZza</name><location><city>Virginia Beach</city><zipcode>25509</zipcode></location><currency>USD</currency><timezone>EST</timezone><menu><category><name>Burgers</name><item><name>Big Mac</name><price>9.23</price></item><item><name>McChicken</name><price>2.62</price></item><item><name>Filet-O-Fish</name><price>9.43</price></item></category><category><name>Chicken &amp; Sandwiches</name><item><name>Artisan Grilled Chicken Sandwich</name><price>9.85</price></item><item><name>McChicken Deluxe</name><price>8.14</price></item><item><name>Spicy McChicken</name><price>7.49</price></item><item><name>Buttermilk Crispy Chicken Sandwich</name><price>1.82</price></item></category><category><name>Salads</name><item><name>Side Salad</name><price>7.72</price></item><item><name>Bacon Ranch Salad</name><price>5.68</price></item></category><category><name>Breakfast</name><item><name>Big Breakfast</name><price>1.2</price></item><item><name>Egg McMuffin</name><price>4.3</price></item><item><name>Hash Browns</name><price>4.85</price></item><item><name>Hotcakes</name><price>4.16</price></item></category></menu><employees><employee><name>mDn6KjGx</name><position>Cook</position><hourlyWage>13.92</hourlyWage></employee><employee><name>imhb2igN</name><position>Cashier</position><hourlyWage>14.42</hourlyWage></employee></employees><operatingHours><day><name>Monday</name><openingTime>09:00</openingTime><closingTime>22:00</closingTime></day><day><name>Tuesday</name><openingTime>09:00</openingTime><closingTime>22:00</closingTime></day><day><name>Wednesday</name><openingTime>09:00</openingTime><closingTime>22:00</closingTime></day><day><name>Thursday</name><openingTime>09:00</openingTime><closingTime>22:00</closingTime></day><day><name>Friday</name><openingTime>09:00</openingTime><closingTime>22:00</closingTime></day><day><name>Saturday</name><openingTime>09:00</openingTime><closingTime>22:00</closingTime></day><day><name>Sunday</name><openingTime>09:00</openingTime><closingTime>22:00</closingTime></day></operatingHours><onlineOrdering>false</onlineOrdering><loyaltyProgramEnabled>false</loyaltyProgramEnabled><driveThruAvailable>true</driveThruAvailable><language>English</language><taxReference>Qp1xrk4a</taxReference><operations /></restaurantConfig>