<restaurantConfig><name>vP37YOTDJf</name><location><city>Minneapolis</city><zipcode>76246</zipcode></location><currency>USD</currency><timezone>EST</timezone><menu><category><name>Burgers</name><item><name>Quarter Pounder with Cheese</name><price>2.79</price></item><item><name>Big Mac</name><price>9.87</price></item></category><category><name>Chicken &amp; Sandwiches</name><item><name>Artisan Grilled Chicken Sandwich</name><price>3.41</price></item><item><name>Buttermilk Crispy Chicken Sandwich</name><price>5.61</price></item><item><name>Spicy McChicken</name><price>9.03</price></item></category><category><name>Snacks &amp; Sides</name><item><name>McNuggets</name><price>1.76</price></item></category></menu><employees><employee><name>rfja6Wnp</name><position>Manager</position><hourlyWage>17.84</hourlyWage></employee></employees><operatingHours><day><name>Monday</name><openingTime>09:00</openingTime><closingTime>22:00</closingTime></day><day><name>Tuesday</name><openingTime>09:00</openingTime><closingTime>22:00</closingTime></day><day><name>Wednesday</name><openingTime>09:00</openingTime><closingTime>22:00</closingTime></day><day><name>Thursday</name><openingTime>09:00</openingTime><closingTime>22:00</closingTime></day><day><name>Friday</name><openingTime>09:00</openingTime><closingTime>22:00</closingTime></day><day><name>Saturday</name><openingTime>09:00</openingTime><closingTime>22:00</closingTime></day><day><name>Sunday</name><openingTime>09:00</openingTime><closingTime>22:00</closingTime></day></operatingHours><onlineOrdering>false</onlineOrdering><loyaltyProgramEnabled>false</loyaltyProgramEnabled><driveThruAvailable>true</driveThruAvailable><language>French</language><taxReference>oJ7dIWUy</taxReference><operations /></restaurantConfig>