<restaurantConfig><name>QPwmMiMKrm</name><location><city>New York</city><zipcode>84425</zipcode></location><currency>USD</currency><timezone>EST</timezone><menu><category><name>Chicken &amp; Sandwiches</name><item><name>McChicken Deluxe</name><price>2.31</price></item><item><name>Spicy McChicken</name><price>4.26</price></item><item><name>Artisan Grilled Chicken Sandwich</name><price>3.14</price></item><item><name>Buttermilk Crispy Chicken Sandwich</name><price>8.67</price></item></category><category><name>Salads</name><item><name>Bacon Ranch Salad</name><price>6.42</price></item><item><name>Southwest Grilled Chicken Salad</name><price>6.97</price></item></category><category><name>Snacks &amp; Sides</name><item><name>Apple Slices</name><price>6.14</price></item></category></menu><employees><employee><name>SUh7jq4G</name><position>Cook</position><hourlyWage>9.38</hourlyWage></employee><employee><name>f8PEVzKK</name><position>Waiter</position><hourlyWage>12.23</hourlyWage></employee><employee><name>IrrSCBQl</name><position>Manager</position><hourlyWage>10.8</hourlyWage></employee></employees><operatingHours><day><name>Monday</name><openingTime>09:00</openingTime><closingTime>22:00</closingTime></day><day><name>Tuesday</name><openingTime>09:00</openingTime><closingTime>22:00</closingTime></day><day><name>Wednesday</name><openingTime>09:00</openingTime><closingTime>22:00</closingTime></day><day><name>Thursday</name><openingTime>09:00</openingTime><closingTime>22:00</closingTime></day><day><name>Friday</name><openingTime>09:00</openingTime><closingTime>22:00</closingTime></day><day><name>Saturday</name><openingTime>09:00</openingTime><closingTime>22:00</closingTime></day><day><name>Sunday</name><openingTime>09:00</openingTime><closingTime>22:00</closingTime></day></operatingHours><onlineOrdering>false</onlineOrdering><loyaltyProgramEnabled>true</loyaltyProgramEnabled><driveThruAvailable>false</driveThruAvailable><language>English</language><taxReference>ks3rZBLf</taxReference><operations /></restaurantConfig>