<restaurantConfig><name>I3O4kdCrSr</name><location><city>San Jose</city><zipcode>92877</zipcode></location><currency>USD</currency><timezone>EST</timezone><menu><category><name>Chicken &amp; Sandwiches</name><item><name>McChicken Deluxe</name><price>1.82</price></item></category><category><name>Breakfast</name><item><name>Hotcakes</name><price>6.87</price></item></category><category><name>Snacks &amp; Sides</name><item><name>French Fries</name><price>2.81</price></item><item><name>Apple Slices</name><price>3.32</price></item></category></menu><employees><employee><name>LtE0GVZO</name><position>Cashier</position><hourlyWage>16.49</hourlyWage></employee><employee><name>3mqZFh5Z</name><position>Cook</position><hourlyWage>15.54</hourlyWage></employee><employee><name>pS4CAlh0</name><position>Cashier</position><hourlyWage>19.82</hourlyWage></employee><employee><name>TAcfMn05</name><position>Cook</position><hourlyWage>17.79</hourlyWage></employee></employees><operatingHours><day><name>Monday</name><openingTime>09:00</openingTime><closingTime>22:00</closingTime></day><day><name>Tuesday</name><openingTime>09:00</openingTime><closingTime>22:00</closingTime></day><day><name>Wednesday</name><openingTime>09:00</openingTime><closingTime>22:00</closingTime></day><day><name>Thursday</name><openingTime>09:00</openingTime><closingTime>22:00</closingTime></day><day><name>Friday</name><openingTime>09:00</openingTime><closingTime>22:00</closingTime></day><day><name>Saturday</name><openingTime>09:00</openingTime><closingTime>22:00</closingTime></day><day><name>Sunday</name><openingTime>09:00</openingTime><closingTime>22:00</closingTime></day></operatingHours><onlineOrdering>true</onlineOrdering><loyaltyProgramEnabled>true</loyaltyProgramEnabled><driveThruAvailable>false</driveThruAvailable><language>Spanish</language><taxReference>wbgcILwD</taxReference><operations /></restaurantConfig>