<restaurantConfig><name>rCdYGSkKER</name><location><city>Chicago</city><zipcode>73301</zipcode></location><currency>USD</currency><timezone>EST</timezone><menu><category><name>Snacks &amp; Sides</name><item><name>French Fries</name><price>1.34</price></item><item><name>McNuggets</name><price>2.45</price></item><item><name>Apple Slices</name><price>4.78</price></item></category></menu><employees><employee><name>DQg0v0BJ</name><position>Cook</position><hourlyWage>9.59</hourlyWage></employee><employee><name>MnrBuVLK</name><position>Manager</position><hourlyWage>15.12</hourlyWage></employee><employee><name>YpDgpSjx</name><position>Cook</position><hourlyWage>18.67</hourlyWage></employee><employee><name>CPpBv8Gi</name><position>Cashier</position><hourlyWage>14.07</hourlyWage></employee><employee><name>UmBg0nzn</name><position>Cashier</position><hourlyWage>12.54</hourlyWage></employee><employee><name>KIv33epE</name><position>Cook</position><hourlyWage>14.32</hourlyWage></employee><employee><name>IQIoYlke</name><position>Cook</position><hourlyWage>9.91</hourlyWage></employee><employee><name>Yu8sURoO</name><position>Cashier</position><hourlyWage>12.5</hourlyWage></employee></employees><operatingHours><day><name>Monday</name><openingTime>09:00</openingTime><closingTime>22:00</closingTime></day><day><name>Tuesday</name><openingTime>09:00</openingTime><closingTime>22:00</closingTime></day><day><name>Wednesday</name><openingTime>09:00</openingTime><closingTime>22:00</closingTime></day><day><name>Thursday</name><openingTime>09:00</openingTime><closingTime>22:00</closingTime></day><day><name>Friday</name><openingTime>09:00</openingTime><closingTime>22:00</closingTime></day><day><name>Saturday</name><openingTime>09:00</openingTime><closingTime>22:00</closingTime></day><day><name>Sunday</name><openingTime>09:00</openingTime><closingTime>22:00</closingTime></day></operatingHours><onlineOrdering>true</onlineOrdering><loyaltyProgramEnabled>false</loyaltyProgramEnabled><driveThruAvailable>false</driveThruAvailable><language>English</language><taxReference>jKJ5Ih65</taxReference><operations /></restaurantConfig>