<restaurantConfig><name>AtzOHlDsmE</name><location><city>Boston</city><zipcode>10398</zipcode></location><currency>USD</currency><timezone>EST</timezone><menu><category><name>Chicken &amp; Sandwiches</name><item><name>McChicken Deluxe</name><price>3.07</price></item><item><name>Artisan Grilled Chicken Sandwich</name><price>7.53</price></item></category><category><name>Breakfast</name><item><name>Sausage McMuffin</name><price>4.69</price></item><item><name>Egg McMuffin</name><price>5.77</price></item><item><name>Hotcakes</name><price>4.98</price></item></category></menu><employees><employee><name>cXIbhVEt</name><position>Waiter</position><hourlyWage>9.06</hourlyWage></employee><employee><name>yAAgkpyf</name><position>Cook</position><hourlyWage>9.03</hourlyWage></employee><employee><name>X2vXzJ51</name><position>Cashier</position><hourlyWage>13.34</hourlyWage></employee><employee><name>z0hIxB0I</name><position>Waiter</position><hourlyWage>16.13</hourlyWage></employee><employee><name>mwN0BDBs</name><position>Manager</position><hourlyWage>19.43</hourlyWage></employee></employees><operatingHours><day><name>Monday</name><openingTime>09:00</openingTime><closingTime>22:00</closingTime></day><day><name>Tuesday</name><openingTime>09:00</openingTime><closingTime>22:00</closingTime></day><day><name>Wednesday</name><openingTime>09:00</openingTime><closingTime>22:00</closingTime></day><day><name>Thursday</name><openingTime>09:00</openingTime><closingTime>22:00</closingTime></day><day><name>Friday</name><openingTime>09:00</openingTime><closingTime>22:00</closingTime></day><day><name>Saturday</name><openingTime>09:00</openingTime><closingTime>22:00</closingTime></day><day><name>Sunday</name><openingTime>09:00</openingTime><closingTime>22:00</closingTime></day></operatingHours><onlineOrdering>false</onlineOrdering><loyaltyProgramEnabled>false</loyaltyProgramEnabled><driveThruAvailable>true</driveThruAvailable><language>French</language><taxReference>AIDnIgzB</taxReference><operations /></restaurantConfig>