<restaurantConfig><name>17vU4D6tFN</name><location><city>Baltimore</city><zipcode>99663</zipcode></location><currency>USD</currency><timezone>EST</timezone><menu><category><name>Chicken &amp; Sandwiches</name><item><name>Spicy McChicken</name><price>3.9</price></item><item><name>Artisan Grilled Chicken Sandwich</name><price>5.07</price></item></category><category><name>Salads</name><item><name>Bacon Ranch Salad</name><price>9.75</price></item><item><name>Southwest Grilled Chicken Salad</name><price>3.55</price></item></category></menu><employees><employee><name>lDc57UPs</name><position>Waiter</position><hourlyWage>18.05</hourlyWage></employee><employee><name>50HuLKM0</name><position>Cashier</position><hourlyWage>19.31</hourlyWage></employee><employee><name>9oif4xfL</name><position>Manager</position><hourlyWage>18.95</hourlyWage></employee><employee><name>QCLTjfiq</name><position>Cashier</position><hourlyWage>11.23</hourlyWage></employee><employee><name>cCgUfHle</name><position>Cashier</position><hourlyWage>9.42</hourlyWage></employee><employee><name>wgxRDeXj</name><position>Cashier</position><hourlyWage>15.97</hourlyWage></employee></employees><operatingHours><day><name>Monday</name><openingTime>09:00</openingTime><closingTime>22:00</closingTime></day><day><name>Tuesday</name><openingTime>09:00</openingTime><closingTime>22:00</closingTime></day><day><name>Wednesday</name><openingTime>09:00</openingTime><closingTime>22:00</closingTime></day><day><name>Thursday</name><openingTime>09:00</openingTime><closingTime>22:00</closingTime></day><day><name>Friday</name><openingTime>09:00</openingTime><closingTime>22:00</closingTime></day><day><name>Saturday</name><openingTime>09:00</openingTime><closingTime>22:00</closingTime></day><day><name>Sunday</name><openingTime>09:00</openingTime><closingTime>22:00</closingTime></day></operatingHours><onlineOrdering>true</onlineOrdering><loyaltyProgramEnabled>true</loyaltyProgramEnabled><driveThruAvailable>true</driveThruAvailable><language>Spanish</language><taxReference>uUToJPIu</taxReference><operations /></restaurantConfig>