<restaurantConfig><name>SNEIuXDFnD</name><location><city>San Diego</city><zipcode>51248</zipcode></location><currency>USD</currency><timezone>EST</timezone><menu><category><name>Burgers</name><item><name>McChicken</name><price>4.0</price></item><item><name>Quarter Pounder with Cheese</name><price>1.53</price></item><item><name>Filet-O-Fish</name><price>3.51</price></item><item><name>Big Mac</name><price>9.85</price></item></category><category><name>Chicken &amp; Sandwiches</name><item><name>Artisan Grilled Chicken Sandwich</name><price>1.59</price></item></category><category><name>Breakfast</name><item><name>Hotcakes</name><price>9.22</price></item><item><name>Sausage McMuffin</name><price>2.02</price></item><item><name>Hash Browns</name><price>9.45</price></item></category></menu><employees><employee><name>t6xeshX0</name><position>Cook</position><hourlyWage>9.86</hourlyWage></employee><employee><name>XslVroiP</name><position>Waiter</position><hourlyWage>18.91</hourlyWage></employee><employee><name>GqZlVQ3N</name><position>Manager</position><hourlyWage>13.93</hourlyWage></employee><employee><name>xfcVBZ5Z</name><position>Manager</position><hourlyWage>11.95</hourlyWage></employee><employee><name>7X4HtFZ1</name><position>Cashier</position><hourlyWage>10.47</hourlyWage></employee><employee><name>A8eGZDjf</name><position>Cashier</position><hourlyWage>13.61</hourlyWage></employee><employee><name>LvV0AtWT</name><position>Manager</position><hourlyWage>16.04</hourlyWage></employee></employees><operatingHours><day><name>Monday</name><openingTime>09:00</openingTime><closingTime>22:00</closingTime></day><day><name>Tuesday</name><openingTime>09:00</openingTime><closingTime>22:00</closingTime></day><day><name>Wednesday</name><openingTime>09:00</openingTime><closingTime>22:00</closingTime></day><day><name>Thursday</name><openingTime>09:00</openingTime><closingTime>22:00</closingTime></day><day><name>Friday</name><openingTime>09:00</openingTime><closingTime>22:00</closingTime></day><day><name>Saturday</name><openingTime>09:00</openingTime><closingTime>22:00</closingTime></day><day><name>Sunday</name><openingTime>09:00</openingTime><closingTime>22:00</closingTime></day></operatingHours><onlineOrdering>true</onlineOrdering><loyaltyProgramEnabled>false</loyaltyProgramEnabled><driveThruAvailable>true</driveThruAvailable><language>German</language><taxReference>1QiNIopW</taxReference><operations /></restaurantConfig>