<restaurantConfig><name>hvf7oYNH2d</name><location><city>Colorado Springs</city><zipcode>28795</zipcode></location><currency>USD</currency><timezone>EST</timezone><menu><category><name>Chicken &amp; Sandwiches</name><item><name>Artisan Grilled Chicken Sandwich</name><price>7.0</price></item><item><name>McChicken Deluxe</name><price>5.79</price></item><item><name>Buttermilk Crispy Chicken Sandwich</name><price>3.36</price></item></category><category><name>Snacks &amp; Sides</name><item><name>McNuggets</name><price>6.65</price></item></category></menu><employees><employee><name>364QroVH</name><position>Cook</position><hourlyWage>9.67</hourlyWage></employee><employee><name>JArS0aIy</name><position>Manager</position><hourlyWage>8.1</hourlyWage></employee><employee><name>IXjcfEEa</name><position>Waiter</position><hourlyWage>14.03</hourlyWage></employee><employee><name>aSSQ0DYN</name><position>Waiter</position><hourlyWage>8.62</hourlyWage></employee><employee><name>L0qc3ew9</name><position>Cook</position><hourlyWage>13.65</hourlyWage></employee></employees><operatingHours><day><name>Monday</name><openingTime>09:00</openingTime><closingTime>22:00</closingTime></day><day><name>Tuesday</name><openingTime>09:00</openingTime><closingTime>22:00</closingTime></day><day><name>Wednesday</name><openingTime>09:00</openingTime><closingTime>22:00</closingTime></day><day><name>Thursday</name><openingTime>09:00</openingTime><closingTime>22:00</closingTime></day><day><name>Friday</name><openingTime>09:00</openingTime><closingTime>22:00</closingTime></day><day><name>Saturday</name><openingTime>09:00</openingTime><closingTime>22:00</closingTime></day><day><name>Sunday</name><openingTime>09:00</openingTime><closingTime>22:00</closingTime></day></operatingHours><onlineOrdering>true</onlineOrdering><loyaltyProgramEnabled>true</loyaltyProgramEnabled><driveThruAvailable>false</driveThruAvailable><language>French</language><taxReference>nuO9A19w</taxReference><operations /></restaurantConfig>