<restaurantConfig><name>lzwqpyHEAu</name><location><city>El Paso</city><zipcode>21396</zipcode></location><currency>USD</currency><timezone>EST</timezone><menu><category><name>Chicken &amp; Sandwiches</name><item><name>Spicy McChicken</name><price>6.61</price></item><item><name>McChicken Deluxe</name><price>8.98</price></item><item><name>Buttermilk Crispy Chicken Sandwich</name><price>5.39</price></item><item><name>Artisan Grilled Chicken Sandwich</name><price>9.25</price></item></category><category><name>Salads</name><item><name>Southwest Grilled Chicken Salad</name><price>7.71</price></item><item><name>Bacon Ranch Salad</name><price>1.72</price></item></category></menu><employees><employee><name>3Fj4vxIb</name><position>Cook</position><hourlyWage>10.68</hourlyWage></employee><employee><name>g8nWrczn</name><position>Cook</position><hourlyWage>20.0</hourlyWage></employee><employee><name>dmPuyemH</name><position>Waiter</position><hourlyWage>9.64</hourlyWage></employee></employees><operatingHours><day><name>Monday</name><openingTime>09:00</openingTime><closingTime>22:00</closingTime></day><day><name>Tuesday</name><openingTime>09:00</openingTime><closingTime>22:00</closingTime></day><day><name>Wednesday</name><openingTime>09:00</openingTime><closingTime>22:00</closingTime></day><day><name>Thursday</name><openingTime>09:00</openingTime><closingTime>22:00</closingTime></day><day><name>Friday</name><openingTime>09:00</openingTime><closingTime>22:00</closingTime></day><day><name>Saturday</name><openingTime>09:00</openingTime><closingTime>22:00</closingTime></day><day><name>Sunday</name><openingTime>09:00</openingTime><closingTime>22:00</closingTime></day></operatingHours><onlineOrdering>true</onlineOrdering><loyaltyProgramEnabled>false</loyaltyProgramEnabled><driveThruAvailable>false</driveThruAvailable><language>English</language><taxReference>Mqdaqs3P</taxReference><operations /></restaurantConfig>