<restaurantConfig><name>mmuBf8tBcv</name><location><city>San Francisco</city><zipcode>66517</zipcode></location><currency>USD</currency><timezone>EST</timezone><menu><category><name>Burgers</name><item><name>McChicken</name><price>8.32</price></item><item><name>Quarter Pounder with Cheese</name><price>6.15</price></item></category><category><name>Chicken &amp; Sandwiches</name><item><name>Artisan Grilled Chicken Sandwich</name><price>5.57</price></item><item><name>Buttermilk Crispy Chicken Sandwich</name><price>9.89</price></item><item><name>Spicy McChicken</name><price>2.92</price></item></category><category><name>Breakfast</name><item><name>Hash Browns</name><price>3.27</price></item></category><category><name>Snacks &amp; Sides</name><item><name>French Fries</name><price>5.77</price></item></category></menu><employees><employee><name>DIjPstHR</name><position>Manager</position><hourlyWage>15.8</hourlyWage></employee><employee><name>eTK5xfBp</name><position>Cook</position><hourlyWage>15.02</hourlyWage></employee><employee><name>IgixpKzX</name><position>Cashier</position><hourlyWage>18.87</hourlyWage></employee><employee><name>EoUeowbn</name><position>Cook</position><hourlyWage>11.72</hourlyWage></employee><employee><name>SARq3wOg</name><position>Manager</position><hourlyWage>9.36</hourlyWage></employee><employee><name>RgabVPSd</name><position>Cook</position><hourlyWage>19.34</hourlyWage></employee></employees><operatingHours><day><name>Monday</name><openingTime>09:00</openingTime><closingTime>22:00</closingTime></day><day><name>Tuesday</name><openingTime>09:00</openingTime><closingTime>22:00</closingTime></day><day><name>Wednesday</name><openingTime>09:00</openingTime><closingTime>22:00</closingTime></day><day><name>Thursday</name><openingTime>09:00</openingTime><closingTime>22:00</closingTime></day><day><name>Friday</name><openingTime>09:00</openingTime><closingTime>22:00</closingTime></day><day><name>Saturday</name><openingTime>09:00</openingTime><closingTime>22:00</closingTime></day><day><name>Sunday</name><openingTime>09:00</openingTime><closingTime>22:00</closingTime></day></operatingHours><onlineOrdering>true</onlineOrdering><loyaltyProgramEnabled>true</loyaltyProgramEnabled><driveThruAvailable>true</driveThruAvailable><language>English</language><taxReference>ybutnAam</taxReference><operations /></restaurantConfig>