<restaurantConfig><name>J3t8ySs2e5</name><location><city>San Francisco</city><zipcode>53038</zipcode></location><currency>USD</currency><timezone>EST</timezone><menu><category><name>Chicken &amp; Sandwiches</name><item><name>McChicken Deluxe</name><price>5.19</price></item><item><name>Spicy McChicken</name><price>3.1</price></item></category><category><name>Breakfast</name><item><name>Hash Browns</name><price>7.91</price></item><item><name>Hotcakes</name><price>5.88</price></item><item><name>Sausage McMuffin</name><price>9.37</price></item></category></menu><employees><employee><name>btAlJpxd</name><position>Cashier</position><hourlyWage>19.63</hourlyWage></employee><employee><name>hb86hL4D</name><position>Cook</position><hourlyWage>10.86</hourlyWage></employee><employee><name>QLXgVXmX</name><position>Waiter</position><hourlyWage>14.5</hourlyWage></employee></employees><operatingHours><day><name>Monday</name><openingTime>09:00</openingTime><closingTime>22:00</closingTime></day><day><name>Tuesday</name><openingTime>09:00</openingTime><closingTime>22:00</closingTime></day><day><name>Wednesday</name><openingTime>09:00</openingTime><closingTime>22:00</closingTime></day><day><name>Thursday</name><openingTime>09:00</openingTime><closingTime>22:00</closingTime></day><day><name>Friday</name><openingTime>09:00</openingTime><closingTime>22:00</closingTime></day><day><name>Saturday</name><openingTime>09:00</openingTime><closingTime>22:00</closingTime></day><day><name>Sunday</name><openingTime>09:00</openingTime><closingTime>22:00</closingTime></day></operatingHours><onlineOrdering>true</onlineOrdering><loyaltyProgramEnabled>false</loyaltyProgramEnabled><driveThruAvailable>false</driveThruAvailable><language>German</language><taxReference>YseFij7L</taxReference><operations /></restaurantConfig>