<restaurantConfig><name>MCifO1lAVw</name><location><city>Minneapolis</city><zipcode>45455</zipcode></location><currency>USD</currency><timezone>EST</timezone><menu><category><name>Burgers</name><item><name>McDouble</name><price>8.5</price></item><item><name>Filet-O-Fish</name><price>9.38</price></item><item><name>Big Mac</name><price>8.87</price></item><item><name>McChicken</name><price>2.63</price></item></category><category><name>Chicken &amp; Sandwiches</name><item><name>Artisan Grilled Chicken Sandwich</name><price>1.19</price></item><item><name>Buttermilk Crispy Chicken Sandwich</name><price>9.9</price></item><item><name>Spicy McChicken</name><price>8.51</price></item></category><category><name>Salads</name><item><name>Side Salad</name><price>9.15</price></item></category><category><name>Breakfast</name><item><name>Hash Browns</name><price>4.25</price></item><item><name>Hotcakes</name><price>4.08</price></item><item><name>Sausage McMuffin</name><price>2.44</price></item><item><name>Egg McMuffin</name><price>6.04</price></item><item><name>Big Breakfast</name><price>8.46</price></item></category></menu><employees><employee><name>319FlCDT</name><position>Waiter</position><hourlyWage>14.36</hourlyWage></employee></employees><operatingHours><day><name>Monday</name><openingTime>09:00</openingTime><closingTime>22:00</closingTime></day><day><name>Tuesday</name><openingTime>09:00</openingTime><closingTime>22:00</closingTime></day><day><name>Wednesday</name><openingTime>09:00</openingTime><closingTime>22:00</closingTime></day><day><name>Thursday</name><openingTime>09:00</openingTime><closingTime>22:00</closingTime></day><day><name>Friday</name><openingTime>09:00</openingTime><closingTime>22:00</closingTime></day><day><name>Saturday</name><openingTime>09:00</openingTime><closingTime>22:00</closingTime></day><day><name>Sunday</name><openingTime>09:00</openingTime><closingTime>22:00</closingTime></day></operatingHours><onlineOrdering>true</onlineOrdering><loyaltyProgramEnabled>false</loyaltyProgramEnabled><driveThruAvailable>false</driveThruAvailable><language>French</language><taxReference>yWSos3dC</taxReference><operations /></restaurantConfig>