<restaurantConfig><name>dXOFnefLw1</name><location><city>Phoenix</city><zipcode>41777</zipcode></location><currency>USD</currency><timezone>EST</timezone><menu><category><name>Burgers</name><item><name>Filet-O-Fish</name><price>7.47</price></item></category><category><name>Chicken &amp; Sandwiches</name><item><name>McChicken Deluxe</name><price>4.36</price></item><item><name>Buttermilk Crispy Chicken Sandwich</name><price>7.27</price></item></category><category><name>Breakfast</name><item><name>Egg McMuffin</name><price>6.73</price></item></category><category><name>Snacks &amp; Sides</name><item><name>French Fries</name><price>2.38</price></item><item><name>Apple Slices</name><price>6.66</price></item><item><name>McNuggets</name><price>7.92</price></item></category></menu><employees><employee><name>dq7uACZl</name><position>Cashier</position><hourlyWage>13.46</hourlyWage></employee><employee><name>v6zRGmxI</name><position>Cook</position><hourlyWage>11.59</hourlyWage></employee></employees><operatingHours><day><name>Monday</name><openingTime>09:00</openingTime><closingTime>22:00</closingTime></day><day><name>Tuesday</name><openingTime>09:00</openingTime><closingTime>22:00</closingTime></day><day><name>Wednesday</name><openingTime>09:00</openingTime><closingTime>22:00</closingTime></day><day><name>Thursday</name><openingTime>09:00</openingTime><closingTime>22:00</closingTime></day><day><name>Friday</name><openingTime>09:00</openingTime><closingTime>22:00</closingTime></day><day><name>Saturday</name><openingTime>09:00</openingTime><closingTime>22:00</closingTime></day><day><name>Sunday</name><openingTime>09:00</openingTime><closingTime>22:00</closingTime></day></operatingHours><onlineOrdering>true</onlineOrdering><loyaltyProgramEnabled>false</loyaltyProgramEnabled><driveThruAvailable>false</driveThruAvailable><language>Spanish</language><taxReference>zcixZGwf</taxReference><operations /></restaurantConfig>