<restaurantConfig><name>vV1Xs9OfRQ</name><location><city>San Jose</city><zipcode>23521</zipcode></location><currency>USD</currency><timezone>EST</timezone><menu><category><name>Salads</name><item><name>Bacon Ranch Salad</name><price>7.2</price></item></category><category><name>Breakfast</name><item><name>Egg McMuffin</name><price>1.38</price></item></category><category><name>Snacks &amp; Sides</name><item><name>McNuggets</name><price>8.76</price></item><item><name>French Fries</name><price>1.83</price></item><item><name>Apple Slices</name><price>6.54</price></item></category></menu><employees><employee><name>n21tZ4dZ</name><position>Cashier</position><hourlyWage>8.04</hourlyWage></employee><employee><name>ybgaXZ7o</name><position>Manager</position><hourlyWage>17.56</hourlyWage></employee><employee><name>Uc6PJDNC</name><position>Manager</position><hourlyWage>9.55</hourlyWage></employee><employee><name>NLWvr0xF</name><position>Cashier</position><hourlyWage>10.23</hourlyWage></employee><employee><name>Eni8IS3K</name><position>Manager</position><hourlyWage>17.62</hourlyWage></employee><employee><name>TdfxGJLs</name><position>Cashier</position><hourlyWage>11.81</hourlyWage></employee><employee><name>59fH2255</name><position>Manager</position><hourlyWage>15.04</hourlyWage></employee><employee><name>9AY22byN</name><position>Manager</position><hourlyWage>13.81</hourlyWage></employee><employee><name>3jpGqRDf</name><position>Waiter</position><hourlyWage>13.61</hourlyWage></employee></employees><operatingHours><day><name>Monday</name><openingTime>09:00</openingTime><closingTime>22:00</closingTime></day><day><name>Tuesday</name><openingTime>09:00</openingTime><closingTime>22:00</closingTime></day><day><name>Wednesday</name><openingTime>09:00</openingTime><closingTime>22:00</closingTime></day><day><name>Thursday</name><openingTime>09:00</openingTime><closingTime>22:00</closingTime></day><day><name>Friday</name><openingTime>09:00</openingTime><closingTime>22:00</closingTime></day><day><name>Saturday</name><openingTime>09:00</openingTime><closingTime>22:00</closingTime></day><day><name>Sunday</name><openingTime>09:00</openingTime><closingTime>22:00</closingTime></day></operatingHours><onlineOrdering>true</onlineOrdering><loyaltyProgramEnabled>true</loyaltyProgramEnabled><driveThruAvailable>false</driveThruAvailable><language>Spanish</language><taxReference>A8MiyZwn</taxReference><operations /></restaurantConfig>