<restaurantConfig><name>C6AkPa68js</name><location><city>Jacksonville</city><zipcode>49331</zipcode></location><currency>USD</currency><timezone>EST</timezone><menu><category><name>Burgers</name><item><name>Quarter Pounder with Cheese</name><price>9.22</price></item><item><name>McDouble</name><price>9.46</price></item><item><name>Big Mac</name><price>7.48</price></item><item><name>Filet-O-Fish</name><price>2.81</price></item></category><category><name>Chicken &amp; Sandwiches</name><item><name>Buttermilk Crispy Chicken Sandwich</name><price>9.74</price></item></category><category><name>Salads</name><item><name>Bacon Ranch Salad</name><price>4.54</price></item><item><name>Southwest Grilled Chicken Salad</name><price>9.45</price></item><item><name>Side Salad</name><price>2.05</price></item></category><category><name>Snacks &amp; Sides</name><item><name>French Fries</name><price>8.97</price></item><item><name>Apple Slices</name><price>8.75</price></item></category></menu><employees><employee><name>xo5XMO5K</name><position>Manager</position><hourlyWage>8.4</hourlyWage></employee><employee><name>6rQOYZiu</name><position>Cook</position><hourlyWage>16.75</hourlyWage></employee><employee><name>BUNMRmT6</name><position>Manager</position><hourlyWage>13.39</hourlyWage></employee><employee><name>0y7WdIDq</name><position>Manager</position><hourlyWage>16.89</hourlyWage></employee><employee><name>TCwJLGrM</name><position>Cook</position><hourlyWage>12.99</hourlyWage></employee><employee><name>qtoPfJuY</name><position>Waiter</position><hourlyWage>15.72</hourlyWage></employee><employee><name>ORbQpBNA</name><position>Cashier</position><hourlyWage>15.12</hourlyWage></employee><employee><name>DK89Jli4</name><position>Waiter</position><hourlyWage>13.82</hourlyWage></employee></employees><operatingHours><day><name>Monday</name><openingTime>09:00</openingTime><closingTime>22:00</closingTime></day><day><name>Tuesday</name><openingTime>09:00</openingTime><closingTime>22:00</closingTime></day><day><name>Wednesday</name><openingTime>09:00</openingTime><closingTime>22:00</closingTime></day><day><name>Thursday</name><openingTime>09:00</openingTime><closingTime>22:00</closingTime></day><day><name>Friday</name><openingTime>09:00</openingTime><closingTime>22:00</closingTime></day><day><name>Saturday</name><openingTime>09:00</openingTime><closingTime>22:00</closingTime></day><day><name>Sunday</name><openingTime>09:00</openingTime><closingTime>22:00</closingTime></day></operatingHours><onlineOrdering>true</onlineOrdering><loyaltyProgramEnabled>false</loyaltyProgramEnabled><driveThruAvailable>true</driveThruAvailable><language>English</language><taxReference>xtRO1KTq</taxReference><operations /></restaurantConfig>