<restaurantConfig><name>R25UpJX3xm</name><location><city>Minneapolis</city><zipcode>53910</zipcode></location><currency>USD</currency><timezone>EST</timezone><menu><category><name>Chicken &amp; Sandwiches</name><item><name>Artisan Grilled Chicken Sandwich</name><price>5.32</price></item><item><name>Spicy McChicken</name><price>6.52</price></item><item><name>McChicken Deluxe</name><price>7.06</price></item><item><name>Buttermilk Crispy Chicken Sandwich</name><price>2.22</price></item></category><category><name>Salads</name><item><name>Side Salad</name><price>6.31</price></item></category></menu><employees><employee><name>EBVHwavA</name><position>Cashier</position><hourlyWage>19.8</hourlyWage></employee><employee><name>9q3Wn2OU</name><position>Cook</position><hourlyWage>8.98</hourlyWage></employee><employee><name>i9HxymHc</name><position>Waiter</position><hourlyWage>18.07</hourlyWage></employee><employee><name>HqpA6MQL</name><position>Manager</position><hourlyWage>14.29</hourlyWage></employee><employee><name>gb45U935</name><position>Manager</position><hourlyWage>16.81</hourlyWage></employee><employee><name>iohs9zjt</name><position>Manager</position><hourlyWage>15.14</hourlyWage></employee><employee><name>rpLo8bU2</name><position>Manager</position><hourlyWage>19.78</hourlyWage></employee></employees><operatingHours><day><name>Monday</name><openingTime>09:00</openingTime><closingTime>22:00</closingTime></day><day><name>Tuesday</name><openingTime>09:00</openingTime><closingTime>22:00</closingTime></day><day><name>Wednesday</name><openingTime>09:00</openingTime><closingTime>22:00</closingTime></day><day><name>Thursday</name><openingTime>09:00</openingTime><closingTime>22:00</closingTime></day><day><name>Friday</name><openingTime>09:00</openingTime><closingTime>22:00</closingTime></day><day><name>Saturday</name><openingTime>09:00</openingTime><closingTime>22:00</closingTime></day><day><name>Sunday</name><openingTime>09:00</openingTime><closingTime>22:00</closingTime></day></operatingHours><onlineOrdering>false</onlineOrdering><loyaltyProgramEnabled>true</loyaltyProgramEnabled><driveThruAvailable>true</driveThruAvailable><language>German</language><taxReference>lZpEuHIG</taxReference><operations /></restaurantConfig>