<restaurantConfig><name>PY5KQ1uXI0</name><location><city>Omaha</city><zipcode>85520</zipcode></location><currency>USD</currency><timezone>EST</timezone><menu><category><name>Chicken &amp; Sandwiches</name><item><name>Artisan Grilled Chicken Sandwich</name><price>4.41</price></item><item><name>Spicy McChicken</name><price>3.32</price></item><item><name>Buttermilk Crispy Chicken Sandwich</name><price>6.48</price></item><item><name>McChicken Deluxe</name><price>7.27</price></item></category></menu><employees><employee><name>Hx4N6Kwi</name><position>Manager</position><hourlyWage>14.26</hourlyWage></employee><employee><name>Y4OvljVw</name><position>Cook</position><hourlyWage>9.89</hourlyWage></employee><employee><name>c5LinsJE</name><position>Cashier</position><hourlyWage>19.0</hourlyWage></employee><employee><name>SXPWZz61</name><position>Waiter</position><hourlyWage>9.06</hourlyWage></employee></employees><operatingHours><day><name>Monday</name><openingTime>09:00</openingTime><closingTime>22:00</closingTime></day><day><name>Tuesday</name><openingTime>09:00</openingTime><closingTime>22:00</closingTime></day><day><name>Wednesday</name><openingTime>09:00</openingTime><closingTime>22:00</closingTime></day><day><name>Thursday</name><openingTime>09:00</openingTime><closingTime>22:00</closingTime></day><day><name>Friday</name><openingTime>09:00</openingTime><closingTime>22:00</closingTime></day><day><name>Saturday</name><openingTime>09:00</openingTime><closingTime>22:00</closingTime></day><day><name>Sunday</name><openingTime>09:00</openingTime><closingTime>22:00</closingTime></day></operatingHours><onlineOrdering>true</onlineOrdering><loyaltyProgramEnabled>true</loyaltyProgramEnabled><driveThruAvailable>true</driveThruAvailable><language>German</language><taxReference>ss4AE2Ek</taxReference><operations /></restaurantConfig>