<restaurantConfig><name>bk8IY19xzh</name><location><city>Oklahoma City</city><zipcode>72133</zipcode></location><currency>USD</currency><timezone>EST</timezone><menu><category><name>Burgers</name><item><name>McDouble</name><price>6.93</price></item><item><name>Quarter Pounder with Cheese</name><price>8.45</price></item><item><name>Filet-O-Fish</name><price>4.6</price></item></category></menu><employees><employee><name>s6OAdA6y</name><position>Manager</position><hourlyWage>14.75</hourlyWage></employee><employee><name>8plfxc32</name><position>Cashier</position><hourlyWage>8.75</hourlyWage></employee><employee><name>A8xtdpy9</name><position>Manager</position><hourlyWage>15.06</hourlyWage></employee><employee><name>Pi0dTkdK</name><position>Waiter</position><hourlyWage>11.81</hourlyWage></employee><employee><name>k7ixkNTX</name><position>Manager</position><hourlyWage>8.37</hourlyWage></employee><employee><name>xNhQQC6B</name><position>Waiter</position><hourlyWage>18.55</hourlyWage></employee><employee><name>AjXrqcxj</name><position>Cashier</position><hourlyWage>12.3</hourlyWage></employee><employee><name>6FjuRUZ1</name><position>Cashier</position><hourlyWage>9.66</hourlyWage></employee></employees><operatingHours><day><name>Monday</name><openingTime>09:00</openingTime><closingTime>22:00</closingTime></day><day><name>Tuesday</name><openingTime>09:00</openingTime><closingTime>22:00</closingTime></day><day><name>Wednesday</name><openingTime>09:00</openingTime><closingTime>22:00</closingTime></day><day><name>Thursday</name><openingTime>09:00</openingTime><closingTime>22:00</closingTime></day><day><name>Friday</name><openingTime>09:00</openingTime><closingTime>22:00</closingTime></day><day><name>Saturday</name><openingTime>09:00</openingTime><closingTime>22:00</closingTime></day><day><name>Sunday</name><openingTime>09:00</openingTime><closingTime>22:00</closingTime></day></operatingHours><onlineOrdering>false</onlineOrdering><loyaltyProgramEnabled>true</loyaltyProgramEnabled><driveThruAvailable>true</driveThruAvailable><language>German</language><taxReference>lS4coWAK</taxReference><operations /></restaurantConfig>