<restaurantConfig><name>bMhZ1Vclq4</name><location><city>Chicago</city><zipcode>89142</zipcode></location><currency>USD</currency><timezone>EST</timezone><menu><category><name>Burgers</name><item><name>McDouble</name><price>7.98</price></item><item><name>Quarter Pounder with Cheese</name><price>4.4</price></item><item><name>Big Mac</name><price>2.2</price></item><item><name>McChicken</name><price>2.47</price></item></category><category><name>Salads</name><item><name>Side Salad</name><price>1.21</price></item><item><name>Southwest Grilled Chicken Salad</name><price>1.76</price></item></category><category><name>Breakfast</name><item><name>Sausage McMuffin</name><price>3.51</price></item><item><name>Hash Browns</name><price>8.06</price></item><item><name>Hotcakes</name><price>2.89</price></item><item><name>Egg McMuffin</name><price>7.53</price></item><item><name>Big Breakfast</name><price>7.74</price></item></category></menu><employees><employee><name>7a0oJOuY</name><position>Waiter</position><hourlyWage>9.47</hourlyWage></employee><employee><name>e3No5EAO</name><position>Waiter</position><hourlyWage>10.49</hourlyWage></employee><employee><name>0U124sqk</name><position>Cashier</position><hourlyWage>8.59</hourlyWage></employee><employee><name>Y6KobK9j</name><position>Manager</position><hourlyWage>16.82</hourlyWage></employee><employee><name>jMNf7EN8</name><position>Waiter</position><hourlyWage>14.2</hourlyWage></employee></employees><operatingHours><day><name>Monday</name><openingTime>09:00</openingTime><closingTime>22:00</closingTime></day><day><name>Tuesday</name><openingTime>09:00</openingTime><closingTime>22:00</closingTime></day><day><name>Wednesday</name><openingTime>09:00</openingTime><closingTime>22:00</closingTime></day><day><name>Thursday</name><openingTime>09:00</openingTime><closingTime>22:00</closingTime></day><day><name>Friday</name><openingTime>09:00</openingTime><closingTime>22:00</closingTime></day><day><name>Saturday</name><openingTime>09:00</openingTime><closingTime>22:00</closingTime></day><day><name>Sunday</name><openingTime>09:00</openingTime><closingTime>22:00</closingTime></day></operatingHours><onlineOrdering>false</onlineOrdering><loyaltyProgramEnabled>false</loyaltyProgramEnabled><driveThruAvailable>true</driveThruAvailable><language>Spanish</language><taxReference>2Lbq7JTI</taxReference><operations /></restaurantConfig>