<restaurantConfig><name>Y4GAgV9xU9</name><location><city>Baltimore</city><zipcode>69239</zipcode></location><currency>USD</currency><timezone>EST</timezone><menu><category><name>Burgers</name><item><name>McChicken</name><price>1.08</price></item></category><category><name>Salads</name><item><name>Southwest Grilled Chicken Salad</name><price>7.36</price></item><item><name>Bacon Ranch Salad</name><price>7.91</price></item></category><category><name>Breakfast</name><item><name>Big Breakfast</name><price>4.92</price></item><item><name>Hash Browns</name><price>9.07</price></item><item><name>Sausage McMuffin</name><price>9.29</price></item></category></menu><employees><employee><name>gJzGWSD7</name><position>Cashier</position><hourlyWage>17.15</hourlyWage></employee><employee><name>5ztKwHkA</name><position>Manager</position><hourlyWage>10.59</hourlyWage></employee><employee><name>O4Zq25Y9</name><position>Waiter</position><hourlyWage>8.7</hourlyWage></employee><employee><name>Xd5DYoSj</name><position>Manager</position><hourlyWage>14.46</hourlyWage></employee><employee><name>mRj5W11W</name><position>Manager</position><hourlyWage>12.16</hourlyWage></employee><employee><name>42eozbJ5</name><position>Manager</position><hourlyWage>8.25</hourlyWage></employee><employee><name>HCbRzJDG</name><position>Cook</position><hourlyWage>16.79</hourlyWage></employee><employee><name>mUnmx21h</name><position>Manager</position><hourlyWage>11.67</hourlyWage></employee></employees><operatingHours><day><name>Monday</name><openingTime>09:00</openingTime><closingTime>22:00</closingTime></day><day><name>Tuesday</name><openingTime>09:00</openingTime><closingTime>22:00</closingTime></day><day><name>Wednesday</name><openingTime>09:00</openingTime><closingTime>22:00</closingTime></day><day><name>Thursday</name><openingTime>09:00</openingTime><closingTime>22:00</closingTime></day><day><name>Friday</name><openingTime>09:00</openingTime><closingTime>22:00</closingTime></day><day><name>Saturday</name><openingTime>09:00</openingTime><closingTime>22:00</closingTime></day><day><name>Sunday</name><openingTime>09:00</openingTime><closingTime>22:00</closingTime></day></operatingHours><onlineOrdering>false</onlineOrdering><loyaltyProgramEnabled>true</loyaltyProgramEnabled><driveThruAvailable>true</driveThruAvailable><language>German</language><taxReference>gWmK9TSK</taxReference><operations /></restaurantConfig>