<restaurantConfig><name>LMAPNpY0ub</name><location><city>Columbus</city><zipcode>48878</zipcode></location><currency>USD</currency><timezone>EST</timezone><menu><category><name>Burgers</name><item><name>Filet-O-Fish</name><price>7.92</price></item><item><name>Big Mac</name><price>9.76</price></item><item><name>McDouble</name><price>1.43</price></item></category><category><name>Breakfast</name><item><name>Egg McMuffin</name><price>4.59</price></item><item><name>Sausage McMuffin</name><price>8.35</price></item><item><name>Hash Browns</name><price>6.04</price></item><item><name>Hotcakes</name><price>5.67</price></item><item><name>Big Breakfast</name><price>5.9</price></item></category><category><name>Snacks &amp; Sides</name><item><name>Apple Slices</name><price>8.16</price></item><item><name>French Fries</name><price>3.74</price></item></category></menu><employees><employee><name>OUwUy4IO</name><position>Cashier</position><hourlyWage>16.89</hourlyWage></employee><employee><name>r7lL5TJN</name><position>Cashier</position><hourlyWage>13.48</hourlyWage></employee><employee><name>jdHiuBk1</name><position>Manager</position><hourlyWage>19.55</hourlyWage></employee><employee><name>GIU4FmSn</name><position>Cook</position><hourlyWage>16.67</hourlyWage></employee></employees><operatingHours><day><name>Monday</name><openingTime>09:00</openingTime><closingTime>22:00</closingTime></day><day><name>Tuesday</name><openingTime>09:00</openingTime><closingTime>22:00</closingTime></day><day><name>Wednesday</name><openingTime>09:00</openingTime><closingTime>22:00</closingTime></day><day><name>Thursday</name><openingTime>09:00</openingTime><closingTime>22:00</closingTime></day><day><name>Friday</name><openingTime>09:00</openingTime><closingTime>22:00</closingTime></day><day><name>Saturday</name><openingTime>09:00</openingTime><closingTime>22:00</closingTime></day><day><name>Sunday</name><openingTime>09:00</openingTime><closingTime>22:00</closingTime></day></operatingHours><onlineOrdering>false</onlineOrdering><loyaltyProgramEnabled>false</loyaltyProgramEnabled><driveThruAvailable>true</driveThruAvailable><language>French</language><taxReference>9GeNlHaI</taxReference><operations /></restaurantConfig>