<restaurantConfig><name>JNIWiny197</name><location><city>Oklahoma City</city><zipcode>57133</zipcode></location><currency>USD</currency><timezone>EST</timezone><menu><category><name>Salads</name><item><name>Side Salad</name><price>2.87</price></item><item><name>Bacon Ranch Salad</name><price>8.09</price></item></category><category><name>Breakfast</name><item><name>Hash Browns</name><price>9.0</price></item></category></menu><employees><employee><name>KS6k1y4A</name><position>Waiter</position><hourlyWage>17.1</hourlyWage></employee><employee><name>IqLCa8a5</name><position>Waiter</position><hourlyWage>16.99</hourlyWage></employee><employee><name>7Ix0Pnkm</name><position>Cashier</position><hourlyWage>16.48</hourlyWage></employee><employee><name>DylxuZhf</name><position>Cook</position><hourlyWage>18.66</hourlyWage></employee><employee><name>EdbA3mWU</name><position>Cook</position><hourlyWage>16.7</hourlyWage></employee><employee><name>2IixeFnY</name><position>Manager</position><hourlyWage>15.02</hourlyWage></employee></employees><operatingHours><day><name>Monday</name><openingTime>09:00</openingTime><closingTime>22:00</closingTime></day><day><name>Tuesday</name><openingTime>09:00</openingTime><closingTime>22:00</closingTime></day><day><name>Wednesday</name><openingTime>09:00</openingTime><closingTime>22:00</closingTime></day><day><name>Thursday</name><openingTime>09:00</openingTime><closingTime>22:00</closingTime></day><day><name>Friday</name><openingTime>09:00</openingTime><closingTime>22:00</closingTime></day><day><name>Saturday</name><openingTime>09:00</openingTime><closingTime>22:00</closingTime></day><day><name>Sunday</name><openingTime>09:00</openingTime><closingTime>22:00</closingTime></day></operatingHours><onlineOrdering>true</onlineOrdering><loyaltyProgramEnabled>true</loyaltyProgramEnabled><driveThruAvailable>true</driveThruAvailable><language>French</language><taxReference>L1hR5tqy</taxReference><operations /></restaurantConfig>