<restaurantConfig><name>QG5aua43Rn</name><location><city>Portland</city><zipcode>77739</zipcode></location><currency>USD</currency><timezone>EST</timezone><menu><category><name>Chicken &amp; Sandwiches</name><item><name>McChicken Deluxe</name><price>9.27</price></item><item><name>Buttermilk Crispy Chicken Sandwich</name><price>3.63</price></item><item><name>Artisan Grilled Chicken Sandwich</name><price>6.87</price></item></category><category><name>Breakfast</name><item><name>Egg McMuffin</name><price>2.07</price></item><item><name>Sausage McMuffin</name><price>7.81</price></item><item><name>Hash Browns</name><price>6.49</price></item><item><name>Hotcakes</name><price>7.49</price></item></category></menu><employees><employee><name>xDSQxYk6</name><position>Manager</position><hourlyWage>19.59</hourlyWage></employee><employee><name>oj628sQx</name><position>Waiter</position><hourlyWage>19.02</hourlyWage></employee><employee><name>WL7W3PVu</name><position>Manager</position><hourlyWage>8.37</hourlyWage></employee><employee><name>ojZWUfsM</name><position>Manager</position><hourlyWage>10.03</hourlyWage></employee><employee><name>3hZCORkD</name><position>Waiter</position><hourlyWage>12.43</hourlyWage></employee><employee><name>HlcnTTHS</name><position>Manager</position><hourlyWage>9.11</hourlyWage></employee><employee><name>j1XfoFyH</name><position>Cook</position><hourlyWage>19.57</hourlyWage></employee><employee><name>9eUbVSvF</name><position>Cook</position><hourlyWage>19.72</hourlyWage></employee></employees><operatingHours><day><name>Monday</name><openingTime>09:00</openingTime><closingTime>22:00</closingTime></day><day><name>Tuesday</name><openingTime>09:00</openingTime><closingTime>22:00</closingTime></day><day><name>Wednesday</name><openingTime>09:00</openingTime><closingTime>22:00</closingTime></day><day><name>Thursday</name><openingTime>09:00</openingTime><closingTime>22:00</closingTime></day><day><name>Friday</name><openingTime>09:00</openingTime><closingTime>22:00</closingTime></day><day><name>Saturday</name><openingTime>09:00</openingTime><closingTime>22:00</closingTime></day><day><name>Sunday</name><openingTime>09:00</openingTime><closingTime>22:00</closingTime></day></operatingHours><onlineOrdering>false</onlineOrdering><loyaltyProgramEnabled>false</loyaltyProgramEnabled><driveThruAvailable>false</driveThruAvailable><language>English</language><taxReference>PjY4GF3S</taxReference><operations /></restaurantConfig>