<restaurantConfig><name>J4ce2jg4eD</name><location><city>Detroit</city><zipcode>80624</zipcode></location><currency>USD</currency><timezone>EST</timezone><menu><category><name>Burgers</name><item><name>Filet-O-Fish</name><price>3.59</price></item><item><name>McChicken</name><price>5.85</price></item><item><name>Big Mac</name><price>5.32</price></item><item><name>Quarter Pounder with Cheese</name><price>2.63</price></item></category><category><name>Breakfast</name><item><name>Big Breakfast</name><price>9.83</price></item></category><category><name>Snacks &amp; Sides</name><item><name>Apple Slices</name><price>4.41</price></item><item><name>French Fries</name><price>9.17</price></item><item><name>McNuggets</name><price>7.58</price></item></category></menu><employees><employee><name>trzONBrS</name><position>Manager</position><hourlyWage>15.67</hourlyWage></employee></employees><operatingHours><day><name>Monday</name><openingTime>09:00</openingTime><closingTime>22:00</closingTime></day><day><name>Tuesday</name><openingTime>09:00</openingTime><closingTime>22:00</closingTime></day><day><name>Wednesday</name><openingTime>09:00</openingTime><closingTime>22:00</closingTime></day><day><name>Thursday</name><openingTime>09:00</openingTime><closingTime>22:00</closingTime></day><day><name>Friday</name><openingTime>09:00</openingTime><closingTime>22:00</closingTime></day><day><name>Saturday</name><openingTime>09:00</openingTime><closingTime>22:00</closingTime></day><day><name>Sunday</name><openingTime>09:00</openingTime><closingTime>22:00</closingTime></day></operatingHours><onlineOrdering>true</onlineOrdering><loyaltyProgramEnabled>false</loyaltyProgramEnabled><driveThruAvailable>true</driveThruAvailable><language>German</language><taxReference>BxRoaClD</taxReference><operations /></restaurantConfig>