<restaurantConfig><name>to4hbUvISi</name><location><city>Tucson</city><zipcode>89015</zipcode></location><currency>USD</currency><timezone>EST</timezone><menu><category><name>Chicken &amp; Sandwiches</name><item><name>Buttermilk Crispy Chicken Sandwich</name><price>9.85</price></item><item><name>Spicy McChicken</name><price>7.07</price></item><item><name>McChicken Deluxe</name><price>6.46</price></item><item><name>Artisan Grilled Chicken Sandwich</name><price>3.44</price></item></category><category><name>Snacks &amp; Sides</name><item><name>French Fries</name><price>1.91</price></item><item><name>Apple Slices</name><price>8.39</price></item><item><name>McNuggets</name><price>2.25</price></item></category></menu><employees><employee><name>y6N0loRB</name><position>Waiter</position><hourlyWage>13.88</hourlyWage></employee><employee><name>3PYm6WZZ</name><position>Cashier</position><hourlyWage>19.86</hourlyWage></employee><employee><name>e2e2Qqxi</name><position>Cashier</position><hourlyWage>19.16</hourlyWage></employee><employee><name>NEoJc2e6</name><position>Cook</position><hourlyWage>15.13</hourlyWage></employee></employees><operatingHours><day><name>Monday</name><openingTime>09:00</openingTime><closingTime>22:00</closingTime></day><day><name>Tuesday</name><openingTime>09:00</openingTime><closingTime>22:00</closingTime></day><day><name>Wednesday</name><openingTime>09:00</openingTime><closingTime>22:00</closingTime></day><day><name>Thursday</name><openingTime>09:00</openingTime><closingTime>22:00</closingTime></day><day><name>Friday</name><openingTime>09:00</openingTime><closingTime>22:00</closingTime></day><day><name>Saturday</name><openingTime>09:00</openingTime><closingTime>22:00</closingTime></day><day><name>Sunday</name><openingTime>09:00</openingTime><closingTime>22:00</closingTime></day></operatingHours><onlineOrdering>true</onlineOrdering><loyaltyProgramEnabled>false</loyaltyProgramEnabled><driveThruAvailable>false</driveThruAvailable><language>German</language><taxReference>7fXf1UkC</taxReference><operations /></restaurantConfig>