<restaurantConfig><name>pPAgO2070O</name><location><city>Las Vegas</city><zipcode>26311</zipcode></location><currency>USD</currency><timezone>EST</timezone><menu><category><name>Salads</name><item><name>Bacon Ranch Salad</name><price>2.78</price></item></category><category><name>Snacks &amp; Sides</name><item><name>French Fries</name><price>9.66</price></item><item><name>Apple Slices</name><price>1.7</price></item><item><name>McNuggets</name><price>6.03</price></item></category></menu><employees><employee><name>p1m95DTo</name><position>Cook</position><hourlyWage>12.61</hourlyWage></employee><employee><name>1mGs6r8X</name><position>Cook</position><hourlyWage>12.83</hourlyWage></employee></employees><operatingHours><day><name>Monday</name><openingTime>09:00</openingTime><closingTime>22:00</closingTime></day><day><name>Tuesday</name><openingTime>09:00</openingTime><closingTime>22:00</closingTime></day><day><name>Wednesday</name><openingTime>09:00</openingTime><closingTime>22:00</closingTime></day><day><name>Thursday</name><openingTime>09:00</openingTime><closingTime>22:00</closingTime></day><day><name>Friday</name><openingTime>09:00</openingTime><closingTime>22:00</closingTime></day><day><name>Saturday</name><openingTime>09:00</openingTime><closingTime>22:00</closingTime></day><day><name>Sunday</name><openingTime>09:00</openingTime><closingTime>22:00</closingTime></day></operatingHours><onlineOrdering>true</onlineOrdering><loyaltyProgramEnabled>true</loyaltyProgramEnabled><driveThruAvailable>false</driveThruAvailable><language>Spanish</language><taxReference>wUHH5MEn</taxReference><operations /></restaurantConfig>