<restaurantConfig><name>UUJZqJ0xFW</name><location><city>Long Beach</city><zipcode>88629</zipcode></location><currency>USD</currency><timezone>EST</timezone><menu><category><name>Breakfast</name><item><name>Hash Browns</name><price>8.26</price></item><item><name>Egg McMuffin</name><price>4.79</price></item><item><name>Hotcakes</name><price>5.81</price></item></category><category><name>Snacks &amp; Sides</name><item><name>McNuggets</name><price>2.92</price></item></category></menu><employees><employee><name>JIQ4hPjZ</name><position>Cashier</position><hourlyWage>8.45</hourlyWage></employee><employee><name>DFbVaMxr</name><position>Cashier</position><hourlyWage>12.55</hourlyWage></employee><employee><name>N5vBYHvd</name><position>Waiter</position><hourlyWage>14.51</hourlyWage></employee><employee><name>W1lNMtKU</name><position>Manager</position><hourlyWage>17.9</hourlyWage></employee><employee><name>cVuU1UUP</name><position>Cook</position><hourlyWage>17.78</hourlyWage></employee><employee><name>At7g7Vqw</name><position>Cook</position><hourlyWage>18.91</hourlyWage></employee></employees><operatingHours><day><name>Monday</name><openingTime>09:00</openingTime><closingTime>22:00</closingTime></day><day><name>Tuesday</name><openingTime>09:00</openingTime><closingTime>22:00</closingTime></day><day><name>Wednesday</name><openingTime>09:00</openingTime><closingTime>22:00</closingTime></day><day><name>Thursday</name><openingTime>09:00</openingTime><closingTime>22:00</closingTime></day><day><name>Friday</name><openingTime>09:00</openingTime><closingTime>22:00</closingTime></day><day><name>Saturday</name><openingTime>09:00</openingTime><closingTime>22:00</closingTime></day><day><name>Sunday</name><openingTime>09:00</openingTime><closingTime>22:00</closingTime></day></operatingHours><onlineOrdering>true</onlineOrdering><loyaltyProgramEnabled>true</loyaltyProgramEnabled><driveThruAvailable>true</driveThruAvailable><language>Spanish</language><taxReference>l56cpUmc</taxReference><operations /></restaurantConfig>