<restaurantConfig><name>nvnZA7djjp</name><location><city>Baltimore</city><zipcode>63446</zipcode></location><currency>USD</currency><timezone>EST</timezone><menu><category><name>Burgers</name><item><name>Filet-O-Fish</name><price>8.64</price></item><item><name>McDouble</name><price>3.6</price></item></category><category><name>Salads</name><item><name>Southwest Grilled Chicken Salad</name><price>8.22</price></item><item><name>Bacon Ranch Salad</name><price>2.35</price></item></category><category><name>Breakfast</name><item><name>Hotcakes</name><price>9.55</price></item></category><category><name>Snacks &amp; Sides</name><item><name>McNuggets</name><price>7.06</price></item><item><name>Apple Slices</name><price>9.38</price></item><item><name>French Fries</name><price>2.19</price></item></category></menu><employees><employee><name>do7LQy5z</name><position>Manager</position><hourlyWage>16.91</hourlyWage></employee></employees><operatingHours><day><name>Monday</name><openingTime>09:00</openingTime><closingTime>22:00</closingTime></day><day><name>Tuesday</name><openingTime>09:00</openingTime><closingTime>22:00</closingTime></day><day><name>Wednesday</name><openingTime>09:00</openingTime><closingTime>22:00</closingTime></day><day><name>Thursday</name><openingTime>09:00</openingTime><closingTime>22:00</closingTime></day><day><name>Friday</name><openingTime>09:00</openingTime><closingTime>22:00</closingTime></day><day><name>Saturday</name><openingTime>09:00</openingTime><closingTime>22:00</closingTime></day><day><name>Sunday</name><openingTime>09:00</openingTime><closingTime>22:00</closingTime></day></operatingHours><onlineOrdering>false</onlineOrdering><loyaltyProgramEnabled>true</loyaltyProgramEnabled><driveThruAvailable>false</driveThruAvailable><language>German</language><taxReference>GrZjLxPn</taxReference><operations /></restaurantConfig>