<restaurantConfig><name>qf2oZdh17z</name><location><city>Louisville</city><zipcode>78814</zipcode></location><currency>USD</currency><timezone>EST</timezone><menu><category><name>Chicken &amp; Sandwiches</name><item><name>McChicken Deluxe</name><price>6.61</price></item><item><name>Artisan Grilled Chicken Sandwich</name><price>7.19</price></item></category><category><name>Salads</name><item><name>Side Salad</name><price>6.46</price></item><item><name>Bacon Ranch Salad</name><price>6.7</price></item><item><name>Southwest Grilled Chicken Salad</name><price>9.12</price></item></category></menu><employees><employee><name>mBU1wqeN</name><position>Cook</position><hourlyWage>19.94</hourlyWage></employee><employee><name>cHMRN9sU</name><position>Cashier</position><hourlyWage>17.0</hourlyWage></employee><employee><name>uILMEVen</name><position>Waiter</position><hourlyWage>10.97</hourlyWage></employee><employee><name>fF8ECqP0</name><position>Waiter</position><hourlyWage>15.21</hourlyWage></employee></employees><operatingHours><day><name>Monday</name><openingTime>09:00</openingTime><closingTime>22:00</closingTime></day><day><name>Tuesday</name><openingTime>09:00</openingTime><closingTime>22:00</closingTime></day><day><name>Wednesday</name><openingTime>09:00</openingTime><closingTime>22:00</closingTime></day><day><name>Thursday</name><openingTime>09:00</openingTime><closingTime>22:00</closingTime></day><day><name>Friday</name><openingTime>09:00</openingTime><closingTime>22:00</closingTime></day><day><name>Saturday</name><openingTime>09:00</openingTime><closingTime>22:00</closingTime></day><day><name>Sunday</name><openingTime>09:00</openingTime><closingTime>22:00</closingTime></day></operatingHours><onlineOrdering>true</onlineOrdering><loyaltyProgramEnabled>false</loyaltyProgramEnabled><driveThruAvailable>false</driveThruAvailable><language>French</language><taxReference>jOXvmOx5</taxReference><operations /></restaurantConfig>