<restaurantConfig><name>nVEIgWjkxz</name><location><city>Albuquerque</city><zipcode>98051</zipcode></location><currency>USD</currency><timezone>EST</timezone><menu><category><name>Burgers</name><item><name>Big Mac</name><price>4.72</price></item><item><name>McDouble</name><price>7.95</price></item><item><name>Quarter Pounder with Cheese</name><price>1.35</price></item><item><name>Filet-O-Fish</name><price>5.53</price></item></category><category><name>Chicken &amp; Sandwiches</name><item><name>Spicy McChicken</name><price>6.6</price></item></category><category><name>Breakfast</name><item><name>Hash Browns</name><price>9.32</price></item><item><name>Big Breakfast</name><price>6.75</price></item><item><name>Sausage McMuffin</name><price>5.14</price></item><item><name>Hotcakes</name><price>1.4</price></item><item><name>Egg McMuffin</name><price>7.9</price></item></category><category><name>Snacks &amp; Sides</name><item><name>McNuggets</name><price>2.88</price></item></category></menu><employees><employee><name>CEaP4sfK</name><position>Cashier</position><hourlyWage>10.68</hourlyWage></employee><employee><name>OyJg4v3b</name><position>Cook</position><hourlyWage>8.73</hourlyWage></employee><employee><name>wIOxFqq3</name><position>Cook</position><hourlyWage>13.92</hourlyWage></employee><employee><name>dly022eA</name><position>Waiter</position><hourlyWage>11.72</hourlyWage></employee><employee><name>rJFy6I8A</name><position>Cook</position><hourlyWage>9.04</hourlyWage></employee><employee><name>nrRuClKE</name><position>Manager</position><hourlyWage>12.33</hourlyWage></employee><employee><name>18chN2Pf</name><position>Cook</position><hourlyWage>8.63</hourlyWage></employee><employee><name>4zxPe1PR</name><position>Waiter</position><hourlyWage>8.27</hourlyWage></employee><employee><name>OAbkbJHc</name><position>Waiter</position><hourlyWage>18.7</hourlyWage></employee><employee><name>91YMmQI1</name><position>Cashier</position><hourlyWage>16.46</hourlyWage></employee></employees><operatingHours><day><name>Monday</name><openingTime>09:00</openingTime><closingTime>22:00</closingTime></day><day><name>Tuesday</name><openingTime>09:00</openingTime><closingTime>22:00</closingTime></day><day><name>Wednesday</name><openingTime>09:00</openingTime><closingTime>22:00</closingTime></day><day><name>Thursday</name><openingTime>09:00</openingTime><closingTime>22:00</closingTime></day><day><name>Friday</name><openingTime>09:00</openingTime><closingTime>22:00</closingTime></day><day><name>Saturday</name><openingTime>09:00</openingTime><closingTime>22:00</closingTime></day><day><name>Sunday</name><openingTime>09:00</openingTime><closingTime>22:00</closingTime></day></operatingHours><onlineOrdering>true</onlineOrdering><loyaltyProgramEnabled>true</loyaltyProgramEnabled><driveThruAvailable>false</driveThruAvailable><language>Spanish</language><taxReference>bBkmevVE</taxReference><operations /></restaurantConfig>