<restaurantConfig><name>0hq0q6EVkK</name><location><city>Jacksonville</city><zipcode>80773</zipcode></location><currency>USD</currency><timezone>EST</timezone><menu><category><name>Chicken &amp; Sandwiches</name><item><name>McChicken Deluxe</name><price>6.59</price></item><item><name>Artisan Grilled Chicken Sandwich</name><price>1.57</price></item></category><category><name>Snacks &amp; Sides</name><item><name>Apple Slices</name><price>7.38</price></item><item><name>McNuggets</name><price>9.74</price></item></category></menu><employees><employee><name>yjKhSDgs</name><position>Cook</position><hourlyWage>11.99</hourlyWage></employee><employee><name>6WI4tL03</name><position>Waiter</position><hourlyWage>19.89</hourlyWage></employee></employees><operatingHours><day><name>Monday</name><openingTime>09:00</openingTime><closingTime>22:00</closingTime></day><day><name>Tuesday</name><openingTime>09:00</openingTime><closingTime>22:00</closingTime></day><day><name>Wednesday</name><openingTime>09:00</openingTime><closingTime>22:00</closingTime></day><day><name>Thursday</name><openingTime>09:00</openingTime><closingTime>22:00</closingTime></day><day><name>Friday</name><openingTime>09:00</openingTime><closingTime>22:00</closingTime></day><day><name>Saturday</name><openingTime>09:00</openingTime><closingTime>22:00</closingTime></day><day><name>Sunday</name><openingTime>09:00</openingTime><closingTime>22:00</closingTime></day></operatingHours><onlineOrdering>false</onlineOrdering><loyaltyProgramEnabled>true</loyaltyProgramEnabled><driveThruAvailable>true</driveThruAvailable><language>Spanish</language><taxReference>JTdOQS0O</taxReference><operations /></restaurantConfig>