<restaurantConfig><name>nGm24uypcz</name><location><city>Raleigh</city><zipcode>31038</zipcode></location><currency>USD</currency><timezone>EST</timezone><menu><category><name>Chicken &amp; Sandwiches</name><item><name>McChicken Deluxe</name><price>1.12</price></item><item><name>Buttermilk Crispy Chicken Sandwich</name><price>7.19</price></item></category><category><name>Breakfast</name><item><name>Egg McMuffin</name><price>2.65</price></item><item><name>Hotcakes</name><price>8.23</price></item></category><category><name>Snacks &amp; Sides</name><item><name>French Fries</name><price>4.38</price></item><item><name>Apple Slices</name><price>6.62</price></item></category></menu><employees><employee><name>MntZbhEV</name><position>Manager</position><hourlyWage>16.9</hourlyWage></employee><employee><name>E37gKXo8</name><position>Manager</position><hourlyWage>13.25</hourlyWage></employee><employee><name>5UVSkXka</name><position>Cook</position><hourlyWage>17.52</hourlyWage></employee></employees><operatingHours><day><name>Monday</name><openingTime>09:00</openingTime><closingTime>22:00</closingTime></day><day><name>Tuesday</name><openingTime>09:00</openingTime><closingTime>22:00</closingTime></day><day><name>Wednesday</name><openingTime>09:00</openingTime><closingTime>22:00</closingTime></day><day><name>Thursday</name><openingTime>09:00</openingTime><closingTime>22:00</closingTime></day><day><name>Friday</name><openingTime>09:00</openingTime><closingTime>22:00</closingTime></day><day><name>Saturday</name><openingTime>09:00</openingTime><closingTime>22:00</closingTime></day><day><name>Sunday</name><openingTime>09:00</openingTime><closingTime>22:00</closingTime></day></operatingHours><onlineOrdering>false</onlineOrdering><loyaltyProgramEnabled>true</loyaltyProgramEnabled><driveThruAvailable>true</driveThruAvailable><language>English</language><taxReference>xK6aykcN</taxReference><operations /></restaurantConfig>