<restaurantConfig><name>gzmFHDJcJs</name><location><city>Portland</city><zipcode>44599</zipcode></location><currency>USD</currency><timezone>EST</timezone><menu><category><name>Burgers</name><item><name>McDouble</name><price>6.29</price></item></category><category><name>Chicken &amp; Sandwiches</name><item><name>Spicy McChicken</name><price>3.01</price></item></category><category><name>Breakfast</name><item><name>Sausage McMuffin</name><price>1.36</price></item><item><name>Hotcakes</name><price>5.9</price></item><item><name>Hash Browns</name><price>5.69</price></item><item><name>Big Breakfast</name><price>8.55</price></item></category><category><name>Snacks &amp; Sides</name><item><name>Apple Slices</name><price>9.95</price></item><item><name>French Fries</name><price>8.66</price></item><item><name>McNuggets</name><price>5.28</price></item></category></menu><employees><employee><name>6GFXetzZ</name><position>Waiter</position><hourlyWage>8.7</hourlyWage></employee><employee><name>QfJ5qWoN</name><position>Cook</position><hourlyWage>19.96</hourlyWage></employee><employee><name>yLhsqnQH</name><position>Cook</position><hourlyWage>15.2</hourlyWage></employee><employee><name>7puIMR2P</name><position>Waiter</position><hourlyWage>18.31</hourlyWage></employee><employee><name>deiY5y0r</name><position>Cook</position><hourlyWage>11.27</hourlyWage></employee><employee><name>Ef8Ovd6T</name><position>Waiter</position><hourlyWage>17.34</hourlyWage></employee><employee><name>QyVyl28z</name><position>Waiter</position><hourlyWage>10.43</hourlyWage></employee><employee><name>AAU0RQ5y</name><position>Cashier</position><hourlyWage>9.0</hourlyWage></employee><employee><name>dz2ZXycN</name><position>Waiter</position><hourlyWage>8.38</hourlyWage></employee><employee><name>kyU9dkMA</name><position>Cashier</position><hourlyWage>10.97</hourlyWage></employee></employees><operatingHours><day><name>Monday</name><openingTime>09:00</openingTime><closingTime>22:00</closingTime></day><day><name>Tuesday</name><openingTime>09:00</openingTime><closingTime>22:00</closingTime></day><day><name>Wednesday</name><openingTime>09:00</openingTime><closingTime>22:00</closingTime></day><day><name>Thursday</name><openingTime>09:00</openingTime><closingTime>22:00</closingTime></day><day><name>Friday</name><openingTime>09:00</openingTime><closingTime>22:00</closingTime></day><day><name>Saturday</name><openingTime>09:00</openingTime><closingTime>22:00</closingTime></day><day><name>Sunday</name><openingTime>09:00</openingTime><closingTime>22:00</closingTime></day></operatingHours><onlineOrdering>false</onlineOrdering><loyaltyProgramEnabled>true</loyaltyProgramEnabled><driveThruAvailable>false</driveThruAvailable><language>German</language><taxReference>N1uTlLQU</taxReference><operations /></restaurantConfig>