<restaurantConfig><name>vCQ64EmXZF</name><location><city>Chicago</city><zipcode>65472</zipcode></location><currency>USD</currency><timezone>EST</timezone><menu><category><name>Chicken &amp; Sandwiches</name><item><name>Artisan Grilled Chicken Sandwich</name><price>2.28</price></item></category><category><name>Breakfast</name><item><name>Sausage McMuffin</name><price>3.35</price></item><item><name>Hash Browns</name><price>9.41</price></item></category></menu><employees><employee><name>ynZ223Th</name><position>Cashier</position><hourlyWage>12.24</hourlyWage></employee><employee><name>DglHIC8x</name><position>Cook</position><hourlyWage>14.05</hourlyWage></employee><employee><name>gSIGm3pe</name><position>Waiter</position><hourlyWage>9.88</hourlyWage></employee><employee><name>OtYk1B6Y</name><position>Manager</position><hourlyWage>13.25</hourlyWage></employee><employee><name>3ldVO0Xv</name><position>Cook</position><hourlyWage>16.08</hourlyWage></employee><employee><name>dNWxi7ZF</name><position>Cashier</position><hourlyWage>11.67</hourlyWage></employee><employee><name>b02CCBJk</name><position>Cook</position><hourlyWage>15.1</hourlyWage></employee><employee><name>fbDnUTOl</name><position>Waiter</position><hourlyWage>9.62</hourlyWage></employee></employees><operatingHours><day><name>Monday</name><openingTime>09:00</openingTime><closingTime>22:00</closingTime></day><day><name>Tuesday</name><openingTime>09:00</openingTime><closingTime>22:00</closingTime></day><day><name>Wednesday</name><openingTime>09:00</openingTime><closingTime>22:00</closingTime></day><day><name>Thursday</name><openingTime>09:00</openingTime><closingTime>22:00</closingTime></day><day><name>Friday</name><openingTime>09:00</openingTime><closingTime>22:00</closingTime></day><day><name>Saturday</name><openingTime>09:00</openingTime><closingTime>22:00</closingTime></day><day><name>Sunday</name><openingTime>09:00</openingTime><closingTime>22:00</closingTime></day></operatingHours><onlineOrdering>true</onlineOrdering><loyaltyProgramEnabled>false</loyaltyProgramEnabled><driveThruAvailable>false</driveThruAvailable><language>English</language><taxReference>pieXl2W9</taxReference><operations /></restaurantConfig>