<restaurantConfig><name>h6Pf3sjn88</name><location><city>San Diego</city><zipcode>20926</zipcode></location><currency>USD</currency><timezone>EST</timezone><menu><category><name>Burgers</name><item><name>Big Mac</name><price>5.82</price></item><item><name>Filet-O-Fish</name><price>2.73</price></item><item><name>McDouble</name><price>3.75</price></item><item><name>McChicken</name><price>4.19</price></item></category><category><name>Chicken &amp; Sandwiches</name><item><name>Spicy McChicken</name><price>3.91</price></item><item><name>McChicken Deluxe</name><price>4.08</price></item><item><name>Buttermilk Crispy Chicken Sandwich</name><price>3.51</price></item><item><name>Artisan Grilled Chicken Sandwich</name><price>3.93</price></item></category><category><name>Breakfast</name><item><name>Hash Browns</name><price>1.52</price></item><item><name>Hotcakes</name><price>7.29</price></item></category><category><name>Snacks &amp; Sides</name><item><name>French Fries</name><price>7.58</price></item><item><name>Apple Slices</name><price>4.55</price></item></category></menu><employees><employee><name>tbfSYIu5</name><position>Cook</position><hourlyWage>12.05</hourlyWage></employee><employee><name>tr7UIoN4</name><position>Waiter</position><hourlyWage>8.81</hourlyWage></employee><employee><name>vOZ2oSdu</name><position>Manager</position><hourlyWage>13.68</hourlyWage></employee><employee><name>nsgwgPMQ</name><position>Cook</position><hourlyWage>8.22</hourlyWage></employee><employee><name>9sdF20kd</name><position>Cook</position><hourlyWage>13.39</hourlyWage></employee><employee><name>HD7UFNq7</name><position>Manager</position><hourlyWage>9.53</hourlyWage></employee></employees><operatingHours><day><name>Monday</name><openingTime>09:00</openingTime><closingTime>22:00</closingTime></day><day><name>Tuesday</name><openingTime>09:00</openingTime><closingTime>22:00</closingTime></day><day><name>Wednesday</name><openingTime>09:00</openingTime><closingTime>22:00</closingTime></day><day><name>Thursday</name><openingTime>09:00</openingTime><closingTime>22:00</closingTime></day><day><name>Friday</name><openingTime>09:00</openingTime><closingTime>22:00</closingTime></day><day><name>Saturday</name><openingTime>09:00</openingTime><closingTime>22:00</closingTime></day><day><name>Sunday</name><openingTime>09:00</openingTime><closingTime>22:00</closingTime></day></operatingHours><onlineOrdering>true</onlineOrdering><loyaltyProgramEnabled>false</loyaltyProgramEnabled><driveThruAvailable>true</driveThruAvailable><language>French</language><taxReference>wwhQ5arW</taxReference><operations /></restaurantConfig>