<restaurantConfig><name>GM4WkCs1Er</name><location><city>Minneapolis</city><zipcode>66183</zipcode></location><currency>USD</currency><timezone>EST</timezone><menu><category><name>Burgers</name><item><name>Filet-O-Fish</name><price>7.72</price></item><item><name>Quarter Pounder with Cheese</name><price>1.83</price></item></category><category><name>Breakfast</name><item><name>Sausage McMuffin</name><price>7.48</price></item><item><name>Egg McMuffin</name><price>5.4</price></item></category></menu><employees><employee><name>ZW0NpM0b</name><position>Cook</position><hourlyWage>13.62</hourlyWage></employee><employee><name>T4geoVjG</name><position>Cook</position><hourlyWage>18.18</hourlyWage></employee><employee><name>WghrNqKH</name><position>Cook</position><hourlyWage>15.74</hourlyWage></employee><employee><name>GZqk9zBZ</name><position>Cook</position><hourlyWage>11.2</hourlyWage></employee><employee><name>wkoL5upw</name><position>Waiter</position><hourlyWage>13.0</hourlyWage></employee><employee><name>SN3ceqDC</name><position>Manager</position><hourlyWage>11.49</hourlyWage></employee></employees><operatingHours><day><name>Monday</name><openingTime>09:00</openingTime><closingTime>22:00</closingTime></day><day><name>Tuesday</name><openingTime>09:00</openingTime><closingTime>22:00</closingTime></day><day><name>Wednesday</name><openingTime>09:00</openingTime><closingTime>22:00</closingTime></day><day><name>Thursday</name><openingTime>09:00</openingTime><closingTime>22:00</closingTime></day><day><name>Friday</name><openingTime>09:00</openingTime><closingTime>22:00</closingTime></day><day><name>Saturday</name><openingTime>09:00</openingTime><closingTime>22:00</closingTime></day><day><name>Sunday</name><openingTime>09:00</openingTime><closingTime>22:00</closingTime></day></operatingHours><onlineOrdering>false</onlineOrdering><loyaltyProgramEnabled>false</loyaltyProgramEnabled><driveThruAvailable>false</driveThruAvailable><language>German</language><taxReference>QDmLzeP7</taxReference><operations /></restaurantConfig>