<restaurantConfig><name>gwa1YbKkNb</name><location><city>Nashville</city><zipcode>91024</zipcode></location><currency>USD</currency><timezone>EST</timezone><menu><category><name>Chicken &amp; Sandwiches</name><item><name>Artisan Grilled Chicken Sandwich</name><price>7.1</price></item><item><name>Buttermilk Crispy Chicken Sandwich</name><price>5.26</price></item><item><name>McChicken Deluxe</name><price>5.39</price></item><item><name>Spicy McChicken</name><price>5.12</price></item></category><category><name>Salads</name><item><name>Southwest Grilled Chicken Salad</name><price>6.3</price></item><item><name>Bacon Ranch Salad</name><price>4.47</price></item><item><name>Side Salad</name><price>1.3</price></item></category><category><name>Breakfast</name><item><name>Hash Browns</name><price>3.51</price></item><item><name>Sausage McMuffin</name><price>2.25</price></item><item><name>Big Breakfast</name><price>2.64</price></item><item><name>Hotcakes</name><price>8.91</price></item><item><name>Egg McMuffin</name><price>5.31</price></item></category></menu><employees><employee><name>RzOBRJZT</name><position>Cashier</position><hourlyWage>10.35</hourlyWage></employee><employee><name>nUfZBB8P</name><position>Cook</position><hourlyWage>8.56</hourlyWage></employee><employee><name>LZM1FZkl</name><position>Cashier</position><hourlyWage>11.54</hourlyWage></employee><employee><name>mL9hY6FX</name><position>Cashier</position><hourlyWage>11.47</hourlyWage></employee><employee><name>KuNtCifi</name><position>Manager</position><hourlyWage>12.9</hourlyWage></employee><employee><name>bICC2qHy</name><position>Cook</position><hourlyWage>15.14</hourlyWage></employee><employee><name>vxOtmUA3</name><position>Cook</position><hourlyWage>11.29</hourlyWage></employee><employee><name>UvUYZH94</name><position>Cashier</position><hourlyWage>18.37</hourlyWage></employee><employee><name>P2ypPNqL</name><position>Waiter</position><hourlyWage>11.05</hourlyWage></employee><employee><name>nm3atfbA</name><position>Cook</position><hourlyWage>10.02</hourlyWage></employee></employees><operatingHours><day><name>Monday</name><openingTime>09:00</openingTime><closingTime>22:00</closingTime></day><day><name>Tuesday</name><openingTime>09:00</openingTime><closingTime>22:00</closingTime></day><day><name>Wednesday</name><openingTime>09:00</openingTime><closingTime>22:00</closingTime></day><day><name>Thursday</name><openingTime>09:00</openingTime><closingTime>22:00</closingTime></day><day><name>Friday</name><openingTime>09:00</openingTime><closingTime>22:00</closingTime></day><day><name>Saturday</name><openingTime>09:00</openingTime><closingTime>22:00</closingTime></day><day><name>Sunday</name><openingTime>09:00</openingTime><closingTime>22:00</closingTime></day></operatingHours><onlineOrdering>false</onlineOrdering><loyaltyProgramEnabled>false</loyaltyProgramEnabled><driveThruAvailable>false</driveThruAvailable><language>French</language><taxReference>rgRVAPlQ</taxReference><operations /></restaurantConfig>