<restaurantConfig><name>Ci2BQqxMH4</name><location><city>Memphis</city><zipcode>72324</zipcode></location><currency>USD</currency><timezone>EST</timezone><menu><category><name>Chicken &amp; Sandwiches</name><item><name>McChicken Deluxe</name><price>1.49</price></item><item><name>Spicy McChicken</name><price>1.26</price></item></category><category><name>Salads</name><item><name>Bacon Ranch Salad</name><price>4.73</price></item><item><name>Southwest Grilled Chicken Salad</name><price>9.27</price></item></category><category><name>Breakfast</name><item><name>Big Breakfast</name><price>4.81</price></item><item><name>Sausage McMuffin</name><price>2.77</price></item><item><name>Egg McMuffin</name><price>4.94</price></item><item><name>Hotcakes</name><price>7.36</price></item></category><category><name>Snacks &amp; Sides</name><item><name>French Fries</name><price>4.38</price></item><item><name>Apple Slices</name><price>4.77</price></item></category></menu><employees><employee><name>VnJ1jHJS</name><position>Waiter</position><hourlyWage>17.54</hourlyWage></employee><employee><name>G76uiyzB</name><position>Waiter</position><hourlyWage>9.36</hourlyWage></employee><employee><name>TDlu0JUU</name><position>Cashier</position><hourlyWage>9.62</hourlyWage></employee></employees><operatingHours><day><name>Monday</name><openingTime>09:00</openingTime><closingTime>22:00</closingTime></day><day><name>Tuesday</name><openingTime>09:00</openingTime><closingTime>22:00</closingTime></day><day><name>Wednesday</name><openingTime>09:00</openingTime><closingTime>22:00</closingTime></day><day><name>Thursday</name><openingTime>09:00</openingTime><closingTime>22:00</closingTime></day><day><name>Friday</name><openingTime>09:00</openingTime><closingTime>22:00</closingTime></day><day><name>Saturday</name><openingTime>09:00</openingTime><closingTime>22:00</closingTime></day><day><name>Sunday</name><openingTime>09:00</openingTime><closingTime>22:00</closingTime></day></operatingHours><onlineOrdering>false</onlineOrdering><loyaltyProgramEnabled>true</loyaltyProgramEnabled><driveThruAvailable>false</driveThruAvailable><language>English</language><taxReference>6vCni9vf</taxReference><operations /></restaurantConfig>