<restaurantConfig><name>tQRuSLo7s6</name><location><city>Omaha</city><zipcode>84583</zipcode></location><currency>USD</currency><timezone>EST</timezone><menu><category><name>Chicken &amp; Sandwiches</name><item><name>Spicy McChicken</name><price>4.86</price></item><item><name>Artisan Grilled Chicken Sandwich</name><price>9.71</price></item><item><name>Buttermilk Crispy Chicken Sandwich</name><price>6.69</price></item><item><name>McChicken Deluxe</name><price>4.02</price></item></category><category><name>Salads</name><item><name>Side Salad</name><price>6.6</price></item></category><category><name>Snacks &amp; Sides</name><item><name>Apple Slices</name><price>8.26</price></item></category></menu><employees><employee><name>08dmIopO</name><position>Cook</position><hourlyWage>15.88</hourlyWage></employee><employee><name>ldygZIy5</name><position>Waiter</position><hourlyWage>11.18</hourlyWage></employee></employees><operatingHours><day><name>Monday</name><openingTime>09:00</openingTime><closingTime>22:00</closingTime></day><day><name>Tuesday</name><openingTime>09:00</openingTime><closingTime>22:00</closingTime></day><day><name>Wednesday</name><openingTime>09:00</openingTime><closingTime>22:00</closingTime></day><day><name>Thursday</name><openingTime>09:00</openingTime><closingTime>22:00</closingTime></day><day><name>Friday</name><openingTime>09:00</openingTime><closingTime>22:00</closingTime></day><day><name>Saturday</name><openingTime>09:00</openingTime><closingTime>22:00</closingTime></day><day><name>Sunday</name><openingTime>09:00</openingTime><closingTime>22:00</closingTime></day></operatingHours><onlineOrdering>true</onlineOrdering><loyaltyProgramEnabled>true</loyaltyProgramEnabled><driveThruAvailable>false</driveThruAvailable><language>German</language><taxReference>O10d3tZn</taxReference><operations /></restaurantConfig>