<restaurantConfig><name>kZ9NFNXn5f</name><location><city>Detroit</city><zipcode>43208</zipcode></location><currency>USD</currency><timezone>EST</timezone><menu><category><name>Chicken &amp; Sandwiches</name><item><name>McChicken Deluxe</name><price>1.38</price></item></category><category><name>Salads</name><item><name>Side Salad</name><price>7.5</price></item></category><category><name>Snacks &amp; Sides</name><item><name>Apple Slices</name><price>6.22</price></item></category></menu><employees><employee><name>mjJIdKGS</name><position>Manager</position><hourlyWage>15.71</hourlyWage></employee><employee><name>LlORY3Gu</name><position>Manager</position><hourlyWage>14.91</hourlyWage></employee><employee><name>P3rBMQBd</name><position>Waiter</position><hourlyWage>8.21</hourlyWage></employee><employee><name>HP8vQyK1</name><position>Cashier</position><hourlyWage>14.13</hourlyWage></employee><employee><name>zdx0wOAK</name><position>Cashier</position><hourlyWage>16.62</hourlyWage></employee><employee><name>8kKU0tc6</name><position>Cashier</position><hourlyWage>13.59</hourlyWage></employee></employees><operatingHours><day><name>Monday</name><openingTime>09:00</openingTime><closingTime>22:00</closingTime></day><day><name>Tuesday</name><openingTime>09:00</openingTime><closingTime>22:00</closingTime></day><day><name>Wednesday</name><openingTime>09:00</openingTime><closingTime>22:00</closingTime></day><day><name>Thursday</name><openingTime>09:00</openingTime><closingTime>22:00</closingTime></day><day><name>Friday</name><openingTime>09:00</openingTime><closingTime>22:00</closingTime></day><day><name>Saturday</name><openingTime>09:00</openingTime><closingTime>22:00</closingTime></day><day><name>Sunday</name><openingTime>09:00</openingTime><closingTime>22:00</closingTime></day></operatingHours><onlineOrdering>false</onlineOrdering><loyaltyProgramEnabled>true</loyaltyProgramEnabled><driveThruAvailable>false</driveThruAvailable><language>Spanish</language><taxReference>Fw0UDl9X</taxReference><operations /></restaurantConfig>