<restaurantConfig><name>jd7devHGXe</name><location><city>Arlington</city><zipcode>37733</zipcode></location><currency>USD</currency><timezone>EST</timezone><menu><category><name>Burgers</name><item><name>Quarter Pounder with Cheese</name><price>9.95</price></item><item><name>McChicken</name><price>2.49</price></item><item><name>Big Mac</name><price>7.51</price></item></category><category><name>Chicken &amp; Sandwiches</name><item><name>Buttermilk Crispy Chicken Sandwich</name><price>3.1</price></item><item><name>McChicken Deluxe</name><price>2.69</price></item><item><name>Spicy McChicken</name><price>3.15</price></item><item><name>Artisan Grilled Chicken Sandwich</name><price>3.41</price></item></category><category><name>Breakfast</name><item><name>Hotcakes</name><price>3.08</price></item><item><name>Big Breakfast</name><price>8.91</price></item></category></menu><employees><employee><name>T9sU9iDh</name><position>Cashier</position><hourlyWage>13.6</hourlyWage></employee></employees><operatingHours><day><name>Monday</name><openingTime>09:00</openingTime><closingTime>22:00</closingTime></day><day><name>Tuesday</name><openingTime>09:00</openingTime><closingTime>22:00</closingTime></day><day><name>Wednesday</name><openingTime>09:00</openingTime><closingTime>22:00</closingTime></day><day><name>Thursday</name><openingTime>09:00</openingTime><closingTime>22:00</closingTime></day><day><name>Friday</name><openingTime>09:00</openingTime><closingTime>22:00</closingTime></day><day><name>Saturday</name><openingTime>09:00</openingTime><closingTime>22:00</closingTime></day><day><name>Sunday</name><openingTime>09:00</openingTime><closingTime>22:00</closingTime></day></operatingHours><onlineOrdering>true</onlineOrdering><loyaltyProgramEnabled>true</loyaltyProgramEnabled><driveThruAvailable>true</driveThruAvailable><language>English</language><taxReference>ohGzuqkG</taxReference><operations /></restaurantConfig>