<restaurantConfig><name>OA6db1WrF0</name><location><city>Washington</city><zipcode>24116</zipcode></location><currency>USD</currency><timezone>EST</timezone><menu><category><name>Chicken &amp; Sandwiches</name><item><name>Spicy McChicken</name><price>6.36</price></item><item><name>McChicken Deluxe</name><price>2.34</price></item><item><name>Buttermilk Crispy Chicken Sandwich</name><price>2.93</price></item><item><name>Artisan Grilled Chicken Sandwich</name><price>9.79</price></item></category><category><name>Salads</name><item><name>Bacon Ranch Salad</name><price>5.15</price></item><item><name>Side Salad</name><price>7.23</price></item></category><category><name>Breakfast</name><item><name>Hash Browns</name><price>4.6</price></item><item><name>Egg McMuffin</name><price>5.4</price></item><item><name>Sausage McMuffin</name><price>4.33</price></item><item><name>Hotcakes</name><price>3.97</price></item></category><category><name>Snacks &amp; Sides</name><item><name>French Fries</name><price>8.76</price></item><item><name>Apple Slices</name><price>4.96</price></item></category></menu><employees><employee><name>M5kN0oIo</name><position>Cashier</position><hourlyWage>8.16</hourlyWage></employee><employee><name>L9PqxBAD</name><position>Manager</position><hourlyWage>11.77</hourlyWage></employee><employee><name>MEX7Fhpk</name><position>Cashier</position><hourlyWage>16.45</hourlyWage></employee><employee><name>44SNzBwm</name><position>Waiter</position><hourlyWage>9.88</hourlyWage></employee><employee><name>QqSn8CUV</name><position>Waiter</position><hourlyWage>9.12</hourlyWage></employee><employee><name>zintI1Tm</name><position>Cook</position><hourlyWage>14.43</hourlyWage></employee><employee><name>EDhYHOCI</name><position>Cashier</position><hourlyWage>16.35</hourlyWage></employee><employee><name>9d0elpAp</name><position>Cook</position><hourlyWage>18.99</hourlyWage></employee></employees><operatingHours><day><name>Monday</name><openingTime>09:00</openingTime><closingTime>22:00</closingTime></day><day><name>Tuesday</name><openingTime>09:00</openingTime><closingTime>22:00</closingTime></day><day><name>Wednesday</name><openingTime>09:00</openingTime><closingTime>22:00</closingTime></day><day><name>Thursday</name><openingTime>09:00</openingTime><closingTime>22:00</closingTime></day><day><name>Friday</name><openingTime>09:00</openingTime><closingTime>22:00</closingTime></day><day><name>Saturday</name><openingTime>09:00</openingTime><closingTime>22:00</closingTime></day><day><name>Sunday</name><openingTime>09:00</openingTime><closingTime>22:00</closingTime></day></operatingHours><onlineOrdering>false</onlineOrdering><loyaltyProgramEnabled>true</loyaltyProgramEnabled><driveThruAvailable>true</driveThruAvailable><language>Spanish</language><taxReference>jsyoXsFm</taxReference><operations /></restaurantConfig>