<restaurantConfig><name>B3qzUGBwUj</name><location><city>San Jose</city><zipcode>14570</zipcode></location><currency>USD</currency><timezone>EST</timezone><menu><category><name>Burgers</name><item><name>McChicken</name><price>6.17</price></item><item><name>McDouble</name><price>4.02</price></item></category><category><name>Snacks &amp; Sides</name><item><name>McNuggets</name><price>7.38</price></item><item><name>French Fries</name><price>2.87</price></item></category></menu><employees><employee><name>VxfsMhIv</name><position>Cashier</position><hourlyWage>15.66</hourlyWage></employee><employee><name>5OLjyhQV</name><position>Cook</position><hourlyWage>15.79</hourlyWage></employee><employee><name>UycX0myp</name><position>Waiter</position><hourlyWage>8.39</hourlyWage></employee></employees><operatingHours><day><name>Monday</name><openingTime>09:00</openingTime><closingTime>22:00</closingTime></day><day><name>Tuesday</name><openingTime>09:00</openingTime><closingTime>22:00</closingTime></day><day><name>Wednesday</name><openingTime>09:00</openingTime><closingTime>22:00</closingTime></day><day><name>Thursday</name><openingTime>09:00</openingTime><closingTime>22:00</closingTime></day><day><name>Friday</name><openingTime>09:00</openingTime><closingTime>22:00</closingTime></day><day><name>Saturday</name><openingTime>09:00</openingTime><closingTime>22:00</closingTime></day><day><name>Sunday</name><openingTime>09:00</openingTime><closingTime>22:00</closingTime></day></operatingHours><onlineOrdering>false</onlineOrdering><loyaltyProgramEnabled>false</loyaltyProgramEnabled><driveThruAvailable>true</driveThruAvailable><language>French</language><taxReference>sVOQ77Ks</taxReference><operations /></restaurantConfig>