<restaurantConfig><name>9O1H7H7rfK</name><location><city>Las Vegas</city><zipcode>70654</zipcode></location><currency>USD</currency><timezone>EST</timezone><menu><category><name>Burgers</name><item><name>McDouble</name><price>9.39</price></item><item><name>Big Mac</name><price>8.9</price></item></category><category><name>Snacks &amp; Sides</name><item><name>Apple Slices</name><price>4.75</price></item><item><name>McNuggets</name><price>9.44</price></item><item><name>French Fries</name><price>7.25</price></item></category></menu><employees><employee><name>SZWlA9MF</name><position>Cook</position><hourlyWage>19.41</hourlyWage></employee><employee><name>49GlqoKD</name><position>Manager</position><hourlyWage>19.88</hourlyWage></employee><employee><name>hdWcH4cB</name><position>Cashier</position><hourlyWage>9.64</hourlyWage></employee></employees><operatingHours><day><name>Monday</name><openingTime>09:00</openingTime><closingTime>22:00</closingTime></day><day><name>Tuesday</name><openingTime>09:00</openingTime><closingTime>22:00</closingTime></day><day><name>Wednesday</name><openingTime>09:00</openingTime><closingTime>22:00</closingTime></day><day><name>Thursday</name><openingTime>09:00</openingTime><closingTime>22:00</closingTime></day><day><name>Friday</name><openingTime>09:00</openingTime><closingTime>22:00</closingTime></day><day><name>Saturday</name><openingTime>09:00</openingTime><closingTime>22:00</closingTime></day><day><name>Sunday</name><openingTime>09:00</openingTime><closingTime>22:00</closingTime></day></operatingHours><onlineOrdering>true</onlineOrdering><loyaltyProgramEnabled>true</loyaltyProgramEnabled><driveThruAvailable>true</driveThruAvailable><language>German</language><taxReference>piApvegD</taxReference><operations /></restaurantConfig>