<restaurantConfig><name>axGfLnDP4T</name><location><city>Mesa</city><zipcode>55096</zipcode></location><currency>USD</currency><timezone>EST</timezone><menu><category><name>Chicken &amp; Sandwiches</name><item><name>Spicy McChicken</name><price>7.18</price></item><item><name>Buttermilk Crispy Chicken Sandwich</name><price>7.83</price></item><item><name>Artisan Grilled Chicken Sandwich</name><price>5.15</price></item><item><name>McChicken Deluxe</name><price>5.38</price></item></category><category><name>Breakfast</name><item><name>Hotcakes</name><price>7.25</price></item><item><name>Big Breakfast</name><price>5.83</price></item><item><name>Sausage McMuffin</name><price>7.32</price></item><item><name>Egg McMuffin</name><price>1.25</price></item></category></menu><employees><employee><name>YWPR7ngr</name><position>Manager</position><hourlyWage>18.2</hourlyWage></employee><employee><name>In16k6cq</name><position>Cook</position><hourlyWage>18.02</hourlyWage></employee><employee><name>8XdHLLgH</name><position>Manager</position><hourlyWage>19.09</hourlyWage></employee><employee><name>sewC6H8H</name><position>Cashier</position><hourlyWage>17.28</hourlyWage></employee><employee><name>FD80IrRW</name><position>Manager</position><hourlyWage>14.51</hourlyWage></employee></employees><operatingHours><day><name>Monday</name><openingTime>09:00</openingTime><closingTime>22:00</closingTime></day><day><name>Tuesday</name><openingTime>09:00</openingTime><closingTime>22:00</closingTime></day><day><name>Wednesday</name><openingTime>09:00</openingTime><closingTime>22:00</closingTime></day><day><name>Thursday</name><openingTime>09:00</openingTime><closingTime>22:00</closingTime></day><day><name>Friday</name><openingTime>09:00</openingTime><closingTime>22:00</closingTime></day><day><name>Saturday</name><openingTime>09:00</openingTime><closingTime>22:00</closingTime></day><day><name>Sunday</name><openingTime>09:00</openingTime><closingTime>22:00</closingTime></day></operatingHours><onlineOrdering>true</onlineOrdering><loyaltyProgramEnabled>true</loyaltyProgramEnabled><driveThruAvailable>false</driveThruAvailable><language>English</language><taxReference>ryn62IaG</taxReference><operations /></restaurantConfig>