<restaurantConfig><name>LmPTdB8p0w</name><location><city>San Diego</city><zipcode>85443</zipcode></location><currency>USD</currency><timezone>EST</timezone><menu><category><name>Chicken &amp; Sandwiches</name><item><name>Buttermilk Crispy Chicken Sandwich</name><price>9.58</price></item><item><name>McChicken Deluxe</name><price>8.91</price></item><item><name>Spicy McChicken</name><price>5.81</price></item><item><name>Artisan Grilled Chicken Sandwich</name><price>9.66</price></item></category><category><name>Salads</name><item><name>Side Salad</name><price>4.84</price></item></category><category><name>Snacks &amp; Sides</name><item><name>French Fries</name><price>3.6</price></item><item><name>Apple Slices</name><price>1.03</price></item></category></menu><employees><employee><name>5j6IYEJA</name><position>Cook</position><hourlyWage>19.22</hourlyWage></employee><employee><name>TCWkDf9b</name><position>Cashier</position><hourlyWage>15.93</hourlyWage></employee></employees><operatingHours><day><name>Monday</name><openingTime>09:00</openingTime><closingTime>22:00</closingTime></day><day><name>Tuesday</name><openingTime>09:00</openingTime><closingTime>22:00</closingTime></day><day><name>Wednesday</name><openingTime>09:00</openingTime><closingTime>22:00</closingTime></day><day><name>Thursday</name><openingTime>09:00</openingTime><closingTime>22:00</closingTime></day><day><name>Friday</name><openingTime>09:00</openingTime><closingTime>22:00</closingTime></day><day><name>Saturday</name><openingTime>09:00</openingTime><closingTime>22:00</closingTime></day><day><name>Sunday</name><openingTime>09:00</openingTime><closingTime>22:00</closingTime></day></operatingHours><onlineOrdering>false</onlineOrdering><loyaltyProgramEnabled>false</loyaltyProgramEnabled><driveThruAvailable>false</driveThruAvailable><language>German</language><taxReference>7wuB4rgu</taxReference><operations /></restaurantConfig>