<restaurantConfig><name>fr7TPYbV55</name><location><city>El Paso</city><zipcode>17772</zipcode></location><currency>USD</currency><timezone>EST</timezone><menu><category><name>Burgers</name><item><name>McChicken</name><price>3.66</price></item></category><category><name>Snacks &amp; Sides</name><item><name>French Fries</name><price>8.83</price></item><item><name>Apple Slices</name><price>7.65</price></item></category></menu><employees><employee><name>PmWki5Nr</name><position>Cashier</position><hourlyWage>17.59</hourlyWage></employee><employee><name>wcNJ17pR</name><position>Cook</position><hourlyWage>19.03</hourlyWage></employee><employee><name>z2iz2iZR</name><position>Waiter</position><hourlyWage>15.76</hourlyWage></employee><employee><name>Wjm8LVCB</name><position>Waiter</position><hourlyWage>10.57</hourlyWage></employee><employee><name>Vzagsq6S</name><position>Cook</position><hourlyWage>9.44</hourlyWage></employee><employee><name>6iFI9enN</name><position>Cook</position><hourlyWage>12.82</hourlyWage></employee><employee><name>JoXrgto5</name><position>Manager</position><hourlyWage>8.41</hourlyWage></employee><employee><name>3RBhsGRD</name><position>Cook</position><hourlyWage>19.13</hourlyWage></employee><employee><name>Zd5EdF6u</name><position>Cashier</position><hourlyWage>18.34</hourlyWage></employee></employees><operatingHours><day><name>Monday</name><openingTime>09:00</openingTime><closingTime>22:00</closingTime></day><day><name>Tuesday</name><openingTime>09:00</openingTime><closingTime>22:00</closingTime></day><day><name>Wednesday</name><openingTime>09:00</openingTime><closingTime>22:00</closingTime></day><day><name>Thursday</name><openingTime>09:00</openingTime><closingTime>22:00</closingTime></day><day><name>Friday</name><openingTime>09:00</openingTime><closingTime>22:00</closingTime></day><day><name>Saturday</name><openingTime>09:00</openingTime><closingTime>22:00</closingTime></day><day><name>Sunday</name><openingTime>09:00</openingTime><closingTime>22:00</closingTime></day></operatingHours><onlineOrdering>false</onlineOrdering><loyaltyProgramEnabled>true</loyaltyProgramEnabled><driveThruAvailable>false</driveThruAvailable><language>German</language><taxReference>x9ibPzsl</taxReference><operations /></restaurantConfig>