<restaurantConfig><name>qzepIttfBY</name><location><city>Louisville</city><zipcode>56274</zipcode></location><currency>USD</currency><timezone>EST</timezone><menu><category><name>Salads</name><item><name>Southwest Grilled Chicken Salad</name><price>9.97</price></item><item><name>Side Salad</name><price>2.7</price></item><item><name>Bacon Ranch Salad</name><price>3.65</price></item></category><category><name>Breakfast</name><item><name>Egg McMuffin</name><price>2.35</price></item><item><name>Big Breakfast</name><price>8.11</price></item></category></menu><employees><employee><name>8YC7d2Dk</name><position>Cook</position><hourlyWage>17.7</hourlyWage></employee><employee><name>3SwClqOj</name><position>Manager</position><hourlyWage>8.97</hourlyWage></employee><employee><name>Wym49jMn</name><position>Waiter</position><hourlyWage>15.15</hourlyWage></employee><employee><name>zFYDdGit</name><position>Cook</position><hourlyWage>14.11</hourlyWage></employee><employee><name>oUEf6IHt</name><position>Waiter</position><hourlyWage>14.05</hourlyWage></employee><employee><name>mOUGP8cF</name><position>Manager</position><hourlyWage>9.01</hourlyWage></employee><employee><name>31BVPK0q</name><position>Cashier</position><hourlyWage>15.29</hourlyWage></employee></employees><operatingHours><day><name>Monday</name><openingTime>09:00</openingTime><closingTime>22:00</closingTime></day><day><name>Tuesday</name><openingTime>09:00</openingTime><closingTime>22:00</closingTime></day><day><name>Wednesday</name><openingTime>09:00</openingTime><closingTime>22:00</closingTime></day><day><name>Thursday</name><openingTime>09:00</openingTime><closingTime>22:00</closingTime></day><day><name>Friday</name><openingTime>09:00</openingTime><closingTime>22:00</closingTime></day><day><name>Saturday</name><openingTime>09:00</openingTime><closingTime>22:00</closingTime></day><day><name>Sunday</name><openingTime>09:00</openingTime><closingTime>22:00</closingTime></day></operatingHours><onlineOrdering>true</onlineOrdering><loyaltyProgramEnabled>false</loyaltyProgramEnabled><driveThruAvailable>true</driveThruAvailable><language>Spanish</language><taxReference>v7VVV0ZO</taxReference><operations /></restaurantConfig>