<restaurantConfig><name>DkmctxvFlS</name><location><city>El Paso</city><zipcode>62658</zipcode></location><currency>USD</currency><timezone>EST</timezone><menu><category><name>Burgers</name><item><name>Big Mac</name><price>2.04</price></item><item><name>Filet-O-Fish</name><price>5.84</price></item></category><category><name>Snacks &amp; Sides</name><item><name>French Fries</name><price>8.28</price></item></category></menu><employees><employee><name>pPTzd0FB</name><position>Cook</position><hourlyWage>18.97</hourlyWage></employee><employee><name>hq8bLga3</name><position>Cook</position><hourlyWage>11.46</hourlyWage></employee><employee><name>O5N3klAu</name><position>Cashier</position><hourlyWage>16.7</hourlyWage></employee><employee><name>AJVlrwae</name><position>Cashier</position><hourlyWage>16.83</hourlyWage></employee><employee><name>on8een65</name><position>Cashier</position><hourlyWage>19.5</hourlyWage></employee><employee><name>YLXidXcj</name><position>Manager</position><hourlyWage>12.34</hourlyWage></employee><employee><name>b5mWtOkO</name><position>Cashier</position><hourlyWage>10.12</hourlyWage></employee><employee><name>o3Y9Cagk</name><position>Cashier</position><hourlyWage>8.69</hourlyWage></employee><employee><name>OS2XsFDh</name><position>Waiter</position><hourlyWage>10.81</hourlyWage></employee><employee><name>FbM7fGwq</name><position>Waiter</position><hourlyWage>15.75</hourlyWage></employee></employees><operatingHours><day><name>Monday</name><openingTime>09:00</openingTime><closingTime>22:00</closingTime></day><day><name>Tuesday</name><openingTime>09:00</openingTime><closingTime>22:00</closingTime></day><day><name>Wednesday</name><openingTime>09:00</openingTime><closingTime>22:00</closingTime></day><day><name>Thursday</name><openingTime>09:00</openingTime><closingTime>22:00</closingTime></day><day><name>Friday</name><openingTime>09:00</openingTime><closingTime>22:00</closingTime></day><day><name>Saturday</name><openingTime>09:00</openingTime><closingTime>22:00</closingTime></day><day><name>Sunday</name><openingTime>09:00</openingTime><closingTime>22:00</closingTime></day></operatingHours><onlineOrdering>true</onlineOrdering><loyaltyProgramEnabled>true</loyaltyProgramEnabled><driveThruAvailable>true</driveThruAvailable><language>French</language><taxReference>ivVW9fs4</taxReference><operations /></restaurantConfig>