<restaurantConfig><name>wRd3gC6xHD</name><location><city>Baltimore</city><zipcode>60406</zipcode></location><currency>USD</currency><timezone>EST</timezone><menu><category><name>Burgers</name><item><name>McDouble</name><price>5.88</price></item></category><category><name>Breakfast</name><item><name>Hotcakes</name><price>6.81</price></item><item><name>Big Breakfast</name><price>1.52</price></item></category><category><name>Snacks &amp; Sides</name><item><name>Apple Slices</name><price>4.56</price></item><item><name>French Fries</name><price>7.56</price></item></category></menu><employees><employee><name>YdRFTG4E</name><position>Cashier</position><hourlyWage>11.44</hourlyWage></employee><employee><name>Pty9N36A</name><position>Manager</position><hourlyWage>8.86</hourlyWage></employee><employee><name>xzc1evKt</name><position>Cashier</position><hourlyWage>17.29</hourlyWage></employee><employee><name>E6xgeSR8</name><position>Waiter</position><hourlyWage>18.74</hourlyWage></employee><employee><name>h4uhNfDX</name><position>Cashier</position><hourlyWage>10.42</hourlyWage></employee><employee><name>TRZ5LeM2</name><position>Cook</position><hourlyWage>15.07</hourlyWage></employee></employees><operatingHours><day><name>Monday</name><openingTime>09:00</openingTime><closingTime>22:00</closingTime></day><day><name>Tuesday</name><openingTime>09:00</openingTime><closingTime>22:00</closingTime></day><day><name>Wednesday</name><openingTime>09:00</openingTime><closingTime>22:00</closingTime></day><day><name>Thursday</name><openingTime>09:00</openingTime><closingTime>22:00</closingTime></day><day><name>Friday</name><openingTime>09:00</openingTime><closingTime>22:00</closingTime></day><day><name>Saturday</name><openingTime>09:00</openingTime><closingTime>22:00</closingTime></day><day><name>Sunday</name><openingTime>09:00</openingTime><closingTime>22:00</closingTime></day></operatingHours><onlineOrdering>false</onlineOrdering><loyaltyProgramEnabled>true</loyaltyProgramEnabled><driveThruAvailable>true</driveThruAvailable><language>Spanish</language><taxReference>UeQnmYOx</taxReference><operations /></restaurantConfig>