<restaurantConfig><name>1ozvJc8NVD</name><location><city>Fort Worth</city><zipcode>76308</zipcode></location><currency>USD</currency><timezone>EST</timezone><menu /><employees><employee><name>ZvUJsQ1J</name><position>Cook</position><hourlyWage>8.04</hourlyWage></employee><employee><name>AHfKyVqm</name><position>Cook</position><hourlyWage>12.11</hourlyWage></employee><employee><name>UIGPxJt7</name><position>Manager</position><hourlyWage>11.08</hourlyWage></employee><employee><name>r0l5yjk3</name><position>Cook</position><hourlyWage>13.41</hourlyWage></employee><employee><name>8XIxXuEW</name><position>Waiter</position><hourlyWage>17.14</hourlyWage></employee><employee><name>S6O4WPgq</name><position>Cashier</position><hourlyWage>19.64</hourlyWage></employee><employee><name>9oCK6R7g</name><position>Manager</position><hourlyWage>8.76</hourlyWage></employee></employees><operatingHours><day><name>Monday</name><openingTime>09:00</openingTime><closingTime>22:00</closingTime></day><day><name>Tuesday</name><openingTime>09:00</openingTime><closingTime>22:00</closingTime></day><day><name>Wednesday</name><openingTime>09:00</openingTime><closingTime>22:00</closingTime></day><day><name>Thursday</name><openingTime>09:00</openingTime><closingTime>22:00</closingTime></day><day><name>Friday</name><openingTime>09:00</openingTime><closingTime>22:00</closingTime></day><day><name>Saturday</name><openingTime>09:00</openingTime><closingTime>22:00</closingTime></day><day><name>Sunday</name><openingTime>09:00</openingTime><closingTime>22:00</closingTime></day></operatingHours><onlineOrdering>true</onlineOrdering><loyaltyProgramEnabled>true</loyaltyProgramEnabled><driveThruAvailable>true</driveThruAvailable><language>German</language><taxReference>th7oH1fu</taxReference><operations /></restaurantConfig>