<restaurantConfig><name>ClrGl3gWaw</name><location><city>El Paso</city><zipcode>12458</zipcode></location><currency>USD</currency><timezone>EST</timezone><menu><category><name>Salads</name><item><name>Southwest Grilled Chicken Salad</name><price>2.46</price></item><item><name>Bacon Ranch Salad</name><price>7.84</price></item><item><name>Side Salad</name><price>7.27</price></item></category><category><name>Breakfast</name><item><name>Hotcakes</name><price>9.36</price></item><item><name>Sausage McMuffin</name><price>5.7</price></item><item><name>Egg McMuffin</name><price>4.89</price></item></category><category><name>Snacks &amp; Sides</name><item><name>French Fries</name><price>6.91</price></item><item><name>McNuggets</name><price>8.03</price></item></category></menu><employees><employee><name>IKlQfWHg</name><position>Cook</position><hourlyWage>9.36</hourlyWage></employee><employee><name>LZeYHXr4</name><position>Manager</position><hourlyWage>17.9</hourlyWage></employee><employee><name>l6zecUw7</name><position>Cook</position><hourlyWage>11.36</hourlyWage></employee><employee><name>X5W7LymV</name><position>Manager</position><hourlyWage>14.13</hourlyWage></employee><employee><name>DSjaW9yx</name><position>Cashier</position><hourlyWage>10.01</hourlyWage></employee><employee><name>0W73hyPC</name><position>Cashier</position><hourlyWage>8.51</hourlyWage></employee><employee><name>9DlbNBwF</name><position>Waiter</position><hourlyWage>15.25</hourlyWage></employee><employee><name>0t8LSaHA</name><position>Manager</position><hourlyWage>14.46</hourlyWage></employee><employee><name>84n3cjjp</name><position>Waiter</position><hourlyWage>19.03</hourlyWage></employee><employee><name>CKM2EgGB</name><position>Waiter</position><hourlyWage>9.09</hourlyWage></employee></employees><operatingHours><day><name>Monday</name><openingTime>09:00</openingTime><closingTime>22:00</closingTime></day><day><name>Tuesday</name><openingTime>09:00</openingTime><closingTime>22:00</closingTime></day><day><name>Wednesday</name><openingTime>09:00</openingTime><closingTime>22:00</closingTime></day><day><name>Thursday</name><openingTime>09:00</openingTime><closingTime>22:00</closingTime></day><day><name>Friday</name><openingTime>09:00</openingTime><closingTime>22:00</closingTime></day><day><name>Saturday</name><openingTime>09:00</openingTime><closingTime>22:00</closingTime></day><day><name>Sunday</name><openingTime>09:00</openingTime><closingTime>22:00</closingTime></day></operatingHours><onlineOrdering>true</onlineOrdering><loyaltyProgramEnabled>true</loyaltyProgramEnabled><driveThruAvailable>false</driveThruAvailable><language>Spanish</language><taxReference>IW7jR7cT</taxReference><operations /></restaurantConfig>