<restaurantConfig><name>AGfPzUfGUe</name><location><city>Memphis</city><zipcode>14783</zipcode></location><currency>USD</currency><timezone>EST</timezone><menu><category><name>Chicken &amp; Sandwiches</name><item><name>Buttermilk Crispy Chicken Sandwich</name><price>6.39</price></item><item><name>Artisan Grilled Chicken Sandwich</name><price>1.61</price></item></category><category><name>Salads</name><item><name>Side Salad</name><price>4.25</price></item><item><name>Southwest Grilled Chicken Salad</name><price>2.25</price></item></category></menu><employees><employee><name>TMcHaCXx</name><position>Cook</position><hourlyWage>14.85</hourlyWage></employee><employee><name>igZfEWQv</name><position>Waiter</position><hourlyWage>18.91</hourlyWage></employee><employee><name>vH13f1Iu</name><position>Cook</position><hourlyWage>8.55</hourlyWage></employee><employee><name>ni2tsqsg</name><position>Manager</position><hourlyWage>13.77</hourlyWage></employee></employees><operatingHours><day><name>Monday</name><openingTime>09:00</openingTime><closingTime>22:00</closingTime></day><day><name>Tuesday</name><openingTime>09:00</openingTime><closingTime>22:00</closingTime></day><day><name>Wednesday</name><openingTime>09:00</openingTime><closingTime>22:00</closingTime></day><day><name>Thursday</name><openingTime>09:00</openingTime><closingTime>22:00</closingTime></day><day><name>Friday</name><openingTime>09:00</openingTime><closingTime>22:00</closingTime></day><day><name>Saturday</name><openingTime>09:00</openingTime><closingTime>22:00</closingTime></day><day><name>Sunday</name><openingTime>09:00</openingTime><closingTime>22:00</closingTime></day></operatingHours><onlineOrdering>true</onlineOrdering><loyaltyProgramEnabled>true</loyaltyProgramEnabled><driveThruAvailable>true</driveThruAvailable><language>English</language><taxReference>tf0AjUYE</taxReference><operations /></restaurantConfig>