<restaurantConfig><name>FcpjYth8jE</name><location><city>Dallas</city><zipcode>40460</zipcode></location><currency>USD</currency><timezone>EST</timezone><menu><category><name>Burgers</name><item><name>Big Mac</name><price>9.08</price></item><item><name>Filet-O-Fish</name><price>1.44</price></item><item><name>McChicken</name><price>2.67</price></item><item><name>Quarter Pounder with Cheese</name><price>6.27</price></item></category><category><name>Salads</name><item><name>Side Salad</name><price>6.48</price></item><item><name>Southwest Grilled Chicken Salad</name><price>7.46</price></item><item><name>Bacon Ranch Salad</name><price>5.76</price></item></category></menu><employees><employee><name>kzSL9qxw</name><position>Cook</position><hourlyWage>14.43</hourlyWage></employee></employees><operatingHours><day><name>Monday</name><openingTime>09:00</openingTime><closingTime>22:00</closingTime></day><day><name>Tuesday</name><openingTime>09:00</openingTime><closingTime>22:00</closingTime></day><day><name>Wednesday</name><openingTime>09:00</openingTime><closingTime>22:00</closingTime></day><day><name>Thursday</name><openingTime>09:00</openingTime><closingTime>22:00</closingTime></day><day><name>Friday</name><openingTime>09:00</openingTime><closingTime>22:00</closingTime></day><day><name>Saturday</name><openingTime>09:00</openingTime><closingTime>22:00</closingTime></day><day><name>Sunday</name><openingTime>09:00</openingTime><closingTime>22:00</closingTime></day></operatingHours><onlineOrdering>true</onlineOrdering><loyaltyProgramEnabled>false</loyaltyProgramEnabled><driveThruAvailable>false</driveThruAvailable><language>German</language><taxReference>ppspx7w0</taxReference><operations /></restaurantConfig>