<restaurantConfig><name>gv8EhKMSPO</name><location><city>Philadelphia</city><zipcode>20182</zipcode></location><currency>USD</currency><timezone>EST</timezone><menu><category><name>Breakfast</name><item><name>Hotcakes</name><price>9.84</price></item></category><category><name>Snacks &amp; Sides</name><item><name>Apple Slices</name><price>3.86</price></item></category></menu><employees><employee><name>lFGLjCZz</name><position>Waiter</position><hourlyWage>11.66</hourlyWage></employee><employee><name>mdSoQfMS</name><position>Manager</position><hourlyWage>19.62</hourlyWage></employee><employee><name>K85enlWa</name><position>Cook</position><hourlyWage>17.43</hourlyWage></employee><employee><name>VQLs0kJW</name><position>Cook</position><hourlyWage>9.14</hourlyWage></employee><employee><name>KeIbOkc5</name><position>Cashier</position><hourlyWage>15.98</hourlyWage></employee><employee><name>8IiaORAN</name><position>Manager</position><hourlyWage>18.19</hourlyWage></employee></employees><operatingHours><day><name>Monday</name><openingTime>09:00</openingTime><closingTime>22:00</closingTime></day><day><name>Tuesday</name><openingTime>09:00</openingTime><closingTime>22:00</closingTime></day><day><name>Wednesday</name><openingTime>09:00</openingTime><closingTime>22:00</closingTime></day><day><name>Thursday</name><openingTime>09:00</openingTime><closingTime>22:00</closingTime></day><day><name>Friday</name><openingTime>09:00</openingTime><closingTime>22:00</closingTime></day><day><name>Saturday</name><openingTime>09:00</openingTime><closingTime>22:00</closingTime></day><day><name>Sunday</name><openingTime>09:00</openingTime><closingTime>22:00</closingTime></day></operatingHours><onlineOrdering>false</onlineOrdering><loyaltyProgramEnabled>false</loyaltyProgramEnabled><driveThruAvailable>false</driveThruAvailable><language>French</language><taxReference>nLRrT8K2</taxReference><operations /></restaurantConfig>