<restaurantConfig><name>ew405sKVG8</name><location><city>Raleigh</city><zipcode>33858</zipcode></location><currency>USD</currency><timezone>EST</timezone><menu><category><name>Chicken &amp; Sandwiches</name><item><name>McChicken Deluxe</name><price>8.13</price></item></category><category><name>Salads</name><item><name>Side Salad</name><price>9.73</price></item><item><name>Bacon Ranch Salad</name><price>5.43</price></item><item><name>Southwest Grilled Chicken Salad</name><price>8.8</price></item></category><category><name>Breakfast</name><item><name>Sausage McMuffin</name><price>7.7</price></item><item><name>Big Breakfast</name><price>4.07</price></item><item><name>Egg McMuffin</name><price>2.65</price></item><item><name>Hotcakes</name><price>9.59</price></item><item><name>Hash Browns</name><price>2.07</price></item></category></menu><employees><employee><name>iG0RQDTv</name><position>Manager</position><hourlyWage>16.73</hourlyWage></employee><employee><name>2R43tCCd</name><position>Cook</position><hourlyWage>8.9</hourlyWage></employee><employee><name>oTfUmO0s</name><position>Cashier</position><hourlyWage>11.18</hourlyWage></employee><employee><name>ggLVyP9y</name><position>Cook</position><hourlyWage>11.23</hourlyWage></employee><employee><name>b2nP7poL</name><position>Cook</position><hourlyWage>18.52</hourlyWage></employee><employee><name>bZq2h170</name><position>Manager</position><hourlyWage>9.58</hourlyWage></employee><employee><name>Pw0TsiWZ</name><position>Waiter</position><hourlyWage>17.35</hourlyWage></employee><employee><name>9A52JEgw</name><position>Manager</position><hourlyWage>14.29</hourlyWage></employee><employee><name>55B4DXgY</name><position>Cashier</position><hourlyWage>18.94</hourlyWage></employee></employees><operatingHours><day><name>Monday</name><openingTime>09:00</openingTime><closingTime>22:00</closingTime></day><day><name>Tuesday</name><openingTime>09:00</openingTime><closingTime>22:00</closingTime></day><day><name>Wednesday</name><openingTime>09:00</openingTime><closingTime>22:00</closingTime></day><day><name>Thursday</name><openingTime>09:00</openingTime><closingTime>22:00</closingTime></day><day><name>Friday</name><openingTime>09:00</openingTime><closingTime>22:00</closingTime></day><day><name>Saturday</name><openingTime>09:00</openingTime><closingTime>22:00</closingTime></day><day><name>Sunday</name><openingTime>09:00</openingTime><closingTime>22:00</closingTime></day></operatingHours><onlineOrdering>false</onlineOrdering><loyaltyProgramEnabled>true</loyaltyProgramEnabled><driveThruAvailable>true</driveThruAvailable><language>English</language><taxReference>JYIlZkug</taxReference><operations /></restaurantConfig>