<restaurantConfig><name>2K319UkidE</name><location><city>Louisville</city><zipcode>16257</zipcode></location><currency>USD</currency><timezone>EST</timezone><menu><category><name>Chicken &amp; Sandwiches</name><item><name>Spicy McChicken</name><price>1.65</price></item><item><name>McChicken Deluxe</name><price>6.42</price></item><item><name>Buttermilk Crispy Chicken Sandwich</name><price>6.48</price></item></category><category><name>Breakfast</name><item><name>Big Breakfast</name><price>9.32</price></item><item><name>Hotcakes</name><price>1.17</price></item><item><name>Hash Browns</name><price>3.28</price></item><item><name>Sausage McMuffin</name><price>6.62</price></item></category><category><name>Snacks &amp; Sides</name><item><name>French Fries</name><price>7.09</price></item><item><name>Apple Slices</name><price>9.1</price></item></category></menu><employees><employee><name>e3MzWX2l</name><position>Waiter</position><hourlyWage>10.87</hourlyWage></employee><employee><name>ibwzcNsc</name><position>Manager</position><hourlyWage>16.4</hourlyWage></employee><employee><name>uQxnLaPT</name><position>Waiter</position><hourlyWage>19.65</hourlyWage></employee><employee><name>v43Xttgh</name><position>Waiter</position><hourlyWage>16.82</hourlyWage></employee><employee><name>fRALGAmc</name><position>Manager</position><hourlyWage>9.18</hourlyWage></employee><employee><name>eSdCNNkF</name><position>Cook</position><hourlyWage>11.09</hourlyWage></employee><employee><name>r1b40iwm</name><position>Cashier</position><hourlyWage>13.13</hourlyWage></employee></employees><operatingHours><day><name>Monday</name><openingTime>09:00</openingTime><closingTime>22:00</closingTime></day><day><name>Tuesday</name><openingTime>09:00</openingTime><closingTime>22:00</closingTime></day><day><name>Wednesday</name><openingTime>09:00</openingTime><closingTime>22:00</closingTime></day><day><name>Thursday</name><openingTime>09:00</openingTime><closingTime>22:00</closingTime></day><day><name>Friday</name><openingTime>09:00</openingTime><closingTime>22:00</closingTime></day><day><name>Saturday</name><openingTime>09:00</openingTime><closingTime>22:00</closingTime></day><day><name>Sunday</name><openingTime>09:00</openingTime><closingTime>22:00</closingTime></day></operatingHours><onlineOrdering>false</onlineOrdering><loyaltyProgramEnabled>true</loyaltyProgramEnabled><driveThruAvailable>false</driveThruAvailable><language>English</language><taxReference>TvesWvVk</taxReference><operations /></restaurantConfig>