<restaurantConfig><name>xL0uBtRStg</name><location><city>Baltimore</city><zipcode>32868</zipcode></location><currency>USD</currency><timezone>EST</timezone><menu><category><name>Burgers</name><item><name>Big Mac</name><price>7.7</price></item><item><name>McDouble</name><price>9.32</price></item><item><name>Quarter Pounder with Cheese</name><price>1.09</price></item><item><name>Filet-O-Fish</name><price>3.93</price></item><item><name>McChicken</name><price>4.32</price></item></category><category><name>Breakfast</name><item><name>Hotcakes</name><price>2.89</price></item><item><name>Egg McMuffin</name><price>1.32</price></item><item><name>Hash Browns</name><price>9.5</price></item></category></menu><employees><employee><name>C3rcqQI3</name><position>Waiter</position><hourlyWage>12.58</hourlyWage></employee></employees><operatingHours><day><name>Monday</name><openingTime>09:00</openingTime><closingTime>22:00</closingTime></day><day><name>Tuesday</name><openingTime>09:00</openingTime><closingTime>22:00</closingTime></day><day><name>Wednesday</name><openingTime>09:00</openingTime><closingTime>22:00</closingTime></day><day><name>Thursday</name><openingTime>09:00</openingTime><closingTime>22:00</closingTime></day><day><name>Friday</name><openingTime>09:00</openingTime><closingTime>22:00</closingTime></day><day><name>Saturday</name><openingTime>09:00</openingTime><closingTime>22:00</closingTime></day><day><name>Sunday</name><openingTime>09:00</openingTime><closingTime>22:00</closingTime></day></operatingHours><onlineOrdering>true</onlineOrdering><loyaltyProgramEnabled>false</loyaltyProgramEnabled><driveThruAvailable>true</driveThruAvailable><language>English</language><taxReference>11skgkaE</taxReference><operations /></restaurantConfig>