<restaurantConfig><name>XjNgztEVvp</name><location><city>Louisville</city><zipcode>24952</zipcode></location><currency>USD</currency><timezone>EST</timezone><menu><category><name>Snacks &amp; Sides</name><item><name>Apple Slices</name><price>6.31</price></item><item><name>French Fries</name><price>4.21</price></item><item><name>McNuggets</name><price>2.59</price></item></category></menu><employees><employee><name>Zjed7IRD</name><position>Cook</position><hourlyWage>13.73</hourlyWage></employee><employee><name>7thq7U1l</name><position>Waiter</position><hourlyWage>12.13</hourlyWage></employee><employee><name>uOAkr3AQ</name><position>Cashier</position><hourlyWage>19.45</hourlyWage></employee><employee><name>wDBjuVEL</name><position>Manager</position><hourlyWage>11.1</hourlyWage></employee></employees><operatingHours><day><name>Monday</name><openingTime>09:00</openingTime><closingTime>22:00</closingTime></day><day><name>Tuesday</name><openingTime>09:00</openingTime><closingTime>22:00</closingTime></day><day><name>Wednesday</name><openingTime>09:00</openingTime><closingTime>22:00</closingTime></day><day><name>Thursday</name><openingTime>09:00</openingTime><closingTime>22:00</closingTime></day><day><name>Friday</name><openingTime>09:00</openingTime><closingTime>22:00</closingTime></day><day><name>Saturday</name><openingTime>09:00</openingTime><closingTime>22:00</closingTime></day><day><name>Sunday</name><openingTime>09:00</openingTime><closingTime>22:00</closingTime></day></operatingHours><onlineOrdering>true</onlineOrdering><loyaltyProgramEnabled>true</loyaltyProgramEnabled><driveThruAvailable>false</driveThruAvailable><language>Spanish</language><taxReference>mipGsEmA</taxReference><operations /></restaurantConfig>