<restaurantConfig><name>7NubRlhwOU</name><location><city>El Paso</city><zipcode>53942</zipcode></location><currency>USD</currency><timezone>EST</timezone><menu><category><name>Burgers</name><item><name>McDouble</name><price>8.73</price></item></category><category><name>Chicken &amp; Sandwiches</name><item><name>Buttermilk Crispy Chicken Sandwich</name><price>9.14</price></item><item><name>Spicy McChicken</name><price>2.64</price></item><item><name>McChicken Deluxe</name><price>8.39</price></item><item><name>Artisan Grilled Chicken Sandwich</name><price>8.89</price></item></category><category><name>Salads</name><item><name>Side Salad</name><price>3.14</price></item><item><name>Bacon Ranch Salad</name><price>8.92</price></item><item><name>Southwest Grilled Chicken Salad</name><price>3.6</price></item></category></menu><employees><employee><name>yjq0tZrU</name><position>Cook</position><hourlyWage>11.93</hourlyWage></employee><employee><name>uFaSorMi</name><position>Manager</position><hourlyWage>16.19</hourlyWage></employee><employee><name>uhJtp28k</name><position>Cook</position><hourlyWage>14.12</hourlyWage></employee><employee><name>E5Lyutht</name><position>Cashier</position><hourlyWage>13.65</hourlyWage></employee><employee><name>1bRQGoau</name><position>Cook</position><hourlyWage>18.62</hourlyWage></employee></employees><operatingHours><day><name>Monday</name><openingTime>09:00</openingTime><closingTime>22:00</closingTime></day><day><name>Tuesday</name><openingTime>09:00</openingTime><closingTime>22:00</closingTime></day><day><name>Wednesday</name><openingTime>09:00</openingTime><closingTime>22:00</closingTime></day><day><name>Thursday</name><openingTime>09:00</openingTime><closingTime>22:00</closingTime></day><day><name>Friday</name><openingTime>09:00</openingTime><closingTime>22:00</closingTime></day><day><name>Saturday</name><openingTime>09:00</openingTime><closingTime>22:00</closingTime></day><day><name>Sunday</name><openingTime>09:00</openingTime><closingTime>22:00</closingTime></day></operatingHours><onlineOrdering>false</onlineOrdering><loyaltyProgramEnabled>true</loyaltyProgramEnabled><driveThruAvailable>true</driveThruAvailable><language>French</language><taxReference>aLjTtHpb</taxReference><operations /></restaurantConfig>