<restaurantConfig><name>nAX1s4vhlV</name><location><city>Jacksonville</city><zipcode>62002</zipcode></location><currency>USD</currency><timezone>EST</timezone><menu><category><name>Chicken &amp; Sandwiches</name><item><name>Artisan Grilled Chicken Sandwich</name><price>7.78</price></item><item><name>Spicy McChicken</name><price>3.25</price></item><item><name>Buttermilk Crispy Chicken Sandwich</name><price>6.84</price></item></category><category><name>Salads</name><item><name>Side Salad</name><price>2.47</price></item><item><name>Southwest Grilled Chicken Salad</name><price>8.28</price></item></category><category><name>Breakfast</name><item><name>Egg McMuffin</name><price>4.46</price></item><item><name>Big Breakfast</name><price>5.15</price></item></category></menu><employees><employee><name>0ZplBh7c</name><position>Manager</position><hourlyWage>9.67</hourlyWage></employee><employee><name>vLfXjdbT</name><position>Manager</position><hourlyWage>19.77</hourlyWage></employee><employee><name>AkL6BMjS</name><position>Cashier</position><hourlyWage>17.68</hourlyWage></employee><employee><name>rSEK0uhf</name><position>Cashier</position><hourlyWage>15.88</hourlyWage></employee><employee><name>KANoNLlL</name><position>Manager</position><hourlyWage>16.6</hourlyWage></employee><employee><name>iNEqZYTC</name><position>Cashier</position><hourlyWage>18.08</hourlyWage></employee></employees><operatingHours><day><name>Monday</name><openingTime>09:00</openingTime><closingTime>22:00</closingTime></day><day><name>Tuesday</name><openingTime>09:00</openingTime><closingTime>22:00</closingTime></day><day><name>Wednesday</name><openingTime>09:00</openingTime><closingTime>22:00</closingTime></day><day><name>Thursday</name><openingTime>09:00</openingTime><closingTime>22:00</closingTime></day><day><name>Friday</name><openingTime>09:00</openingTime><closingTime>22:00</closingTime></day><day><name>Saturday</name><openingTime>09:00</openingTime><closingTime>22:00</closingTime></day><day><name>Sunday</name><openingTime>09:00</openingTime><closingTime>22:00</closingTime></day></operatingHours><onlineOrdering>true</onlineOrdering><loyaltyProgramEnabled>false</loyaltyProgramEnabled><driveThruAvailable>true</driveThruAvailable><language>Spanish</language><taxReference>g6bVQ1KB</taxReference><operations /></restaurantConfig>