<restaurantConfig><name>SL2xx9f1WY</name><location><city>Dallas</city><zipcode>91473</zipcode></location><currency>USD</currency><timezone>EST</timezone><menu><category><name>Salads</name><item><name>Side Salad</name><price>6.95</price></item><item><name>Southwest Grilled Chicken Salad</name><price>2.72</price></item><item><name>Bacon Ranch Salad</name><price>4.77</price></item></category><category><name>Breakfast</name><item><name>Sausage McMuffin</name><price>8.75</price></item><item><name>Egg McMuffin</name><price>2.78</price></item><item><name>Hash Browns</name><price>7.33</price></item></category><category><name>Snacks &amp; Sides</name><item><name>Apple Slices</name><price>1.12</price></item><item><name>McNuggets</name><price>1.07</price></item><item><name>French Fries</name><price>5.24</price></item></category></menu><employees><employee><name>AeSqsf8I</name><position>Waiter</position><hourlyWage>15.42</hourlyWage></employee><employee><name>fBhrnfww</name><position>Manager</position><hourlyWage>14.69</hourlyWage></employee><employee><name>SsQwNKIV</name><position>Cook</position><hourlyWage>16.98</hourlyWage></employee><employee><name>Ze4n5KLP</name><position>Manager</position><hourlyWage>15.56</hourlyWage></employee><employee><name>JHPd4O2A</name><position>Cook</position><hourlyWage>17.99</hourlyWage></employee><employee><name>7MFcpjgB</name><position>Cook</position><hourlyWage>17.93</hourlyWage></employee><employee><name>1TI6GkMc</name><position>Manager</position><hourlyWage>10.28</hourlyWage></employee><employee><name>2GvpL071</name><position>Cashier</position><hourlyWage>15.58</hourlyWage></employee><employee><name>GlfUuuzj</name><position>Cook</position><hourlyWage>8.56</hourlyWage></employee><employee><name>72YAPStB</name><position>Cook</position><hourlyWage>8.39</hourlyWage></employee></employees><operatingHours><day><name>Monday</name><openingTime>09:00</openingTime><closingTime>22:00</closingTime></day><day><name>Tuesday</name><openingTime>09:00</openingTime><closingTime>22:00</closingTime></day><day><name>Wednesday</name><openingTime>09:00</openingTime><closingTime>22:00</closingTime></day><day><name>Thursday</name><openingTime>09:00</openingTime><closingTime>22:00</closingTime></day><day><name>Friday</name><openingTime>09:00</openingTime><closingTime>22:00</closingTime></day><day><name>Saturday</name><openingTime>09:00</openingTime><closingTime>22:00</closingTime></day><day><name>Sunday</name><openingTime>09:00</openingTime><closingTime>22:00</closingTime></day></operatingHours><onlineOrdering>true</onlineOrdering><loyaltyProgramEnabled>true</loyaltyProgramEnabled><driveThruAvailable>true</driveThruAvailable><language>Spanish</language><taxReference>8c7DcRDS</taxReference><operations /></restaurantConfig>