<restaurantConfig><name>wKkxjSfqhs</name><location><city>Albuquerque</city><zipcode>95299</zipcode></location><currency>USD</currency><timezone>EST</timezone><menu><category><name>Salads</name><item><name>Side Salad</name><price>3.34</price></item><item><name>Bacon Ranch Salad</name><price>4.51</price></item></category><category><name>Snacks &amp; Sides</name><item><name>Apple Slices</name><price>1.56</price></item><item><name>French Fries</name><price>5.26</price></item></category></menu><employees><employee><name>k3ocu5CH</name><position>Manager</position><hourlyWage>17.88</hourlyWage></employee><employee><name>YuWNiImv</name><position>Waiter</position><hourlyWage>9.13</hourlyWage></employee><employee><name>WaoteqUX</name><position>Cashier</position><hourlyWage>13.52</hourlyWage></employee><employee><name>AVzzW0A0</name><position>Waiter</position><hourlyWage>18.48</hourlyWage></employee><employee><name>XAJEhz4q</name><position>Cashier</position><hourlyWage>17.2</hourlyWage></employee><employee><name>QqMgoMmU</name><position>Cashier</position><hourlyWage>10.03</hourlyWage></employee><employee><name>zlPBP5wV</name><position>Waiter</position><hourlyWage>10.67</hourlyWage></employee><employee><name>NwFZfwBG</name><position>Cook</position><hourlyWage>12.85</hourlyWage></employee><employee><name>ri5KtECi</name><position>Manager</position><hourlyWage>16.96</hourlyWage></employee><employee><name>Q9RoLyrK</name><position>Waiter</position><hourlyWage>10.32</hourlyWage></employee></employees><operatingHours><day><name>Monday</name><openingTime>09:00</openingTime><closingTime>22:00</closingTime></day><day><name>Tuesday</name><openingTime>09:00</openingTime><closingTime>22:00</closingTime></day><day><name>Wednesday</name><openingTime>09:00</openingTime><closingTime>22:00</closingTime></day><day><name>Thursday</name><openingTime>09:00</openingTime><closingTime>22:00</closingTime></day><day><name>Friday</name><openingTime>09:00</openingTime><closingTime>22:00</closingTime></day><day><name>Saturday</name><openingTime>09:00</openingTime><closingTime>22:00</closingTime></day><day><name>Sunday</name><openingTime>09:00</openingTime><closingTime>22:00</closingTime></day></operatingHours><onlineOrdering>false</onlineOrdering><loyaltyProgramEnabled>true</loyaltyProgramEnabled><driveThruAvailable>true</driveThruAvailable><language>German</language><taxReference>G1s3kOQq</taxReference><operations /></restaurantConfig>