<restaurantConfig><name>BHfZ2Yqok6</name><location><city>Albuquerque</city><zipcode>16891</zipcode></location><currency>USD</currency><timezone>EST</timezone><menu><category><name>Burgers</name><item><name>McDouble</name><price>4.04</price></item><item><name>McChicken</name><price>3.22</price></item><item><name>Filet-O-Fish</name><price>4.48</price></item><item><name>Big Mac</name><price>5.39</price></item></category><category><name>Chicken &amp; Sandwiches</name><item><name>McChicken Deluxe</name><price>2.83</price></item><item><name>Buttermilk Crispy Chicken Sandwich</name><price>9.22</price></item><item><name>Spicy McChicken</name><price>4.1</price></item><item><name>Artisan Grilled Chicken Sandwich</name><price>5.19</price></item></category><category><name>Breakfast</name><item><name>Big Breakfast</name><price>6.29</price></item><item><name>Egg McMuffin</name><price>8.17</price></item></category><category><name>Snacks &amp; Sides</name><item><name>Apple Slices</name><price>4.62</price></item><item><name>French Fries</name><price>2.69</price></item><item><name>McNuggets</name><price>1.79</price></item></category></menu><employees><employee><name>uGmEk5ga</name><position>Cook</position><hourlyWage>8.09</hourlyWage></employee></employees><operatingHours><day><name>Monday</name><openingTime>09:00</openingTime><closingTime>22:00</closingTime></day><day><name>Tuesday</name><openingTime>09:00</openingTime><closingTime>22:00</closingTime></day><day><name>Wednesday</name><openingTime>09:00</openingTime><closingTime>22:00</closingTime></day><day><name>Thursday</name><openingTime>09:00</openingTime><closingTime>22:00</closingTime></day><day><name>Friday</name><openingTime>09:00</openingTime><closingTime>22:00</closingTime></day><day><name>Saturday</name><openingTime>09:00</openingTime><closingTime>22:00</closingTime></day><day><name>Sunday</name><openingTime>09:00</openingTime><closingTime>22:00</closingTime></day></operatingHours><onlineOrdering>true</onlineOrdering><loyaltyProgramEnabled>true</loyaltyProgramEnabled><driveThruAvailable>true</driveThruAvailable><language>Spanish</language><taxReference>Z4eQv1XD</taxReference><operations /></restaurantConfig>