<restaurantConfig><name>ECOnp5v0wo</name><location><city>Miami</city><zipcode>55509</zipcode></location><currency>USD</currency><timezone>EST</timezone><menu><category><name>Burgers</name><item><name>Filet-O-Fish</name><price>8.36</price></item></category><category><name>Chicken &amp; Sandwiches</name><item><name>Artisan Grilled Chicken Sandwich</name><price>8.14</price></item><item><name>Spicy McChicken</name><price>1.65</price></item><item><name>Buttermilk Crispy Chicken Sandwich</name><price>2.02</price></item></category><category><name>Breakfast</name><item><name>Hotcakes</name><price>5.88</price></item><item><name>Sausage McMuffin</name><price>9.47</price></item><item><name>Hash Browns</name><price>6.86</price></item><item><name>Big Breakfast</name><price>8.03</price></item><item><name>Egg McMuffin</name><price>3.72</price></item></category><category><name>Snacks &amp; Sides</name><item><name>French Fries</name><price>9.94</price></item><item><name>McNuggets</name><price>6.2</price></item></category></menu><employees><employee><name>ietJipQr</name><position>Manager</position><hourlyWage>16.23</hourlyWage></employee><employee><name>iQOIKTuP</name><position>Cashier</position><hourlyWage>14.41</hourlyWage></employee><employee><name>KbQ1T3yt</name><position>Cook</position><hourlyWage>19.05</hourlyWage></employee><employee><name>ExzH0DOS</name><position>Cook</position><hourlyWage>19.06</hourlyWage></employee><employee><name>n2Yd0BIY</name><position>Manager</position><hourlyWage>14.21</hourlyWage></employee><employee><name>iCOUhGWQ</name><position>Manager</position><hourlyWage>14.43</hourlyWage></employee><employee><name>a1IIaLYE</name><position>Cashier</position><hourlyWage>19.5</hourlyWage></employee><employee><name>onRCPbb0</name><position>Waiter</position><hourlyWage>12.46</hourlyWage></employee></employees><operatingHours><day><name>Monday</name><openingTime>09:00</openingTime><closingTime>22:00</closingTime></day><day><name>Tuesday</name><openingTime>09:00</openingTime><closingTime>22:00</closingTime></day><day><name>Wednesday</name><openingTime>09:00</openingTime><closingTime>22:00</closingTime></day><day><name>Thursday</name><openingTime>09:00</openingTime><closingTime>22:00</closingTime></day><day><name>Friday</name><openingTime>09:00</openingTime><closingTime>22:00</closingTime></day><day><name>Saturday</name><openingTime>09:00</openingTime><closingTime>22:00</closingTime></day><day><name>Sunday</name><openingTime>09:00</openingTime><closingTime>22:00</closingTime></day></operatingHours><onlineOrdering>true</onlineOrdering><loyaltyProgramEnabled>false</loyaltyProgramEnabled><driveThruAvailable>true</driveThruAvailable><language>French</language><taxReference>Rjg8XMHr</taxReference><operations /></restaurantConfig>