<restaurantConfig><name>chqamtVwdj</name><location><city>Portland</city><zipcode>49622</zipcode></location><currency>USD</currency><timezone>EST</timezone><menu><category><name>Burgers</name><item><name>Quarter Pounder with Cheese</name><price>4.08</price></item><item><name>McDouble</name><price>4.92</price></item><item><name>Filet-O-Fish</name><price>7.86</price></item><item><name>Big Mac</name><price>7.93</price></item></category><category><name>Chicken &amp; Sandwiches</name><item><name>McChicken Deluxe</name><price>6.93</price></item><item><name>Buttermilk Crispy Chicken Sandwich</name><price>1.36</price></item><item><name>Spicy McChicken</name><price>2.91</price></item><item><name>Artisan Grilled Chicken Sandwich</name><price>7.94</price></item></category><category><name>Breakfast</name><item><name>Sausage McMuffin</name><price>3.44</price></item><item><name>Big Breakfast</name><price>2.27</price></item></category></menu><employees><employee><name>hbyro2nl</name><position>Manager</position><hourlyWage>10.0</hourlyWage></employee></employees><operatingHours><day><name>Monday</name><openingTime>09:00</openingTime><closingTime>22:00</closingTime></day><day><name>Tuesday</name><openingTime>09:00</openingTime><closingTime>22:00</closingTime></day><day><name>Wednesday</name><openingTime>09:00</openingTime><closingTime>22:00</closingTime></day><day><name>Thursday</name><openingTime>09:00</openingTime><closingTime>22:00</closingTime></day><day><name>Friday</name><openingTime>09:00</openingTime><closingTime>22:00</closingTime></day><day><name>Saturday</name><openingTime>09:00</openingTime><closingTime>22:00</closingTime></day><day><name>Sunday</name><openingTime>09:00</openingTime><closingTime>22:00</closingTime></day></operatingHours><onlineOrdering>false</onlineOrdering><loyaltyProgramEnabled>false</loyaltyProgramEnabled><driveThruAvailable>true</driveThruAvailable><language>French</language><taxReference>qfREMaPp</taxReference><operations /></restaurantConfig>