<restaurantConfig><name>G52VzrhqQm</name><location><city>Detroit</city><zipcode>77129</zipcode></location><currency>USD</currency><timezone>EST</timezone><menu><category><name>Burgers</name><item><name>McDouble</name><price>7.98</price></item></category><category><name>Salads</name><item><name>Bacon Ranch Salad</name><price>8.75</price></item><item><name>Side Salad</name><price>8.26</price></item><item><name>Southwest Grilled Chicken Salad</name><price>3.75</price></item></category><category><name>Breakfast</name><item><name>Hash Browns</name><price>7.72</price></item></category></menu><employees><employee><name>WiZb1IjD</name><position>Cook</position><hourlyWage>17.0</hourlyWage></employee><employee><name>6aDyipeU</name><position>Manager</position><hourlyWage>18.74</hourlyWage></employee><employee><name>zWylXttO</name><position>Cashier</position><hourlyWage>8.45</hourlyWage></employee><employee><name>3W90RNT9</name><position>Waiter</position><hourlyWage>13.89</hourlyWage></employee><employee><name>yuCsF3Wt</name><position>Waiter</position><hourlyWage>18.76</hourlyWage></employee></employees><operatingHours><day><name>Monday</name><openingTime>09:00</openingTime><closingTime>22:00</closingTime></day><day><name>Tuesday</name><openingTime>09:00</openingTime><closingTime>22:00</closingTime></day><day><name>Wednesday</name><openingTime>09:00</openingTime><closingTime>22:00</closingTime></day><day><name>Thursday</name><openingTime>09:00</openingTime><closingTime>22:00</closingTime></day><day><name>Friday</name><openingTime>09:00</openingTime><closingTime>22:00</closingTime></day><day><name>Saturday</name><openingTime>09:00</openingTime><closingTime>22:00</closingTime></day><day><name>Sunday</name><openingTime>09:00</openingTime><closingTime>22:00</closingTime></day></operatingHours><onlineOrdering>false</onlineOrdering><loyaltyProgramEnabled>true</loyaltyProgramEnabled><driveThruAvailable>true</driveThruAvailable><language>English</language><taxReference>Jw3pzRMe</taxReference><operations /></restaurantConfig>