<restaurantConfig><name>eYG4qU1GVh</name><location><city>Colorado Springs</city><zipcode>11556</zipcode></location><currency>USD</currency><timezone>EST</timezone><menu><category><name>Burgers</name><item><name>Quarter Pounder with Cheese</name><price>5.29</price></item><item><name>Filet-O-Fish</name><price>4.2</price></item><item><name>McChicken</name><price>4.96</price></item></category><category><name>Chicken &amp; Sandwiches</name><item><name>Buttermilk Crispy Chicken Sandwich</name><price>6.78</price></item><item><name>McChicken Deluxe</name><price>6.57</price></item><item><name>Spicy McChicken</name><price>8.28</price></item></category><category><name>Salads</name><item><name>Bacon Ranch Salad</name><price>7.94</price></item></category></menu><employees><employee><name>1DxS6vj9</name><position>Waiter</position><hourlyWage>9.4</hourlyWage></employee><employee><name>XffCSLzu</name><position>Manager</position><hourlyWage>13.04</hourlyWage></employee><employee><name>Fu8RTYYf</name><position>Manager</position><hourlyWage>13.69</hourlyWage></employee><employee><name>l3G8oD63</name><position>Manager</position><hourlyWage>9.75</hourlyWage></employee><employee><name>FIM7rrLh</name><position>Cook</position><hourlyWage>15.77</hourlyWage></employee><employee><name>3THkZAXY</name><position>Cook</position><hourlyWage>9.66</hourlyWage></employee><employee><name>r6meVFY4</name><position>Cook</position><hourlyWage>13.32</hourlyWage></employee><employee><name>fx7Wdtnr</name><position>Cashier</position><hourlyWage>14.31</hourlyWage></employee></employees><operatingHours><day><name>Monday</name><openingTime>09:00</openingTime><closingTime>22:00</closingTime></day><day><name>Tuesday</name><openingTime>09:00</openingTime><closingTime>22:00</closingTime></day><day><name>Wednesday</name><openingTime>09:00</openingTime><closingTime>22:00</closingTime></day><day><name>Thursday</name><openingTime>09:00</openingTime><closingTime>22:00</closingTime></day><day><name>Friday</name><openingTime>09:00</openingTime><closingTime>22:00</closingTime></day><day><name>Saturday</name><openingTime>09:00</openingTime><closingTime>22:00</closingTime></day><day><name>Sunday</name><openingTime>09:00</openingTime><closingTime>22:00</closingTime></day></operatingHours><onlineOrdering>false</onlineOrdering><loyaltyProgramEnabled>true</loyaltyProgramEnabled><driveThruAvailable>true</driveThruAvailable><language>French</language><taxReference>YoslRhap</taxReference><operations /></restaurantConfig>