<restaurantConfig><name>JBRXX4T2PC</name><location><city>San Francisco</city><zipcode>54986</zipcode></location><currency>USD</currency><timezone>EST</timezone><menu><category><name>Burgers</name><item><name>Filet-O-Fish</name><price>5.11</price></item><item><name>Quarter Pounder with Cheese</name><price>4.11</price></item><item><name>McChicken</name><price>8.58</price></item><item><name>Big Mac</name><price>8.79</price></item></category><category><name>Chicken &amp; Sandwiches</name><item><name>Spicy McChicken</name><price>1.51</price></item><item><name>Artisan Grilled Chicken Sandwich</name><price>4.55</price></item><item><name>Buttermilk Crispy Chicken Sandwich</name><price>6.92</price></item></category><category><name>Breakfast</name><item><name>Big Breakfast</name><price>2.27</price></item><item><name>Egg McMuffin</name><price>9.05</price></item></category></menu><employees><employee><name>NOoeulDY</name><position>Cook</position><hourlyWage>15.54</hourlyWage></employee><employee><name>IgLPaGkL</name><position>Cook</position><hourlyWage>13.29</hourlyWage></employee><employee><name>VtIVKG8M</name><position>Cook</position><hourlyWage>14.89</hourlyWage></employee><employee><name>imZ0VG4W</name><position>Cashier</position><hourlyWage>10.06</hourlyWage></employee><employee><name>Cj0mqBBH</name><position>Cook</position><hourlyWage>14.58</hourlyWage></employee><employee><name>8Fyc77uL</name><position>Manager</position><hourlyWage>13.19</hourlyWage></employee></employees><operatingHours><day><name>Monday</name><openingTime>09:00</openingTime><closingTime>22:00</closingTime></day><day><name>Tuesday</name><openingTime>09:00</openingTime><closingTime>22:00</closingTime></day><day><name>Wednesday</name><openingTime>09:00</openingTime><closingTime>22:00</closingTime></day><day><name>Thursday</name><openingTime>09:00</openingTime><closingTime>22:00</closingTime></day><day><name>Friday</name><openingTime>09:00</openingTime><closingTime>22:00</closingTime></day><day><name>Saturday</name><openingTime>09:00</openingTime><closingTime>22:00</closingTime></day><day><name>Sunday</name><openingTime>09:00</openingTime><closingTime>22:00</closingTime></day></operatingHours><onlineOrdering>true</onlineOrdering><loyaltyProgramEnabled>true</loyaltyProgramEnabled><driveThruAvailable>true</driveThruAvailable><language>English</language><taxReference>SE8um2CK</taxReference><operations /></restaurantConfig>