<restaurantConfig><name>hMNDWi38di</name><location><city>Seattle</city><zipcode>89639</zipcode></location><currency>USD</currency><timezone>EST</timezone><menu><category><name>Burgers</name><item><name>Filet-O-Fish</name><price>2.98</price></item><item><name>Big Mac</name><price>8.14</price></item><item><name>Quarter Pounder with Cheese</name><price>8.39</price></item></category><category><name>Chicken &amp; Sandwiches</name><item><name>Buttermilk Crispy Chicken Sandwich</name><price>8.65</price></item><item><name>McChicken Deluxe</name><price>5.8</price></item><item><name>Spicy McChicken</name><price>4.16</price></item><item><name>Artisan Grilled Chicken Sandwich</name><price>3.89</price></item></category><category><name>Salads</name><item><name>Southwest Grilled Chicken Salad</name><price>5.3</price></item><item><name>Bacon Ranch Salad</name><price>1.11</price></item></category><category><name>Breakfast</name><item><name>Egg McMuffin</name><price>9.34</price></item></category><category><name>Snacks &amp; Sides</name><item><name>McNuggets</name><price>9.54</price></item><item><name>Apple Slices</name><price>7.61</price></item></category></menu><employees><employee><name>MNpRy0QD</name><position>Cook</position><hourlyWage>15.29</hourlyWage></employee><employee><name>2dJxFXUs</name><position>Manager</position><hourlyWage>13.96</hourlyWage></employee><employee><name>t5foiuo3</name><position>Cashier</position><hourlyWage>9.36</hourlyWage></employee><employee><name>V9V5RMKr</name><position>Cashier</position><hourlyWage>15.87</hourlyWage></employee></employees><operatingHours><day><name>Monday</name><openingTime>09:00</openingTime><closingTime>22:00</closingTime></day><day><name>Tuesday</name><openingTime>09:00</openingTime><closingTime>22:00</closingTime></day><day><name>Wednesday</name><openingTime>09:00</openingTime><closingTime>22:00</closingTime></day><day><name>Thursday</name><openingTime>09:00</openingTime><closingTime>22:00</closingTime></day><day><name>Friday</name><openingTime>09:00</openingTime><closingTime>22:00</closingTime></day><day><name>Saturday</name><openingTime>09:00</openingTime><closingTime>22:00</closingTime></day><day><name>Sunday</name><openingTime>09:00</openingTime><closingTime>22:00</closingTime></day></operatingHours><onlineOrdering>true</onlineOrdering><loyaltyProgramEnabled>false</loyaltyProgramEnabled><driveThruAvailable>true</driveThruAvailable><language>French</language><taxReference>OHTHdfoU</taxReference><operations /></restaurantConfig>