<restaurantConfig><name>4IrHkOdWF2</name><location><city>Nashville</city><zipcode>34337</zipcode></location><currency>USD</currency><timezone>EST</timezone><menu><category><name>Salads</name><item><name>Bacon Ranch Salad</name><price>4.56</price></item><item><name>Side Salad</name><price>5.74</price></item><item><name>Southwest Grilled Chicken Salad</name><price>9.57</price></item></category></menu><employees><employee><name>bdV84qhp</name><position>Waiter</position><hourlyWage>13.02</hourlyWage></employee><employee><name>wDnLcC8D</name><position>Cook</position><hourlyWage>15.77</hourlyWage></employee><employee><name>gwgviVF0</name><position>Waiter</position><hourlyWage>14.75</hourlyWage></employee><employee><name>GCUs8lEt</name><position>Cook</position><hourlyWage>9.52</hourlyWage></employee><employee><name>2u9AMby2</name><position>Cashier</position><hourlyWage>18.41</hourlyWage></employee><employee><name>w6CPvP4H</name><position>Cashier</position><hourlyWage>19.1</hourlyWage></employee><employee><name>asrsumwf</name><position>Manager</position><hourlyWage>14.47</hourlyWage></employee></employees><operatingHours><day><name>Monday</name><openingTime>09:00</openingTime><closingTime>22:00</closingTime></day><day><name>Tuesday</name><openingTime>09:00</openingTime><closingTime>22:00</closingTime></day><day><name>Wednesday</name><openingTime>09:00</openingTime><closingTime>22:00</closingTime></day><day><name>Thursday</name><openingTime>09:00</openingTime><closingTime>22:00</closingTime></day><day><name>Friday</name><openingTime>09:00</openingTime><closingTime>22:00</closingTime></day><day><name>Saturday</name><openingTime>09:00</openingTime><closingTime>22:00</closingTime></day><day><name>Sunday</name><openingTime>09:00</openingTime><closingTime>22:00</closingTime></day></operatingHours><onlineOrdering>false</onlineOrdering><loyaltyProgramEnabled>false</loyaltyProgramEnabled><driveThruAvailable>true</driveThruAvailable><language>French</language><taxReference>I6iqZCwk</taxReference><operations /></restaurantConfig>