<restaurantConfig><name>XO5gUeoRj8</name><location><city>Virginia Beach</city><zipcode>76172</zipcode></location><currency>USD</currency><timezone>EST</timezone><menu><category><name>Burgers</name><item><name>Quarter Pounder with Cheese</name><price>5.86</price></item><item><name>Filet-O-Fish</name><price>5.77</price></item><item><name>McDouble</name><price>1.82</price></item></category><category><name>Chicken &amp; Sandwiches</name><item><name>McChicken Deluxe</name><price>3.48</price></item><item><name>Buttermilk Crispy Chicken Sandwich</name><price>3.59</price></item></category><category><name>Salads</name><item><name>Side Salad</name><price>4.28</price></item></category><category><name>Snacks &amp; Sides</name><item><name>Apple Slices</name><price>4.26</price></item></category></menu><employees><employee><name>2upoAsAZ</name><position>Cashier</position><hourlyWage>9.06</hourlyWage></employee><employee><name>48MVpxko</name><position>Cashier</position><hourlyWage>12.11</hourlyWage></employee><employee><name>8SaFdpD2</name><position>Waiter</position><hourlyWage>14.15</hourlyWage></employee><employee><name>uusGqsCo</name><position>Manager</position><hourlyWage>14.25</hourlyWage></employee><employee><name>0uxKGF9T</name><position>Cook</position><hourlyWage>9.35</hourlyWage></employee><employee><name>DqfAt7Fe</name><position>Waiter</position><hourlyWage>8.31</hourlyWage></employee><employee><name>oNqGc2gh</name><position>Cashier</position><hourlyWage>16.46</hourlyWage></employee><employee><name>10ED2KBJ</name><position>Waiter</position><hourlyWage>19.29</hourlyWage></employee><employee><name>ev4mMpmu</name><position>Cashier</position><hourlyWage>18.84</hourlyWage></employee></employees><operatingHours><day><name>Monday</name><openingTime>09:00</openingTime><closingTime>22:00</closingTime></day><day><name>Tuesday</name><openingTime>09:00</openingTime><closingTime>22:00</closingTime></day><day><name>Wednesday</name><openingTime>09:00</openingTime><closingTime>22:00</closingTime></day><day><name>Thursday</name><openingTime>09:00</openingTime><closingTime>22:00</closingTime></day><day><name>Friday</name><openingTime>09:00</openingTime><closingTime>22:00</closingTime></day><day><name>Saturday</name><openingTime>09:00</openingTime><closingTime>22:00</closingTime></day><day><name>Sunday</name><openingTime>09:00</openingTime><closingTime>22:00</closingTime></day></operatingHours><onlineOrdering>true</onlineOrdering><loyaltyProgramEnabled>false</loyaltyProgramEnabled><driveThruAvailable>false</driveThruAvailable><language>Spanish</language><taxReference>kLzIkBSK</taxReference><operations /></restaurantConfig>