<restaurantConfig><name>y4mtyRLCUB</name><location><city>San Diego</city><zipcode>41215</zipcode></location><currency>USD</currency><timezone>EST</timezone><menu><category><name>Chicken &amp; Sandwiches</name><item><name>Spicy McChicken</name><price>4.67</price></item></category><category><name>Snacks &amp; Sides</name><item><name>French Fries</name><price>7.5</price></item><item><name>McNuggets</name><price>9.25</price></item></category></menu><employees><employee><name>dAEn3H8b</name><position>Cashier</position><hourlyWage>17.39</hourlyWage></employee><employee><name>VPQ6Hmoe</name><position>Cook</position><hourlyWage>12.1</hourlyWage></employee><employee><name>i86NAwZx</name><position>Manager</position><hourlyWage>12.39</hourlyWage></employee><employee><name>yE5TmOIS</name><position>Waiter</position><hourlyWage>18.01</hourlyWage></employee></employees><operatingHours><day><name>Monday</name><openingTime>09:00</openingTime><closingTime>22:00</closingTime></day><day><name>Tuesday</name><openingTime>09:00</openingTime><closingTime>22:00</closingTime></day><day><name>Wednesday</name><openingTime>09:00</openingTime><closingTime>22:00</closingTime></day><day><name>Thursday</name><openingTime>09:00</openingTime><closingTime>22:00</closingTime></day><day><name>Friday</name><openingTime>09:00</openingTime><closingTime>22:00</closingTime></day><day><name>Saturday</name><openingTime>09:00</openingTime><closingTime>22:00</closingTime></day><day><name>Sunday</name><openingTime>09:00</openingTime><closingTime>22:00</closingTime></day></operatingHours><onlineOrdering>false</onlineOrdering><loyaltyProgramEnabled>true</loyaltyProgramEnabled><driveThruAvailable>true</driveThruAvailable><language>English</language><taxReference>bNG4kPfV</taxReference><operations /></restaurantConfig>