<restaurantConfig><name>4cC3hjLrl8</name><location><city>Columbus</city><zipcode>19089</zipcode></location><currency>USD</currency><timezone>EST</timezone><menu><category><name>Burgers</name><item><name>McChicken</name><price>9.6</price></item><item><name>Filet-O-Fish</name><price>6.76</price></item><item><name>Quarter Pounder with Cheese</name><price>1.46</price></item></category><category><name>Chicken &amp; Sandwiches</name><item><name>Artisan Grilled Chicken Sandwich</name><price>1.04</price></item><item><name>Spicy McChicken</name><price>8.81</price></item><item><name>Buttermilk Crispy Chicken Sandwich</name><price>7.99</price></item><item><name>McChicken Deluxe</name><price>3.7</price></item></category><category><name>Snacks &amp; Sides</name><item><name>French Fries</name><price>2.62</price></item><item><name>Apple Slices</name><price>1.29</price></item></category></menu><employees><employee><name>7sC6Vfxa</name><position>Waiter</position><hourlyWage>17.02</hourlyWage></employee><employee><name>OoqCjwJ2</name><position>Waiter</position><hourlyWage>11.59</hourlyWage></employee></employees><operatingHours><day><name>Monday</name><openingTime>09:00</openingTime><closingTime>22:00</closingTime></day><day><name>Tuesday</name><openingTime>09:00</openingTime><closingTime>22:00</closingTime></day><day><name>Wednesday</name><openingTime>09:00</openingTime><closingTime>22:00</closingTime></day><day><name>Thursday</name><openingTime>09:00</openingTime><closingTime>22:00</closingTime></day><day><name>Friday</name><openingTime>09:00</openingTime><closingTime>22:00</closingTime></day><day><name>Saturday</name><openingTime>09:00</openingTime><closingTime>22:00</closingTime></day><day><name>Sunday</name><openingTime>09:00</openingTime><closingTime>22:00</closingTime></day></operatingHours><onlineOrdering>true</onlineOrdering><loyaltyProgramEnabled>true</loyaltyProgramEnabled><driveThruAvailable>false</driveThruAvailable><language>French</language><taxReference>xtPxBlHX</taxReference><operations /></restaurantConfig>