<restaurantConfig><name>v9kIDCfk5Y</name><location><city>Boston</city><zipcode>39859</zipcode></location><currency>USD</currency><timezone>EST</timezone><menu><category><name>Burgers</name><item><name>Quarter Pounder with Cheese</name><price>2.88</price></item><item><name>Big Mac</name><price>5.2</price></item><item><name>McDouble</name><price>6.91</price></item><item><name>Filet-O-Fish</name><price>7.09</price></item></category><category><name>Salads</name><item><name>Side Salad</name><price>1.8</price></item></category><category><name>Breakfast</name><item><name>Egg McMuffin</name><price>2.4</price></item><item><name>Hotcakes</name><price>4.91</price></item></category><category><name>Snacks &amp; Sides</name><item><name>French Fries</name><price>2.77</price></item><item><name>Apple Slices</name><price>4.62</price></item><item><name>McNuggets</name><price>3.88</price></item></category></menu><employees><employee><name>gIYxVYj9</name><position>Waiter</position><hourlyWage>12.44</hourlyWage></employee><employee><name>0e3JhfkB</name><position>Cashier</position><hourlyWage>12.6</hourlyWage></employee><employee><name>Ap0MierJ</name><position>Manager</position><hourlyWage>19.13</hourlyWage></employee><employee><name>Y5ytaW3K</name><position>Cashier</position><hourlyWage>8.75</hourlyWage></employee><employee><name>taqNSwOw</name><position>Cashier</position><hourlyWage>17.39</hourlyWage></employee></employees><operatingHours><day><name>Monday</name><openingTime>09:00</openingTime><closingTime>22:00</closingTime></day><day><name>Tuesday</name><openingTime>09:00</openingTime><closingTime>22:00</closingTime></day><day><name>Wednesday</name><openingTime>09:00</openingTime><closingTime>22:00</closingTime></day><day><name>Thursday</name><openingTime>09:00</openingTime><closingTime>22:00</closingTime></day><day><name>Friday</name><openingTime>09:00</openingTime><closingTime>22:00</closingTime></day><day><name>Saturday</name><openingTime>09:00</openingTime><closingTime>22:00</closingTime></day><day><name>Sunday</name><openingTime>09:00</openingTime><closingTime>22:00</closingTime></day></operatingHours><onlineOrdering>true</onlineOrdering><loyaltyProgramEnabled>false</loyaltyProgramEnabled><driveThruAvailable>false</driveThruAvailable><language>English</language><taxReference>9ko2Ej3p</taxReference><operations /></restaurantConfig>