<restaurantConfig><name>pgclMc3nLu</name><location><city>Mesa</city><zipcode>13889</zipcode></location><currency>USD</currency><timezone>EST</timezone><menu><category><name>Chicken &amp; Sandwiches</name><item><name>Artisan Grilled Chicken Sandwich</name><price>9.36</price></item><item><name>Spicy McChicken</name><price>3.27</price></item><item><name>Buttermilk Crispy Chicken Sandwich</name><price>2.06</price></item><item><name>McChicken Deluxe</name><price>2.61</price></item></category><category><name>Snacks &amp; Sides</name><item><name>Apple Slices</name><price>9.97</price></item><item><name>McNuggets</name><price>8.91</price></item><item><name>French Fries</name><price>1.39</price></item></category></menu><employees><employee><name>5Zn8tVj6</name><position>Waiter</position><hourlyWage>8.32</hourlyWage></employee><employee><name>TS6hb36r</name><position>Cashier</position><hourlyWage>17.36</hourlyWage></employee><employee><name>rURr3oki</name><position>Manager</position><hourlyWage>16.02</hourlyWage></employee><employee><name>4kfpHwws</name><position>Cashier</position><hourlyWage>12.66</hourlyWage></employee><employee><name>XJPs6zYp</name><position>Manager</position><hourlyWage>15.44</hourlyWage></employee><employee><name>Fkrlu9dH</name><position>Cashier</position><hourlyWage>9.4</hourlyWage></employee></employees><operatingHours><day><name>Monday</name><openingTime>09:00</openingTime><closingTime>22:00</closingTime></day><day><name>Tuesday</name><openingTime>09:00</openingTime><closingTime>22:00</closingTime></day><day><name>Wednesday</name><openingTime>09:00</openingTime><closingTime>22:00</closingTime></day><day><name>Thursday</name><openingTime>09:00</openingTime><closingTime>22:00</closingTime></day><day><name>Friday</name><openingTime>09:00</openingTime><closingTime>22:00</closingTime></day><day><name>Saturday</name><openingTime>09:00</openingTime><closingTime>22:00</closingTime></day><day><name>Sunday</name><openingTime>09:00</openingTime><closingTime>22:00</closingTime></day></operatingHours><onlineOrdering>false</onlineOrdering><loyaltyProgramEnabled>false</loyaltyProgramEnabled><driveThruAvailable>true</driveThruAvailable><language>Spanish</language><taxReference>eZmobvSa</taxReference><operations /></restaurantConfig>