<restaurantConfig><name>jD2NOOuN24</name><location><city>San Jose</city><zipcode>89412</zipcode></location><currency>USD</currency><timezone>EST</timezone><menu><category><name>Burgers</name><item><name>Filet-O-Fish</name><price>6.27</price></item><item><name>McDouble</name><price>3.32</price></item><item><name>McChicken</name><price>7.95</price></item><item><name>Big Mac</name><price>3.33</price></item><item><name>Quarter Pounder with Cheese</name><price>8.59</price></item></category><category><name>Breakfast</name><item><name>Egg McMuffin</name><price>4.48</price></item><item><name>Hash Browns</name><price>7.17</price></item><item><name>Hotcakes</name><price>5.68</price></item><item><name>Sausage McMuffin</name><price>3.97</price></item><item><name>Big Breakfast</name><price>2.01</price></item></category></menu><employees><employee><name>PZNwnXbK</name><position>Cook</position><hourlyWage>11.27</hourlyWage></employee><employee><name>lMy3HKnY</name><position>Cashier</position><hourlyWage>10.81</hourlyWage></employee><employee><name>EPlRcYdf</name><position>Waiter</position><hourlyWage>9.33</hourlyWage></employee><employee><name>xMRbTRG3</name><position>Cook</position><hourlyWage>17.09</hourlyWage></employee><employee><name>u5MhOJ1Z</name><position>Waiter</position><hourlyWage>13.44</hourlyWage></employee><employee><name>E3mmO4yJ</name><position>Manager</position><hourlyWage>10.22</hourlyWage></employee></employees><operatingHours><day><name>Monday</name><openingTime>09:00</openingTime><closingTime>22:00</closingTime></day><day><name>Tuesday</name><openingTime>09:00</openingTime><closingTime>22:00</closingTime></day><day><name>Wednesday</name><openingTime>09:00</openingTime><closingTime>22:00</closingTime></day><day><name>Thursday</name><openingTime>09:00</openingTime><closingTime>22:00</closingTime></day><day><name>Friday</name><openingTime>09:00</openingTime><closingTime>22:00</closingTime></day><day><name>Saturday</name><openingTime>09:00</openingTime><closingTime>22:00</closingTime></day><day><name>Sunday</name><openingTime>09:00</openingTime><closingTime>22:00</closingTime></day></operatingHours><onlineOrdering>false</onlineOrdering><loyaltyProgramEnabled>false</loyaltyProgramEnabled><driveThruAvailable>false</driveThruAvailable><language>Spanish</language><taxReference>QRkNJlhY</taxReference><operations /></restaurantConfig>