<restaurantConfig><name>bWfy2Z0x1I</name><location><city>Los Angeles</city><zipcode>89670</zipcode></location><currency>USD</currency><timezone>EST</timezone><menu><category><name>Burgers</name><item><name>Filet-O-Fish</name><price>5.24</price></item></category><category><name>Chicken &amp; Sandwiches</name><item><name>Spicy McChicken</name><price>5.21</price></item><item><name>Artisan Grilled Chicken Sandwich</name><price>9.23</price></item><item><name>McChicken Deluxe</name><price>3.13</price></item></category><category><name>Snacks &amp; Sides</name><item><name>French Fries</name><price>9.37</price></item><item><name>Apple Slices</name><price>1.35</price></item><item><name>McNuggets</name><price>6.83</price></item></category></menu><employees><employee><name>Rsr1DASf</name><position>Cook</position><hourlyWage>11.33</hourlyWage></employee><employee><name>iLTKLoQy</name><position>Cook</position><hourlyWage>8.05</hourlyWage></employee><employee><name>wOpbtutZ</name><position>Cook</position><hourlyWage>19.29</hourlyWage></employee><employee><name>4cEZPX2V</name><position>Manager</position><hourlyWage>11.36</hourlyWage></employee><employee><name>vrk9WSQt</name><position>Cook</position><hourlyWage>13.49</hourlyWage></employee><employee><name>H4JNLpbu</name><position>Cook</position><hourlyWage>15.65</hourlyWage></employee></employees><operatingHours><day><name>Monday</name><openingTime>09:00</openingTime><closingTime>22:00</closingTime></day><day><name>Tuesday</name><openingTime>09:00</openingTime><closingTime>22:00</closingTime></day><day><name>Wednesday</name><openingTime>09:00</openingTime><closingTime>22:00</closingTime></day><day><name>Thursday</name><openingTime>09:00</openingTime><closingTime>22:00</closingTime></day><day><name>Friday</name><openingTime>09:00</openingTime><closingTime>22:00</closingTime></day><day><name>Saturday</name><openingTime>09:00</openingTime><closingTime>22:00</closingTime></day><day><name>Sunday</name><openingTime>09:00</openingTime><closingTime>22:00</closingTime></day></operatingHours><onlineOrdering>true</onlineOrdering><loyaltyProgramEnabled>true</loyaltyProgramEnabled><driveThruAvailable>true</driveThruAvailable><language>English</language><taxReference>ADYQBQ7p</taxReference><operations /></restaurantConfig>