<restaurantConfig><name>HzyzQoGvNR</name><location><city>Louisville</city><zipcode>61138</zipcode></location><currency>USD</currency><timezone>EST</timezone><menu><category><name>Chicken &amp; Sandwiches</name><item><name>Artisan Grilled Chicken Sandwich</name><price>7.37</price></item><item><name>Buttermilk Crispy Chicken Sandwich</name><price>3.63</price></item><item><name>Spicy McChicken</name><price>7.19</price></item><item><name>McChicken Deluxe</name><price>2.42</price></item></category><category><name>Breakfast</name><item><name>Egg McMuffin</name><price>7.01</price></item><item><name>Hotcakes</name><price>7.74</price></item><item><name>Sausage McMuffin</name><price>3.86</price></item><item><name>Hash Browns</name><price>8.29</price></item><item><name>Big Breakfast</name><price>8.64</price></item></category></menu><employees><employee><name>9qTJ6n1T</name><position>Cook</position><hourlyWage>11.29</hourlyWage></employee><employee><name>baXUgr8l</name><position>Manager</position><hourlyWage>15.34</hourlyWage></employee><employee><name>PymZqS7s</name><position>Cashier</position><hourlyWage>10.5</hourlyWage></employee><employee><name>2iN84jkr</name><position>Waiter</position><hourlyWage>11.48</hourlyWage></employee><employee><name>pmK6lDDj</name><position>Manager</position><hourlyWage>10.82</hourlyWage></employee><employee><name>WfI9NCmv</name><position>Cashier</position><hourlyWage>19.37</hourlyWage></employee><employee><name>Hd0HT3UY</name><position>Waiter</position><hourlyWage>10.27</hourlyWage></employee><employee><name>LzHyzGV7</name><position>Cook</position><hourlyWage>17.04</hourlyWage></employee><employee><name>YCw3EpKy</name><position>Manager</position><hourlyWage>14.71</hourlyWage></employee></employees><operatingHours><day><name>Monday</name><openingTime>09:00</openingTime><closingTime>22:00</closingTime></day><day><name>Tuesday</name><openingTime>09:00</openingTime><closingTime>22:00</closingTime></day><day><name>Wednesday</name><openingTime>09:00</openingTime><closingTime>22:00</closingTime></day><day><name>Thursday</name><openingTime>09:00</openingTime><closingTime>22:00</closingTime></day><day><name>Friday</name><openingTime>09:00</openingTime><closingTime>22:00</closingTime></day><day><name>Saturday</name><openingTime>09:00</openingTime><closingTime>22:00</closingTime></day><day><name>Sunday</name><openingTime>09:00</openingTime><closingTime>22:00</closingTime></day></operatingHours><onlineOrdering>true</onlineOrdering><loyaltyProgramEnabled>true</loyaltyProgramEnabled><driveThruAvailable>true</driveThruAvailable><language>Spanish</language><taxReference>S0QCXaVS</taxReference><operations /></restaurantConfig>