<restaurantConfig><name>xAlc8oJWK9</name><location><city>San Diego</city><zipcode>77922</zipcode></location><currency>USD</currency><timezone>EST</timezone><menu><category><name>Breakfast</name><item><name>Egg McMuffin</name><price>1.35</price></item></category></menu><employees><employee><name>cclIjAR4</name><position>Cook</position><hourlyWage>9.83</hourlyWage></employee><employee><name>mEITibRz</name><position>Cook</position><hourlyWage>14.14</hourlyWage></employee><employee><name>RySbjrEO</name><position>Manager</position><hourlyWage>13.21</hourlyWage></employee><employee><name>YubBkwj0</name><position>Manager</position><hourlyWage>12.06</hourlyWage></employee><employee><name>4SBqskRH</name><position>Manager</position><hourlyWage>13.13</hourlyWage></employee></employees><operatingHours><day><name>Monday</name><openingTime>09:00</openingTime><closingTime>22:00</closingTime></day><day><name>Tuesday</name><openingTime>09:00</openingTime><closingTime>22:00</closingTime></day><day><name>Wednesday</name><openingTime>09:00</openingTime><closingTime>22:00</closingTime></day><day><name>Thursday</name><openingTime>09:00</openingTime><closingTime>22:00</closingTime></day><day><name>Friday</name><openingTime>09:00</openingTime><closingTime>22:00</closingTime></day><day><name>Saturday</name><openingTime>09:00</openingTime><closingTime>22:00</closingTime></day><day><name>Sunday</name><openingTime>09:00</openingTime><closingTime>22:00</closingTime></day></operatingHours><onlineOrdering>false</onlineOrdering><loyaltyProgramEnabled>true</loyaltyProgramEnabled><driveThruAvailable>true</driveThruAvailable><language>German</language><taxReference>DTxrq2TT</taxReference><operations /></restaurantConfig>