<restaurantConfig><name>nzQtgnGhhE</name><location><city>Portland</city><zipcode>63240</zipcode></location><currency>USD</currency><timezone>EST</timezone><menu><category><name>Chicken &amp; Sandwiches</name><item><name>Spicy McChicken</name><price>5.58</price></item><item><name>McChicken Deluxe</name><price>9.91</price></item><item><name>Artisan Grilled Chicken Sandwich</name><price>1.34</price></item><item><name>Buttermilk Crispy Chicken Sandwich</name><price>2.21</price></item></category><category><name>Snacks &amp; Sides</name><item><name>French Fries</name><price>1.05</price></item><item><name>McNuggets</name><price>9.61</price></item></category></menu><employees><employee><name>MDjKrrl8</name><position>Manager</position><hourlyWage>13.88</hourlyWage></employee><employee><name>9bXb75lc</name><position>Waiter</position><hourlyWage>11.35</hourlyWage></employee><employee><name>uVl4Oh1Z</name><position>Cashier</position><hourlyWage>17.14</hourlyWage></employee><employee><name>hiIavKLO</name><position>Cashier</position><hourlyWage>16.56</hourlyWage></employee><employee><name>9EKD1LsG</name><position>Cook</position><hourlyWage>16.51</hourlyWage></employee><employee><name>3z66yLML</name><position>Manager</position><hourlyWage>11.23</hourlyWage></employee><employee><name>E7GsE4V8</name><position>Cook</position><hourlyWage>13.11</hourlyWage></employee><employee><name>MGYU8poV</name><position>Waiter</position><hourlyWage>12.78</hourlyWage></employee><employee><name>lo2ifJxs</name><position>Cook</position><hourlyWage>12.56</hourlyWage></employee><employee><name>Fgbl5JVT</name><position>Cook</position><hourlyWage>12.09</hourlyWage></employee></employees><operatingHours><day><name>Monday</name><openingTime>09:00</openingTime><closingTime>22:00</closingTime></day><day><name>Tuesday</name><openingTime>09:00</openingTime><closingTime>22:00</closingTime></day><day><name>Wednesday</name><openingTime>09:00</openingTime><closingTime>22:00</closingTime></day><day><name>Thursday</name><openingTime>09:00</openingTime><closingTime>22:00</closingTime></day><day><name>Friday</name><openingTime>09:00</openingTime><closingTime>22:00</closingTime></day><day><name>Saturday</name><openingTime>09:00</openingTime><closingTime>22:00</closingTime></day><day><name>Sunday</name><openingTime>09:00</openingTime><closingTime>22:00</closingTime></day></operatingHours><onlineOrdering>false</onlineOrdering><loyaltyProgramEnabled>true</loyaltyProgramEnabled><driveThruAvailable>true</driveThruAvailable><language>Spanish</language><taxReference>JGmrP7Wx</taxReference><operations /></restaurantConfig>