<restaurantConfig><name>LZxnNh97Lf</name><location><city>Oklahoma City</city><zipcode>85256</zipcode></location><currency>USD</currency><timezone>EST</timezone><menu><category><name>Salads</name><item><name>Bacon Ranch Salad</name><price>2.77</price></item><item><name>Southwest Grilled Chicken Salad</name><price>4.65</price></item></category><category><name>Breakfast</name><item><name>Egg McMuffin</name><price>6.15</price></item><item><name>Big Breakfast</name><price>9.39</price></item></category></menu><employees><employee><name>ZSc1FNW4</name><position>Manager</position><hourlyWage>10.78</hourlyWage></employee><employee><name>Bi5GUv9q</name><position>Cook</position><hourlyWage>10.29</hourlyWage></employee><employee><name>KnEPCpjj</name><position>Cook</position><hourlyWage>13.11</hourlyWage></employee><employee><name>2csmkueP</name><position>Cook</position><hourlyWage>14.87</hourlyWage></employee><employee><name>98XlBWvk</name><position>Waiter</position><hourlyWage>17.42</hourlyWage></employee><employee><name>miIgaMKo</name><position>Cook</position><hourlyWage>15.52</hourlyWage></employee><employee><name>1cW7VwdJ</name><position>Waiter</position><hourlyWage>17.23</hourlyWage></employee><employee><name>9e5CYNT0</name><position>Cashier</position><hourlyWage>17.07</hourlyWage></employee><employee><name>AaO5xlSf</name><position>Cashier</position><hourlyWage>8.75</hourlyWage></employee><employee><name>Z8GsZ0go</name><position>Waiter</position><hourlyWage>11.9</hourlyWage></employee></employees><operatingHours><day><name>Monday</name><openingTime>09:00</openingTime><closingTime>22:00</closingTime></day><day><name>Tuesday</name><openingTime>09:00</openingTime><closingTime>22:00</closingTime></day><day><name>Wednesday</name><openingTime>09:00</openingTime><closingTime>22:00</closingTime></day><day><name>Thursday</name><openingTime>09:00</openingTime><closingTime>22:00</closingTime></day><day><name>Friday</name><openingTime>09:00</openingTime><closingTime>22:00</closingTime></day><day><name>Saturday</name><openingTime>09:00</openingTime><closingTime>22:00</closingTime></day><day><name>Sunday</name><openingTime>09:00</openingTime><closingTime>22:00</closingTime></day></operatingHours><onlineOrdering>true</onlineOrdering><loyaltyProgramEnabled>true</loyaltyProgramEnabled><driveThruAvailable>true</driveThruAvailable><language>German</language><taxReference>LIZVoWBg</taxReference><operations /></restaurantConfig>