<restaurantConfig><name>kLL4Poq2XR</name><location><city>Dallas</city><zipcode>71373</zipcode></location><currency>USD</currency><timezone>EST</timezone><menu><category><name>Chicken &amp; Sandwiches</name><item><name>McChicken Deluxe</name><price>6.38</price></item><item><name>Artisan Grilled Chicken Sandwich</name><price>6.76</price></item><item><name>Buttermilk Crispy Chicken Sandwich</name><price>2.98</price></item></category></menu><employees><employee><name>vgaw0bS4</name><position>Cashier</position><hourlyWage>10.59</hourlyWage></employee><employee><name>QlW7bQsc</name><position>Cashier</position><hourlyWage>13.17</hourlyWage></employee><employee><name>qkwDAee0</name><position>Cashier</position><hourlyWage>12.67</hourlyWage></employee><employee><name>EaICXtXG</name><position>Waiter</position><hourlyWage>15.72</hourlyWage></employee><employee><name>8lFhL5Y9</name><position>Cashier</position><hourlyWage>17.0</hourlyWage></employee><employee><name>EQkJZRdb</name><position>Cook</position><hourlyWage>8.13</hourlyWage></employee><employee><name>p8FNOQUY</name><position>Cashier</position><hourlyWage>8.17</hourlyWage></employee><employee><name>L704Rzzs</name><position>Cook</position><hourlyWage>16.26</hourlyWage></employee><employee><name>3KmzJ3qi</name><position>Cook</position><hourlyWage>9.41</hourlyWage></employee></employees><operatingHours><day><name>Monday</name><openingTime>09:00</openingTime><closingTime>22:00</closingTime></day><day><name>Tuesday</name><openingTime>09:00</openingTime><closingTime>22:00</closingTime></day><day><name>Wednesday</name><openingTime>09:00</openingTime><closingTime>22:00</closingTime></day><day><name>Thursday</name><openingTime>09:00</openingTime><closingTime>22:00</closingTime></day><day><name>Friday</name><openingTime>09:00</openingTime><closingTime>22:00</closingTime></day><day><name>Saturday</name><openingTime>09:00</openingTime><closingTime>22:00</closingTime></day><day><name>Sunday</name><openingTime>09:00</openingTime><closingTime>22:00</closingTime></day></operatingHours><onlineOrdering>true</onlineOrdering><loyaltyProgramEnabled>true</loyaltyProgramEnabled><driveThruAvailable>false</driveThruAvailable><language>German</language><taxReference>2MPOYJvR</taxReference><operations /></restaurantConfig>