<restaurantConfig><name>5NX5GTJeXZ</name><location><city>New York</city><zipcode>20811</zipcode></location><currency>USD</currency><timezone>EST</timezone><menu><category><name>Salads</name><item><name>Bacon Ranch Salad</name><price>3.48</price></item><item><name>Side Salad</name><price>2.64</price></item></category><category><name>Breakfast</name><item><name>Big Breakfast</name><price>8.69</price></item><item><name>Hotcakes</name><price>3.34</price></item><item><name>Egg McMuffin</name><price>4.87</price></item></category><category><name>Snacks &amp; Sides</name><item><name>French Fries</name><price>3.21</price></item><item><name>Apple Slices</name><price>3.79</price></item><item><name>McNuggets</name><price>2.07</price></item></category></menu><employees><employee><name>3jxUuOn3</name><position>Cashier</position><hourlyWage>13.86</hourlyWage></employee><employee><name>Vt6TvQU6</name><position>Cook</position><hourlyWage>17.1</hourlyWage></employee><employee><name>boTiNMLr</name><position>Waiter</position><hourlyWage>8.82</hourlyWage></employee></employees><operatingHours><day><name>Monday</name><openingTime>09:00</openingTime><closingTime>22:00</closingTime></day><day><name>Tuesday</name><openingTime>09:00</openingTime><closingTime>22:00</closingTime></day><day><name>Wednesday</name><openingTime>09:00</openingTime><closingTime>22:00</closingTime></day><day><name>Thursday</name><openingTime>09:00</openingTime><closingTime>22:00</closingTime></day><day><name>Friday</name><openingTime>09:00</openingTime><closingTime>22:00</closingTime></day><day><name>Saturday</name><openingTime>09:00</openingTime><closingTime>22:00</closingTime></day><day><name>Sunday</name><openingTime>09:00</openingTime><closingTime>22:00</closingTime></day></operatingHours><onlineOrdering>true</onlineOrdering><loyaltyProgramEnabled>false</loyaltyProgramEnabled><driveThruAvailable>true</driveThruAvailable><language>German</language><taxReference>zfGxauhk</taxReference><operations /></restaurantConfig>