<restaurantConfig><name>d3tYoWkMSv</name><location><city>Chicago</city><zipcode>27177</zipcode></location><currency>USD</currency><timezone>EST</timezone><menu><category><name>Chicken &amp; Sandwiches</name><item><name>Spicy McChicken</name><price>3.07</price></item></category><category><name>Breakfast</name><item><name>Egg McMuffin</name><price>8.82</price></item></category></menu><employees><employee><name>XY2OUArj</name><position>Cashier</position><hourlyWage>11.17</hourlyWage></employee><employee><name>gFz3D4Wz</name><position>Manager</position><hourlyWage>15.36</hourlyWage></employee><employee><name>V0ckR7qn</name><position>Cashier</position><hourlyWage>14.88</hourlyWage></employee><employee><name>TocXbp7p</name><position>Cashier</position><hourlyWage>16.28</hourlyWage></employee><employee><name>hVVuhn2U</name><position>Cashier</position><hourlyWage>12.89</hourlyWage></employee><employee><name>GPxhY37P</name><position>Cook</position><hourlyWage>17.34</hourlyWage></employee><employee><name>oVSFb0Ec</name><position>Waiter</position><hourlyWage>11.73</hourlyWage></employee></employees><operatingHours><day><name>Monday</name><openingTime>09:00</openingTime><closingTime>22:00</closingTime></day><day><name>Tuesday</name><openingTime>09:00</openingTime><closingTime>22:00</closingTime></day><day><name>Wednesday</name><openingTime>09:00</openingTime><closingTime>22:00</closingTime></day><day><name>Thursday</name><openingTime>09:00</openingTime><closingTime>22:00</closingTime></day><day><name>Friday</name><openingTime>09:00</openingTime><closingTime>22:00</closingTime></day><day><name>Saturday</name><openingTime>09:00</openingTime><closingTime>22:00</closingTime></day><day><name>Sunday</name><openingTime>09:00</openingTime><closingTime>22:00</closingTime></day></operatingHours><onlineOrdering>true</onlineOrdering><loyaltyProgramEnabled>true</loyaltyProgramEnabled><driveThruAvailable>true</driveThruAvailable><language>Spanish</language><taxReference>0QmFUt3P</taxReference><operations /></restaurantConfig>