<restaurantConfig><name>BzpUaBszbS</name><location><city>Columbus</city><zipcode>53226</zipcode></location><currency>USD</currency><timezone>EST</timezone><menu><category><name>Chicken &amp; Sandwiches</name><item><name>Spicy McChicken</name><price>1.14</price></item><item><name>Artisan Grilled Chicken Sandwich</name><price>3.32</price></item><item><name>McChicken Deluxe</name><price>7.02</price></item></category><category><name>Breakfast</name><item><name>Big Breakfast</name><price>1.36</price></item></category></menu><employees><employee><name>gpMtCmSV</name><position>Cook</position><hourlyWage>16.22</hourlyWage></employee><employee><name>Tb242e13</name><position>Waiter</position><hourlyWage>13.24</hourlyWage></employee><employee><name>CSM2Q0HF</name><position>Manager</position><hourlyWage>11.33</hourlyWage></employee><employee><name>cG4NHIux</name><position>Cook</position><hourlyWage>16.31</hourlyWage></employee><employee><name>Vj8ZWRJ7</name><position>Cashier</position><hourlyWage>17.84</hourlyWage></employee><employee><name>mrLWCze5</name><position>Cook</position><hourlyWage>16.52</hourlyWage></employee><employee><name>euN0BLG1</name><position>Cook</position><hourlyWage>18.82</hourlyWage></employee><employee><name>uHqjSMy1</name><position>Cashier</position><hourlyWage>17.48</hourlyWage></employee></employees><operatingHours><day><name>Monday</name><openingTime>09:00</openingTime><closingTime>22:00</closingTime></day><day><name>Tuesday</name><openingTime>09:00</openingTime><closingTime>22:00</closingTime></day><day><name>Wednesday</name><openingTime>09:00</openingTime><closingTime>22:00</closingTime></day><day><name>Thursday</name><openingTime>09:00</openingTime><closingTime>22:00</closingTime></day><day><name>Friday</name><openingTime>09:00</openingTime><closingTime>22:00</closingTime></day><day><name>Saturday</name><openingTime>09:00</openingTime><closingTime>22:00</closingTime></day><day><name>Sunday</name><openingTime>09:00</openingTime><closingTime>22:00</closingTime></day></operatingHours><onlineOrdering>true</onlineOrdering><loyaltyProgramEnabled>false</loyaltyProgramEnabled><driveThruAvailable>true</driveThruAvailable><language>English</language><taxReference>7i9pPL1l</taxReference><operations /></restaurantConfig>