<restaurantConfig><name>ArzEz2Skae</name><location><city>Tucson</city><zipcode>90239</zipcode></location><currency>USD</currency><timezone>EST</timezone><menu><category><name>Burgers</name><item><name>McDouble</name><price>4.77</price></item><item><name>McChicken</name><price>2.92</price></item></category><category><name>Snacks &amp; Sides</name><item><name>French Fries</name><price>9.36</price></item><item><name>McNuggets</name><price>9.33</price></item></category></menu><employees><employee><name>h0bfpt95</name><position>Waiter</position><hourlyWage>15.48</hourlyWage></employee><employee><name>hy01V5dZ</name><position>Waiter</position><hourlyWage>11.97</hourlyWage></employee></employees><operatingHours><day><name>Monday</name><openingTime>09:00</openingTime><closingTime>22:00</closingTime></day><day><name>Tuesday</name><openingTime>09:00</openingTime><closingTime>22:00</closingTime></day><day><name>Wednesday</name><openingTime>09:00</openingTime><closingTime>22:00</closingTime></day><day><name>Thursday</name><openingTime>09:00</openingTime><closingTime>22:00</closingTime></day><day><name>Friday</name><openingTime>09:00</openingTime><closingTime>22:00</closingTime></day><day><name>Saturday</name><openingTime>09:00</openingTime><closingTime>22:00</closingTime></day><day><name>Sunday</name><openingTime>09:00</openingTime><closingTime>22:00</closingTime></day></operatingHours><onlineOrdering>false</onlineOrdering><loyaltyProgramEnabled>true</loyaltyProgramEnabled><driveThruAvailable>false</driveThruAvailable><language>English</language><taxReference>uAPz4y4c</taxReference><operations /></restaurantConfig>