<restaurantConfig><name>kihDcPFFyx</name><location><city>Minneapolis</city><zipcode>11810</zipcode></location><currency>USD</currency><timezone>EST</timezone><menu><category><name>Breakfast</name><item><name>Hotcakes</name><price>3.37</price></item></category></menu><employees><employee><name>Jt4A9nKE</name><position>Waiter</position><hourlyWage>11.41</hourlyWage></employee><employee><name>Vk1Y3sDS</name><position>Cook</position><hourlyWage>10.13</hourlyWage></employee><employee><name>fEOylbvX</name><position>Waiter</position><hourlyWage>19.38</hourlyWage></employee><employee><name>GtyDmMp5</name><position>Cook</position><hourlyWage>15.25</hourlyWage></employee><employee><name>4oj5IdqT</name><position>Cook</position><hourlyWage>16.81</hourlyWage></employee><employee><name>5zFktdGQ</name><position>Waiter</position><hourlyWage>17.22</hourlyWage></employee><employee><name>S7jJna6q</name><position>Cook</position><hourlyWage>16.28</hourlyWage></employee><employee><name>nn2wTcGt</name><position>Manager</position><hourlyWage>12.61</hourlyWage></employee></employees><operatingHours><day><name>Monday</name><openingTime>09:00</openingTime><closingTime>22:00</closingTime></day><day><name>Tuesday</name><openingTime>09:00</openingTime><closingTime>22:00</closingTime></day><day><name>Wednesday</name><openingTime>09:00</openingTime><closingTime>22:00</closingTime></day><day><name>Thursday</name><openingTime>09:00</openingTime><closingTime>22:00</closingTime></day><day><name>Friday</name><openingTime>09:00</openingTime><closingTime>22:00</closingTime></day><day><name>Saturday</name><openingTime>09:00</openingTime><closingTime>22:00</closingTime></day><day><name>Sunday</name><openingTime>09:00</openingTime><closingTime>22:00</closingTime></day></operatingHours><onlineOrdering>true</onlineOrdering><loyaltyProgramEnabled>true</loyaltyProgramEnabled><driveThruAvailable>true</driveThruAvailable><language>English</language><taxReference>OcURIagO</taxReference><operations /></restaurantConfig>